name,email,customer_id,customer_name,financial_status,fulfillment_status,accepts_marketing,currency,subtotal,shipping,taxes,total,discount_code,discount_amount,shipping_method,created_at,lineitem_quantity,lineitem_name,lineitem_price,lineitem_sku,lineitem_discount,billing_city,billing_province,billing_country,shipping_city,shipping_province,shipping_country,payment_method,refunded_amount,vendor,risk_level,source
#44051427229743,customer_001@example.com,1,Customer 001,,unfulfilled,yes,USD,60.0,44.97,0.0,104.97,,0.0,FedEx International Connect Plus®,2025-07-29 08:20:35 -0400,1,Expancity | Family Strategy City Building Game | 2-4 Players,60.0,BGZ110192,0,Barsha Heights,DU,AE,Barsha Heights,DU,AE,,,Breaking Games,Low,web
#44051287375919,customer_002@example.com,2,Customer 002,,unfulfilled,no,USD,2.0,0.0,0.0,2.0,,0.0,,2025-07-29 07:01:34 -0400,1,Sparkle*Kitty Princess Palette Card,2.0,BGZ110342,0,,,,,,,,,Breaking Games,Low,web
#44051150536751,customer_003@example.com,3,Customer 003,,unfulfilled,no,USD,2.0,0.0,0.0,2.0,,0.0,,2025-07-29 05:35:03 -0400,1,Sparkle*Kitty Princess Palette Card,2.0,BGZ110342,0,,,,,,,,,Breaking Games,Low,web
#44050970542127,customer_004@example.com,4,Customer 004,,unfulfilled,no,USD,2.0,0.0,0.0,2.0,,0.0,,2025-07-29 03:26:34 -0400,1,Sparkle*Kitty Princess Palette Card,2.0,BGZ110342,0,,,,,,,,,Breaking Games,Low,web
#44050929483823,customer_005@example.com,5,Customer 005,,unfulfilled,no,USD,2.0,0.0,0.0,2.0,,0.0,,2025-07-29 02:59:07 -0400,1,Sparkle*Kitty Princess Palette Card,2.0,BGZ110342,0,,,,,,,,,Breaking Games,Low,web
#44050926698543,customer_006@example.com,6,Customer 006,,unfulfilled,no,USD,2.0,0.0,0.0,2.0,,0.0,,2025-07-29 02:57:07 -0400,1,Sparkle*Kitty Princess Palette Card,2.0,BGZ110342,0,,,,,,,,,Breaking Games,Low,web
#44050887737391,customer_007@example.com,7,Customer 007,,unfulfilled,no,USD,2.0,0.0,0.0,2.0,,0.0,,2025-07-29 02:31:02 -0400,1,Sparkle*Kitty Princess Palette Card,2.0,BGZ110342,0,,,,,,,,,Breaking Games,Low,web
#44050835505199,customer_008@example.com,8,Customer 008,,unfulfilled,no,USD,2.0,0.0,0.0,2.0,,0.0,,2025-07-29 01:55:31 -0400,1,Sparkle*Kitty Princess Palette Card,2.0,BGZ110342,0,,,,,,,,,Breaking Games,Low,web
#44050801393711,customer_009@example.com,9,Customer 009,,unfulfilled,no,USD,2.0,0.0,0.0,2.0,,0.0,,2025-07-29 01:33:35 -0400,1,Sparkle*Kitty Princess Palette Card,2.0,BGZ110342,0,,,,,,,,,Breaking Games,Low,web
#44050778652719,customer_010@example.com,10,Customer 010,,unfulfilled,no,USD,2.0,0.0,0.0,2.0,,0.0,,2025-07-29 01:19:01 -0400,1,Sparkle*Kitty Princess Palette Card,2.0,BGZ110342,0,,,,,,,,,Breaking Games,Low,web
#44050704400431,customer_011@example.com,11,Customer 011,,unfulfilled,no,USD,2.0,0.0,0.0,2.0,,0.0,,2025-07-29 00:32:35 -0400,1,Sparkle*Kitty Princess Palette Card,2.0,BGZ110342,0,,,,,,,,,Breaking Games,Low,web
#44050697748527,customer_012@example.com,12,Customer 012,,unfulfilled,no,USD,2.0,0.0,0.0,2.0,,0.0,,2025-07-29 00:29:01 -0400,1,Sparkle*Kitty Princess Palette Card,2.0,BGZ110342,0,,,,,,,,,Breaking Games,Low,web
#44050560122927,customer_013@example.com,13,Customer 013,,unfulfilled,no,USD,2.0,0.0,0.0,2.0,,0.0,,2025-07-28 23:14:31 -0400,1,Sparkle*Kitty Princess Palette Card,2.0,BGZ110342,0,,,,,,,,,Breaking Games,Low,web
#44050550816815,customer_014@example.com,14,Customer 014,,unfulfilled,no,USD,2.0,0.0,0.0,2.0,,0.0,,2025-07-28 23:09:35 -0400,1,Sparkle*Kitty Princess Palette Card,2.0,BGZ110342,0,,,,,,,,,Breaking Games,Low,web
#44050516115503,customer_015@example.com,15,Customer 015,,unfulfilled,no,USD,2.0,0.0,0.0,2.0,,0.0,,2025-07-28 22:53:35 -0400,1,Sparkle*Kitty Princess Palette Card,2.0,BGZ110342,0,,,,,,,,,Breaking Games,Low,web
#44050475614255,customer_016@example.com,16,Customer 016,,unfulfilled,no,USD,2.0,0.0,0.0,2.0,,0.0,,2025-07-28 22:34:05 -0400,1,Sparkle*Kitty Princess Palette Card,2.0,BGZ110342,0,,,,,,,,,Breaking Games,Low,web
#44050444746799,customer_017@example.com,17,Customer 017,,unfulfilled,no,USD,2.0,0.0,0.0,2.0,,0.0,,2025-07-28 22:20:07 -0400,1,Sparkle*Kitty Princess Palette Card,2.0,BGZ110342,0,,,,,,,,,Breaking Games,Low,web
#44050282971183,customer_018@example.com,18,Customer 018,,unfulfilled,no,USD,2.0,0.0,0.0,2.0,,0.0,,2025-07-28 21:11:02 -0400,1,Sparkle*Kitty Princess Palette Card,2.0,BGZ110342,0,,,,,,,,,Breaking Games,Low,web
#44050270257199,customer_019@example.com,19,Customer 019,,unfulfilled,no,USD,2.0,0.0,0.0,2.0,,0.0,,2025-07-28 21:05:03 -0400,1,Sparkle*Kitty Princess Palette Card,2.0,BGZ110342,0,,,,,,,,,Breaking Games,Low,web
#44050208423983,customer_020@example.com,20,Customer 020,,unfulfilled,no,USD,2.0,0.0,0.0,2.0,,0.0,,2025-07-28 20:36:01 -0400,1,Sparkle*Kitty Princess Palette Card,2.0,BGZ110342,0,,,,,,,,,Breaking Games,Low,web
#44050043764783,customer_021@example.com,21,Customer 021,,unfulfilled,no,USD,2.0,0.0,0.0,2.0,,0.0,,2025-07-28 19:17:00 -0400,1,Sparkle*Kitty Princess Palette Card,2.0,BGZ110342,0,,,,,,,,,Breaking Games,Low,web
#44050030264367,customer_022@example.com,22,Customer 022,,unfulfilled,no,USD,2.0,0.0,0.0,2.0,,0.0,,2025-07-28 19:10:36 -0400,1,Sparkle*Kitty Princess Palette Card,2.0,BGZ110342,0,,,,,,,,,Breaking Games,Low,web
#44050019254319,customer_023@example.com,23,Customer 023,,unfulfilled,no,USD,2.0,0.0,0.0,2.0,,0.0,,2025-07-28 19:04:31 -0400,1,Sparkle*Kitty Princess Palette Card,2.0,BGZ110342,0,,,,,,,,,Breaking Games,Low,web
#44050002968623,customer_024@example.com,24,Customer 024,,unfulfilled,no,USD,2.0,0.0,0.0,2.0,,0.0,,2025-07-28 18:56:34 -0400,1,Sparkle*Kitty Princess Palette Card,2.0,BGZ110342,0,,,,,,,,,Breaking Games,Low,web
#44049921474607,customer_025@example.com,25,Customer 025,,unfulfilled,no,USD,2.0,0.0,0.0,2.0,,0.0,,2025-07-28 18:18:34 -0400,1,Sparkle*Kitty Princess Palette Card,2.0,BGZ110342,0,,,,,,,,,Breaking Games,Low,web
#44049799839791,customer_026@example.com,26,Customer 026,,unfulfilled,no,USD,2.0,0.0,0.0,2.0,,0.0,,2025-07-28 17:24:05 -0400,1,Sparkle*Kitty Princess Palette Card,2.0,BGZ110342,0,,,,,,,,,Breaking Games,Low,web
#44049767235631,customer_027@example.com,27,Customer 027,,unfulfilled,no,USD,2.0,0.0,0.0,2.0,,0.0,,2025-07-28 17:10:03 -0400,1,Sparkle*Kitty Princess Palette Card,2.0,BGZ110342,0,,,,,,,,,Breaking Games,Low,web
#44049638064175,customer_028@example.com,28,Customer 028,,unfulfilled,no,USD,2.0,0.0,0.0,2.0,,0.0,,2025-07-28 16:16:02 -0400,1,Sparkle*Kitty Princess Palette Card,2.0,BGZ110342,0,,,,,,,,,Breaking Games,Low,web
#44049610571823,customer_029@example.com,29,Customer 029,,unfulfilled,no,USD,2.0,0.0,0.0,2.0,,0.0,,2025-07-28 16:05:06 -0400,1,Sparkle*Kitty Princess Palette Card,2.0,BGZ110342,0,,,,,,,,,Breaking Games,Low,web
#44049583603759,customer_030@example.com,30,Customer 030,,unfulfilled,no,USD,2.0,0.0,0.0,2.0,,0.0,,2025-07-28 15:53:33 -0400,1,Sparkle*Kitty Princess Palette Card,2.0,BGZ110342,0,,,,,,,,,Breaking Games,Low,web
#44049523081263,customer_031@example.com,31,Customer 031,,unfulfilled,no,USD,2.0,0.0,0.0,2.0,,0.0,,2025-07-28 15:30:33 -0400,1,Sparkle*Kitty Princess Palette Card,2.0,BGZ110342,0,,,,,,,,,Breaking Games,Low,web
#44049474453551,customer_032@example.com,32,Customer 032,,unfulfilled,no,USD,2.0,0.0,0.0,2.0,,0.0,,2025-07-28 15:11:38 -0400,1,Sparkle*Kitty Princess Palette Card,2.0,BGZ110342,0,,,,,,,,,Breaking Games,Low,web
#44049398693935,customer_033@example.com,33,Customer 033,,unfulfilled,no,USD,2.0,0.0,0.0,2.0,,0.0,,2025-07-28 14:43:32 -0400,1,Sparkle*Kitty Princess Palette Card,2.0,BGZ110342,0,,,,,,,,,Breaking Games,Low,web
#44049230495791,customer_034@example.com,34,Customer 034,,unfulfilled,no,USD,2.0,0.0,0.0,2.0,,0.0,,2025-07-28 13:44:04 -0400,1,Sparkle*Kitty Princess Palette Card,2.0,BGZ110342,0,,,,,,,,,Breaking Games,Low,web
#44049082646575,customer_035@example.com,35,Customer 035,,unfulfilled,yes,USD,6.99,0.0,0.49,7.48,,0.0,,2025-07-28 12:54:39 -0400,1,Dwellings of Eldervale - Oracle Hex Tile,6.99,BGZ115833,0,villa rica,GA,US,,,,,,Breaking Games,Low,web
#44048805560367,customer_036@example.com,36,Customer 036,,unfulfilled,no,USD,2.0,0.0,0.0,2.0,,0.0,,2025-07-28 11:09:37 -0400,1,Sparkle*Kitty Princess Palette Card,2.0,BGZ110342,0,,,,,,,,,Breaking Games,Low,web
#44048739467311,customer_037@example.com,37,Customer 037,,unfulfilled,no,USD,2.0,0.0,0.0,2.0,,0.0,,2025-07-28 10:42:38 -0400,1,Sparkle*Kitty Princess Palette Card,2.0,BGZ110342,0,,,,,,,,,Breaking Games,Low,web
#44048104554543,customer_038@example.com,38,Customer 038,,unfulfilled,yes,USD,25.0,17.67,0.0,42.67,,0.0,Under 4lbs Fully Tracked,2025-07-28 04:59:34 -0400,1,Mansplaining | Family Party Card Game | 2+ Players,25.0,BGZ116250,0,Berlin,,DE,Berlin,,DE,,,Breaking Games,Low,web
#44047838019631,customer_039@example.com,39,Customer 039,,unfulfilled,no,USD,2.0,0.0,0.0,2.0,,0.0,,2025-07-28 01:48:03 -0400,1,Sparkle*Kitty Princess Palette Card,2.0,BGZ110342,0,,,,,,,,,Breaking Games,Low,web
#44047323037743,customer_040@example.com,40,Customer 040,,unfulfilled,yes,USD,106.96,24.38,0.0,131.34,,0.0,FedEx International Connect Plus®,2025-07-28 00:10:32 -0400,1,Dwellings of Eldervale - Wooden Upgrade Treasure and Trove Tokens,19.99,BGZ115354,0,Puebla,PUE,MX,Puebla,PUE,MX,,,Breaking Games,Low,web
#44047323037743,customer_040@example.com,40,Customer 040,,,,,,,,,,,,2025-07-28 00:10:32 -0400,1,Dwellings of Eldervale - Shapeshifter Mercenary Mini Expansion,9.99,BGZ115834,0,,,,,,,,,Breaking Games,,
#44047323037743,customer_040@example.com,40,Customer 040,,,,,,,,,,,,2025-07-28 00:10:32 -0400,1,Dwellings of Eldervale - Oracle Hex Tile,6.99,BGZ115833,0,,,,,,,,,Breaking Games,,
#44047323037743,customer_040@example.com,40,Customer 040,,,,,,,,,,,,2025-07-28 00:10:32 -0400,1,Dwellings of Eldervale - LEGENDARY Upgrade Kit,69.99,BGZ115836,0,,,,,,,,,Breaking Games,,
#44047600222255,customer_041@example.com,41,Customer 041,,unfulfilled,yes,USD,99.99,0.0,6.0,105.99,,0.0,Standard,2025-07-27 23:13:38 -0400,1,Dwellings of Eldervale 2nd Edition: Standard,99.99,BGZ115837,0,Piedmont,SC,US,Piedmont,SC,US,,,Breaking Games,Low,web
#44045974732847,customer_042@example.com,42,Customer 042,,unfulfilled,no,USD,2.0,0.0,0.0,2.0,,0.0,,2025-07-27 10:59:33 -0400,1,Sparkle*Kitty Princess Palette Card,2.0,BGZ110342,0,,,,,,,,,Breaking Games,Low,web
#44045807583279,customer_043@example.com,43,Customer 043,,unfulfilled,no,USD,2.0,0.0,0.0,2.0,,0.0,,2025-07-27 09:45:08 -0400,1,Sparkle*Kitty Princess Palette Card,2.0,BGZ110342,0,,,,,,,,,Breaking Games,Low,web
#44045787398191,customer_044@example.com,44,Customer 044,,unfulfilled,no,USD,2.0,0.0,0.0,2.0,,0.0,,2025-07-27 09:35:09 -0400,1,Sparkle*Kitty Princess Palette Card,2.0,BGZ110342,0,,,,,,,,,Breaking Games,Low,web
#44045759447087,customer_045@example.com,45,Customer 045,,unfulfilled,no,USD,2.0,0.0,0.0,2.0,,0.0,,2025-07-27 09:22:09 -0400,1,Sparkle*Kitty Princess Palette Card,2.0,BGZ110342,0,,,,,,,,,Breaking Games,Low,web
#44045565460527,customer_046@example.com,46,Customer 046,,unfulfilled,yes,USD,54.99,22.41,0.0,77.4,,0.0,Under 4lbs Fully Tracked,2025-07-27 07:43:03 -0400,1,We're Doomed: Meritocracy Expansion Pack | Party Game | 4-12 Players,19.99,BGZ117683,0,Ladenburg,,DE,Ladenburg,,DE,,,Breaking Games,Low,web
#44045565460527,customer_046@example.com,46,Customer 046,,,,,,,,,,,,2025-07-27 07:43:03 -0400,1,We're Doomed!,35.0,BGZ110345,0,,,,,,,,,Breaking Games,,
#44045408763951,customer_047@example.com,47,Customer 047,,unfulfilled,yes,USD,6.99,0.0,0.49,7.48,,0.0,,2025-07-27 06:03:08 -0400,1,Dwellings of Eldervale - Oracle Hex Tile,6.99,BGZ115833,0,villa rica,GA,US,,,,,,Breaking Games,Low,web
#44044248383535,customer_048@example.com,48,Customer 048,,unfulfilled,yes,USD,58.5,22.81,0.0,81.31,WELCOME10,6.5,FedEx International Connect Plus®,2025-07-26 17:34:36 -0400,1,Trellis,25.0,BGZ110039,0,Calgary,AB,CA,Calgary,AB,CA,,,Breaking Games,Low,web
#44044248383535,customer_048@example.com,48,Customer 048,,,,,,,,,,,,2025-07-26 17:34:36 -0400,2,MIXTAPE,20.0,BGZ110347,0,,,,,,,,,Breaking Games,,
#44041266069551,customer_049@example.com,49,Customer 049,,unfulfilled,yes,USD,19.99,9.92,0.0,29.91,,0.0,Under 4lbs Fully Tracked,2025-07-25 15:24:32 -0400,1,Dwellings of Eldervale - Wooden Upgrade Treasure and Trove Tokens,19.99,BGZ115354,0,Nam-gu,KR-29,KR,Nam-gu,KR-29,KR,,,Breaking Games,Low,web
#44039305429039,customer_050@example.com,50,Customer 050,,unfulfilled,yes,USD,80.99,29.42,0.0,110.41,WELCOME10,8.99,Under 4lbs Fully Tracked,2025-07-24 21:54:04 -0400,1,Dwellings of Eldervale - Wooden Upgrade Treasure and Trove Tokens,19.99,BGZ115354,0,Gimpo-si,KR-41,KR,Gimpo-si,KR-41,KR,Shopify Payments,,Breaking Games,Low,web
#44039305429039,customer_050@example.com,50,Customer 050,,,,,,,,,,,,2025-07-24 21:54:04 -0400,1,Dwellings of Eldervale - LEGENDARY Upgrade Kit,69.99,BGZ115836,0,,,,,,,,,Breaking Games,,
#44038126403631,customer_051@example.com,51,Customer 051,,unfulfilled,yes,USD,19.98,9.06,0.0,29.04,,0.0,Under 4lbs Fully Tracked,2025-07-24 13:07:36 -0400,1,Dwellings of Eldervale - Shapeshifter Mercenary Mini Expansion,9.99,BGZ115834,0,Mennecy,,FR,Mennecy,,FR,,,Breaking Games,Low,web
#44038126403631,customer_051@example.com,51,Customer 051,,,,,,,,,,,,2025-07-24 13:07:36 -0400,1,Dwellings of Eldervale - Minotaur Mercenary Mini Expansion,9.99,BGZ115360,0,,,,,,,,,Breaking Games,,
#44037034573871,customer_052@example.com,52,Customer 052,,unfulfilled,yes,USD,75.0,0.0,6.85,81.85,,0.0,Standard,2025-07-24 03:05:35 -0400,2,Trellis,25.0,BGZ110039,0,Mountain View,CA,US,Mountain View,CA,US,,,Breaking Games,Low,web
#44037034573871,customer_052@example.com,52,Customer 052,,,,,,,,,,,,2025-07-24 03:05:35 -0400,1,Something Wicked,25.0,BGZ110026,0,,,,,,,,,Breaking Games,,
#44036009656367,customer_053@example.com,53,Customer 053,,unfulfilled,yes,USD,60.0,0.0,4.65,64.65,,0.0,Standard,2025-07-23 17:00:20 -0400,1,Expancity | Family Strategy City Building Game | 2-4 Players,60.0,BGZ110192,0,Folsom,CA,US,Folsom,CA,US,,,Breaking Games,Low,web
#44034744385583,customer_054@example.com,54,Customer 054,,unfulfilled,yes,USD,6.99,0.0,0.49,7.48,,0.0,,2025-07-23 06:39:31 -0400,1,Rise of Tribes: The Mesa Hex Tile (Base Game Required),6.99,BGZ110793,0,villa rica,GA,US,,,,,,Breaking Games,Low,web
#44034448883759,customer_055@example.com,55,Customer 055,,unfulfilled,yes,USD,169.98,99.32,0.0,269.3,,0.0,FedEx International Connect Plus®,2025-07-23 03:06:01 -0400,1,Dwellings of Eldervale - LEGENDARY Upgrade Kit,69.99,BGZ115836,0,Jakarta Utara,JK,ID,Jakarta Utara,JK,ID,,,Breaking Games,Low,web
#44034448883759,customer_055@example.com,55,Customer 055,,,,,,,,,,,,2025-07-23 03:06:01 -0400,1,Dwellings of Eldervale 2nd Edition: Standard,99.99,BGZ115837,0,,,,,,,,,Breaking Games,,
#44033233027119,customer_056@example.com,56,Customer 056,,unfulfilled,yes,USD,35.0,0.0,2.17,37.17,,0.0,Standard,2025-07-22 15:48:06 -0400,1,We're Doomed!,35.0,BGZ110345,0,Brookings,SD,US,Brookings,SD,US,,,Breaking Games,Low,web
#44028784574511,customer_057@example.com,57,Customer 057,,unfulfilled,yes,USD,6.99,8.97,0.0,15.96,,0.0,Under 4lbs Fully Tracked,2025-07-20 22:55:10 -0400,1,Dwellings of Eldervale - Oracle Hex Tile,6.99,BGZ115833,0,Montréal,QC,CA,Montréal,QC,CA,,,Breaking Games,Low,web
#44028388442159,customer_058@example.com,58,Customer 058,,unfulfilled,no,USD,18.0,6.96,0.0,24.96,WELCOME10,2.0,USPS Ground Advantage,2025-07-20 19:11:08 -0400,1,MIXTAPE,20.0,BGZ110347,0,Middletown,DE,US,Middletown,DE,US,,,Breaking Games,Low,web
#44020850982959,customer_059@example.com,59,Customer 059,,unfulfilled,yes,USD,106.96,33.76,0.0,140.72,,0.0,FedEx International Connect Plus®,2025-07-17 22:40:01 -0400,1,Dwellings of Eldervale - Wooden Upgrade Treasure and Trove Tokens,19.99,BGZ115354,0,Forest Lake,QLD,AU,Forest Lake,QLD,AU,,,Breaking Games,Low,web
#44020850982959,customer_059@example.com,59,Customer 059,,,,,,,,,,,,2025-07-17 22:40:01 -0400,1,Dwellings of Eldervale - Shapeshifter Mercenary Mini Expansion,9.99,BGZ115834,0,,,,,,,,,Breaking Games,,
#44020850982959,customer_059@example.com,59,Customer 059,,,,,,,,,,,,2025-07-17 22:40:01 -0400,1,Dwellings of Eldervale - Oracle Hex Tile,6.99,BGZ115833,0,,,,,,,,,Breaking Games,,
#44020850982959,customer_059@example.com,59,Customer 059,,,,,,,,,,,,2025-07-17 22:40:01 -0400,1,Dwellings of Eldervale - LEGENDARY Upgrade Kit,69.99,BGZ115836,0,,,,,,,,,Breaking Games,,
#44020029980719,customer_060@example.com,60,Customer 060,,unfulfilled,yes,USD,89.99,0.0,5.62,95.61,WELCOME10,10.0,Standard,2025-07-17 15:50:07 -0400,1,Dwellings of Eldervale 2nd Edition: Standard,99.99,BGZ115837,0,Danvers,MA,US,Danvers,MA,US,,,Breaking Games,Low,web
#44019644694575,customer_061@example.com,61,Customer 061,,unfulfilled,no,USD,35.0,17.43,0.0,52.43,,0.0,Under 4lbs Fully Tracked,2025-07-17 12:58:03 -0400,1,We're Doomed!,35.0,BGZ110345,0,Abingdon,ENG,GB,Abingdon,ENG,GB,,,Breaking Games,Low,web
#44019121553455,customer_062@example.com,62,Customer 062,,unfulfilled,yes,USD,69.99,29.3,0.0,99.29,,0.0,Under 4lbs Fully Tracked,2025-07-17 08:57:06 -0400,1,Dwellings of Eldervale - LEGENDARY Upgrade Kit,69.99,BGZ115836,0,Barcelona,B,ES,Barcelona,B,ES,,,Breaking Games,Low,web
#44018929205295,customer_063@example.com,63,Customer 063,,unfulfilled,yes,USD,96.96,21.9,0.0,118.86,,0.0,Under 4lbs Fully Tracked,2025-07-17 07:00:36 -0400,1,Dwellings of Eldervale - Oracle Hex Tile,6.99,BGZ115833,0,Königswinter,,DE,Königswinter,,DE,,,Breaking Games,Low,web
#44018929205295,customer_063@example.com,63,Customer 063,,,,,,,,,,,,2025-07-17 07:00:36 -0400,1,Dwellings of Eldervale - Shapeshifter Mercenary Mini Expansion,9.99,BGZ115834,0,,,,,,,,,Breaking Games,,
#44018929205295,customer_063@example.com,63,Customer 063,,,,,,,,,,,,2025-07-17 07:00:36 -0400,1,Dwellings of Eldervale - Minotaur Mercenary Mini Expansion,9.99,BGZ115360,0,,,,,,,,,Breaking Games,,
#44018929205295,customer_063@example.com,63,Customer 063,,,,,,,,,,,,2025-07-17 07:00:36 -0400,1,Dwellings of Eldervale - LEGENDARY Upgrade Kit,69.99,BGZ115836,0,,,,,,,,,Breaking Games,,
#44017988861999,customer_064@example.com,64,Customer 064,,unfulfilled,yes,USD,96.96,33.82,0.0,130.78,,0.0,FedEx International Connect Plus®,2025-07-16 21:02:33 -0400,1,Dwellings of Eldervale - Minotaur Mercenary Mini Expansion,9.99,BGZ115360,0,Glendenning,NSW,AU,Glendenning,NSW,AU,,,Breaking Games,Low,web
#44017988861999,customer_064@example.com,64,Customer 064,,,,,,,,,,,,2025-07-16 21:02:33 -0400,1,Dwellings of Eldervale - Shapeshifter Mercenary Mini Expansion,9.99,BGZ115834,0,,,,,,,,,Breaking Games,,
#44017988861999,customer_064@example.com,64,Customer 064,,,,,,,,,,,,2025-07-16 21:02:33 -0400,1,Dwellings of Eldervale - Oracle Hex Tile,6.99,BGZ115833,0,,,,,,,,,Breaking Games,,
#44017988861999,customer_064@example.com,64,Customer 064,,,,,,,,,,,,2025-07-16 21:02:33 -0400,1,Dwellings of Eldervale - LEGENDARY Upgrade Kit,69.99,BGZ115836,0,,,,,,,,,Breaking Games,,
#44016902864943,customer_065@example.com,65,Customer 065,,unfulfilled,no,USD,20.0,6.96,2.27,29.23,,0.0,USPS Ground Advantage,2025-07-16 12:10:03 -0400,1,The Mandela Effect Game,10.0,BGZ110764,0,Ossining,NY,US,Ossining,NY,US,,,Breaking Games,Low,web
#44016902864943,customer_065@example.com,65,Customer 065,,,,,,,,,,,,2025-07-16 12:10:03 -0400,1,Stripes | Family-Friendly Pattern Recognition Card Games | 2-6 Players,10.0,BGZ110339,0,,,,,,,,,Breaking Games,,
#44014942683183,customer_066@example.com,66,Customer 066,,unfulfilled,no,USD,35.0,17.95,0.0,52.95,,0.0,Under 4lbs Fully Tracked,2025-07-15 17:19:01 -0400,1,We're Doomed!,35.0,BGZ110345,0,Regensburg,,DE,Regensburg,,DE,,,Breaking Games,Low,web
#44013338066991,customer_067@example.com,67,Customer 067,,unfulfilled,yes,USD,31.0,11.2,2.41,44.61,,0.0,USPS Ground Advantage,2025-07-15 02:51:36 -0400,1,Sparkle*Kitty: Team Tokens Pack Expansion,5.0,BGZ110720,0,Folsom,CA,US,Rancho Cordova,CA,US,,,Breaking Games,Low,web
#44013338066991,customer_067@example.com,67,Customer 067,,,,,,,,,,,,2025-07-15 02:51:36 -0400,1,Sparkle*Kitty Adventure Pack Expansion,8.0,BGZ110354,0,,,,,,,,,Breaking Games,,
#44013338066991,customer_067@example.com,67,Customer 067,,,,,,,,,,,,2025-07-15 02:51:36 -0400,1,Sparkle*Kitty Princess Palette Card,2.0,BGZ110342,0,,,,,,,,,Breaking Games,,
#44013338066991,customer_067@example.com,67,Customer 067,,,,,,,,,,,,2025-07-15 02:51:36 -0400,1,Sparkle*Kitty: Blank Words Pack Expansion,8.0,BGZ110719,0,,,,,,,,,Breaking Games,,
#44013338066991,customer_067@example.com,67,Customer 067,,,,,,,,,,,,2025-07-15 02:51:36 -0400,1,Sparkle*Kitty Quantum Pack,8.0,BGZ110718,0,,,,,,,,,Breaking Games,,
#44013169115183,customer_068@example.com,68,Customer 068,,unfulfilled,yes,USD,105.25,0.0,7.0,112.25,WELCOME10,11.7,Standard,2025-07-15 00:50:03 -0400,1,Dwellings of Eldervale - LEGENDARY Upgrade Kit,69.99,BGZ115836,0,Johnstown,CO,US,Johnstown,CO,US,,,Breaking Games,Low,web
#44013169115183,customer_068@example.com,68,Customer 068,,,,,,,,,,,,2025-07-15 00:50:03 -0400,1,Dwellings of Eldervale - Wooden Upgrade Treasure and Trove Tokens,19.99,BGZ115354,0,,,,,,,,,Breaking Games,,
#44013169115183,customer_068@example.com,68,Customer 068,,,,,,,,,,,,2025-07-15 00:50:03 -0400,1,Dwellings of Eldervale - Minotaur Mercenary Mini Expansion,9.99,BGZ115360,0,,,,,,,,,Breaking Games,,
#44013169115183,customer_068@example.com,68,Customer 068,,,,,,,,,,,,2025-07-15 00:50:03 -0400,1,Dwellings of Eldervale - Shapeshifter Mercenary Mini Expansion,9.99,BGZ115834,0,,,,,,,,,Breaking Games,,
#44013169115183,customer_068@example.com,68,Customer 068,,,,,,,,,,,,2025-07-15 00:50:03 -0400,1,Dwellings of Eldervale - Oracle Hex Tile,6.99,BGZ115833,0,,,,,,,,,Breaking Games,,
#44012035047471,customer_069@example.com,69,Customer 069,,unfulfilled,yes,USD,50.0,49.82,0.0,99.82,,0.0,FedEx International Connect Plus®,2025-07-14 15:06:02 -0400,1,Klask (First Edition),50.0,BGZ110033,0,Fgura,,MT,Fgura,,MT,,,Breaking Games,Low,web
#44010288218159,customer_070@example.com,70,Customer 070,,unfulfilled,yes,USD,64.97,38.2,0.0,103.17,,0.0,FedEx International Connect Plus®,2025-07-13 22:29:38 -0400,1,Rise of Tribes: The Vul'Keth Invasion Expansion (Base Game Required),12.99,BGZ111558,0,Mendoza,M,AR,Ciudad de Mendoza,M,AR,,,Breaking Games,Low,web
#44010288218159,customer_070@example.com,70,Customer 070,,,,,,,,,,,,2025-07-13 22:29:38 -0400,1,Rise of Tribes: Beast and Bronze Expansion (Base Game Required),25.0,BGZ111557,0,,,,,,,,,Breaking Games,,
#44010288218159,customer_070@example.com,70,Customer 070,,,,,,,,,,,,2025-07-13 22:29:38 -0400,1,Dwellings of Eldervale - Oracle Hex Tile,6.99,BGZ115833,0,,,,,,,,,Breaking Games,,
#44010288218159,customer_070@example.com,70,Customer 070,,,,,,,,,,,,2025-07-13 22:29:38 -0400,1,Dwellings of Eldervale - Wooden Upgrade Treasure and Trove Tokens,19.99,BGZ115354,0,,,,,,,,,Breaking Games,,
#44009584197679,customer_071@example.com,71,Customer 071,,unfulfilled,yes,USD,360.0,0.0,0.0,360.0,,0.0,Standard,2025-07-13 16:28:03 -0400,6,We're Doomed!,35.0,BGZ110345,0,Bloomington,IL,US,Bloomington,IL,US,,,Breaking Games,Low,web
#44009584197679,customer_071@example.com,71,Customer 071,,,,,,,,,,,,2025-07-13 16:28:03 -0400,6,Mansplaining | Family Party Card Game | 2+ Players,25.0,BGZ116250,0,,,,,,,,,Breaking Games,,
#44009140518959,customer_072@example.com,72,Customer 072,,unfulfilled,yes,USD,6.99,0.0,0.49,7.48,,0.0,,2025-07-13 13:19:06 -0400,1,Rise of Tribes: The Mesa Hex Tile (Base Game Required),6.99,BGZ110793,0,villa rica,GA,US,,,,,,Breaking Games,Low,web
#44008897118255,customer_073@example.com,73,Customer 073,,unfulfilled,yes,USD,39.99,0.0,2.4,42.39,,0.0,Standard,2025-07-13 11:39:35 -0400,1,The Big Box of Magic,39.99,BGZ110269,0,NILES,MI,US,NILES,MI,US,,,Breaking Games,Low,web
#44007195672623,customer_074@example.com,74,Customer 074,,unfulfilled,no,USD,76.98,33.61,0.0,110.59,,0.0,FedEx International Connect Plus®,2025-07-12 18:29:38 -0400,1,Dwellings of Eldervale - Oracle Hex Tile,6.99,BGZ115833,0,Leichhardt,NSW,AU,Leichhardt,NSW,AU,,,Breaking Games,Low,web
#44007195672623,customer_074@example.com,74,Customer 074,,,,,,,,,,,,2025-07-12 18:29:38 -0400,1,Dwellings of Eldervale - LEGENDARY Upgrade Kit,69.99,BGZ115836,0,,,,,,,,,Breaking Games,,
#44005866995759,customer_075@example.com,75,Customer 075,,unfulfilled,yes,USD,20.0,13.55,0.0,33.55,,0.0,Under 4lbs Fully Tracked,2025-07-12 08:10:08 -0400,1,POOP: The Game,10.0,BGZ1001,0,Praha,,CZ,Praha,,CZ,,,Breaking Games,Low,web
#44005866995759,customer_075@example.com,75,Customer 075,,,,,,,,,,,,2025-07-12 08:10:08 -0400,1,POOP: Party Pooper Edition | Family Friendly Card Game | 2-5 Players,10.0,BGZ1002,0,,,,,,,,,Breaking Games,,
#44000108511279,customer_076@example.com,76,Customer 076,,unfulfilled,yes,USD,6.99,0.0,0.49,7.48,,0.0,,2025-07-10 10:28:33 -0400,1,Rise of Tribes: The Mesa Hex Tile (Base Game Required),6.99,BGZ110793,0,villa rica,GA,US,,,,,,Breaking Games,Low,web
#43998862475311,customer_077@example.com,77,Customer 077,,unfulfilled,yes,USD,6.99,0.0,0.49,7.48,,0.0,,2025-07-10 04:20:37 -0400,1,Rise of Tribes: The Mesa Hex Tile (Base Game Required),6.99,BGZ110793,0,villa rica,GA,US,,,,,,Breaking Games,Low,web
#43998017683503,customer_078@example.com,78,Customer 078,,unfulfilled,no,USD,35.0,20.37,0.0,55.37,,0.0,Under 4lbs Fully Tracked,2025-07-10 00:28:32 -0400,1,We're Doomed!,35.0,BGZ110345,0,Edmonton,AB,CA,Edmonton,AB,CA,,,Breaking Games,Low,web
#43995740405807,customer_079@example.com,79,Customer 079,,unfulfilled,yes,USD,19.99,14.18,2.31,36.48,,0.0,FedEx Home Delivery®,2025-07-09 15:01:04 -0400,1,Dwellings of Eldervale - Wooden Upgrade Treasure and Trove Tokens,19.99,BGZ115354,0,Akron,OH,US,Akron,OH,US,,,Breaking Games,Low,web
#43995386413103,customer_079@example.com,79,Customer 079,,unfulfilled,yes,USD,77.98,0.0,5.26,83.24,,0.0,Standard,2025-07-09 13:43:04 -0400,1,Dwellings of Eldervale - Mother of Dragons Miniature,7.99,BGZ116104,0,Akron,OH,US,Akron,OH,US,,,Breaking Games,Low,web
#43995386413103,customer_079@example.com,79,Customer 079,,,,,,,,,,,,2025-07-09 13:43:04 -0400,1,Dwellings of Eldervale - LEGENDARY Upgrade Kit,69.99,BGZ115836,0,,,,,,,,,Breaking Games,,
#43994781810735,customer_080@example.com,80,Customer 080,,unfulfilled,yes,USD,200.0,99.69,0.0,299.69,,0.0,Over 4lbs Fully Tracked,2025-07-09 11:28:30 -0400,10,MIXTAPE,20.0,BGZ110347,0,Palatine,,UA,Palatine,,UA,,,Breaking Games,Low,web
#43994749239343,customer_081@example.com,81,Customer 081,,unfulfilled,yes,USD,76.98,23.98,0.0,100.96,,0.0,Under 4lbs Fully Tracked,2025-07-09 11:21:31 -0400,1,Dwellings of Eldervale - Oracle Hex Tile,6.99,BGZ115833,0,Prince George,BC,CA,Prince George,BC,CA,,,Breaking Games,Low,web
#43994749239343,customer_081@example.com,81,Customer 081,,,,,,,,,,,,2025-07-09 11:21:31 -0400,1,Dwellings of Eldervale - LEGENDARY Upgrade Kit,69.99,BGZ115836,0,,,,,,,,,Breaking Games,,
#43990244917295,customer_082@example.com,82,Customer 082,,unfulfilled,no,USD,18.0,10.43,2.36,30.79,WELCOME10,2.0,USPS Ground Advantage,2025-07-08 16:18:38 -0400,1,Slap .45  | Family Party Game | 3-7 Players,20.0,BGZ112685,0,San Antonio,TX,US,San Antonio,TX,US,Shopify Payments,,Breaking Games,Low,web
#43989681537071,customer_083@example.com,83,Customer 083,,unfulfilled,yes,USD,20.0,23.2,0.0,43.2,,0.0,Under 4lbs Fully Tracked,2025-07-08 14:29:08 -0400,1,Poop: Brown Bag Combo | Family Friendly Card Game | 2-10 Players,20.0,BGZ115886,0,İstanbul,,TR,İstanbul,,TR,,,Breaking Games,Low,web
#43989686157359,customer_084@example.com,84,Customer 084,,unfulfilled,no,USD,35.0,17.95,0.0,52.95,,0.0,Under 4lbs Fully Tracked,2025-07-08 14:20:37 -0400,1,We're Doomed!,35.0,BGZ110345,0,Hamburg,,DE,Hamburg,,DE,,,Breaking Games,Low,web
#43985521639471,customer_085@example.com,85,Customer 085,,unfulfilled,yes,USD,177.25,0.0,14.18,191.43,WELCOME10,19.7,Standard,2025-07-07 21:47:35 -0400,1,Dwellings of Eldervale - Oracle Hex Tile,6.99,BGZ115833,0,Copake,NY,US,Copake,NY,US,,,Breaking Games,Low,web
#43985521639471,customer_085@example.com,85,Customer 085,,,,,,,,,,,,2025-07-07 21:47:35 -0400,1,Dwellings of Eldervale - Minotaur Mercenary Mini Expansion,9.99,BGZ115360,0,,,,,,,,,Breaking Games,,
#43985521639471,customer_085@example.com,85,Customer 085,,,,,,,,,,,,2025-07-07 21:47:35 -0400,1,Dwellings of Eldervale - Shapeshifter Mercenary Mini Expansion,9.99,BGZ115834,0,,,,,,,,,Breaking Games,,
#43985521639471,customer_085@example.com,85,Customer 085,,,,,,,,,,,,2025-07-07 21:47:35 -0400,1,Dwellings of Eldervale - LEGENDARY Upgrade Kit,69.99,BGZ115836,0,,,,,,,,,Breaking Games,,
#43985521639471,customer_085@example.com,85,Customer 085,,,,,,,,,,,,2025-07-07 21:47:35 -0400,1,Dwellings of Eldervale 2nd Edition: Standard,99.99,BGZ115837,0,,,,,,,,,Breaking Games,,
#43984939089967,customer_086@example.com,86,Customer 086,,unfulfilled,no,USD,10.0,14.72,0.0,24.72,,0.0,Under 4lbs Fully Tracked,2025-07-07 19:41:36 -0400,1,CACA: El Juego | Family Friendly Card Game | 2-5 Players,10.0,BGZ1004,0,Monterrey,NL,MX,Monterrey,NL,MX,,,Breaking Games,Low,web
#43984390783023,customer_087@example.com,87,Customer 087,,unfulfilled,yes,USD,125.0,0.0,0.0,125.0,,0.0,,2025-07-07 17:40:36 -0400,5,Billionaire Banshee,25.0,BGZ1549,0,,,,,,,,,Breaking Games,Low,web
#43981686177839,customer_088@example.com,88,Customer 088,,unfulfilled,yes,USD,27.0,25.65,0.0,52.65,,0.0,FedEx International Connect Plus®,2025-07-07 10:35:03 -0400,1,POOP: The Game - Party Bundle,27.0,BGZ110961,0,Givatayim,,IL,Givatayim,,IL,,,Breaking Games,Low,web
#43981655506991,customer_089@example.com,89,Customer 089,,unfulfilled,yes,USD,39.99,0.0,3.4,43.39,,0.0,Standard,2025-07-07 10:33:35 -0400,1,The Big Box of Magic,39.99,BGZ110269,0,Corn,OK,US,Corn,OK,US,,,Breaking Games,Low,web
#43981559005231,customer_090@example.com,90,Customer 090,,unfulfilled,yes,USD,120.0,0.0,0.0,120.0,,0.0,,2025-07-07 10:09:36 -0400,6,MIXTAPE,20.0,BGZ110347,0,,,,,,,,,Breaking Games,Low,web
#43981526466607,customer_091@example.com,91,Customer 091,,unfulfilled,yes,USD,50.0,0.0,0.0,50.0,,0.0,,2025-07-07 10:02:37 -0400,5,Keep Calm: Expansion One,10.0,BGZ110101,0,,,,,,,,,Breaking Games,Low,web
#43980785516591,customer_092@example.com,92,Customer 092,,unfulfilled,yes,USD,300.0,0.0,0.0,300.0,,0.0,,2025-07-07 07:17:34 -0400,6,Rise of Tribes - Standard Edition,50.0,BGZ110288,0,,,,,,,,,Breaking Games,Low,web
#43977473294383,customer_093@example.com,93,Customer 093,,unfulfilled,yes,USD,99.99,62.0,0.0,161.99,,0.0,FedEx International Connect Plus®,2025-07-06 19:08:32 -0400,1,Dwellings of Eldervale 2nd Edition: Standard,99.99,BGZ115837,0,Saint pavace,,FR,Saint pavace,,FR,,,Breaking Games,Low,web
#43973519212591,customer_094@example.com,94,Customer 094,,unfulfilled,yes,USD,35.0,30.7,0.0,65.7,,0.0,FedEx International Connect Plus®,2025-07-06 05:58:01 -0400,1,We're Doomed!,35.0,BGZ110345,0,Brisbane,QLD,AU,Brisbane,QLD,AU,,,Breaking Games,Low,web
#43965090857007,customer_095@example.com,95,Customer 095,,unfulfilled,no,USD,35.0,30.7,0.0,65.7,,0.0,FedEx International Connect Plus®,2025-07-04 19:41:02 -0400,1,We're Doomed!,35.0,BGZ110345,0,Narangba,QLD,AU,Narangba,QLD,AU,,,Breaking Games,Low,web
#43956508852271,customer_096@example.com,96,Customer 096,,unfulfilled,yes,USD,25.0,6.88,2.12,34.0,,0.0,USPS Ground Advantage,2025-07-03 13:18:08 -0400,1,Suddenly Drunk's Box of Bad Ideas,25.0,BGZ110232,0,Prospect Park,NJ,US,Prospect Park,NJ,US,,,Breaking Games,Low,web
#43954838044719,customer_097@example.com,97,Customer 097,,unfulfilled,no,USD,19.99,10.06,2.48,32.53,,0.0,USPS Ground Advantage,2025-07-03 08:03:05 -0400,1,We're Doomed: Meritocracy Expansion Pack | Party Game | 4-12 Players,19.99,BGZ117683,0,Carrollton,TX,US,Carrollton,TX,US,,,Breaking Games,Low,web
#43954277646383,customer_098@example.com,98,Customer 098,,unfulfilled,yes,USD,69.99,0.0,0.0,69.99,,0.0,Standard,2025-07-03 05:38:09 -0400,1,Dwellings of Eldervale - LEGENDARY Upgrade Kit,69.99,BGZ115836,0,New Castle,DE,US,New Castle,DE,US,,,Breaking Games,Low,web
#43953890197551,customer_099@example.com,99,Customer 099,,unfulfilled,no,USD,19.99,5.42,1.62,27.03,,0.0,USPS Ground Advantage,2025-07-03 03:50:05 -0400,1,Dwellings of Eldervale - Wooden Upgrade Treasure and Trove Tokens,19.99,BGZ115354,0,Gilbert,AZ,US,Tempe,AZ,US,,,Breaking Games,Low,web
#43938060959791,customer_100@example.com,100,Customer 100,,unfulfilled,yes,USD,39.99,8.37,0.0,48.36,,0.0,USPS Ground Advantage,2025-06-30 16:29:03 -0400,1,The Big Box of Magic,39.99,BGZ110269,0,Henrico,VA,US,Manchester,NH,US,Shopify Payments,,Breaking Games,Low,web
#43934858641455,customer_101@example.com,101,Customer 101,,unfulfilled,yes,USD,6.99,0.0,0.49,7.48,,0.0,,2025-06-30 05:15:31 -0400,1,Rise of Tribes: The Mesa Hex Tile (Base Game Required),6.99,BGZ110793,0,villa rica,GA,US,,,,,,Breaking Games,Low,web
#43934722687023,customer_102@example.com,102,Customer 102,,unfulfilled,yes,USD,25.0,13.21,0.0,38.21,,0.0,Under 4lbs Fully Tracked,2025-06-30 04:39:36 -0400,1,Pocket Dungeon Quest,25.0,BGZ110228,0,Berlin,,DE,Berlin,,DE,,,Breaking Games,Low,web
#43934724456495,customer_103@example.com,103,Customer 103,,unfulfilled,yes,USD,6.99,0.0,0.49,7.48,,0.0,,2025-06-30 04:39:02 -0400,1,Rise of Tribes: The Mesa Hex Tile (Base Game Required),6.99,BGZ110793,0,villa rica,GA,US,,,,,,Breaking Games,Low,web
#43934716002351,customer_104@example.com,104,Customer 104,,unfulfilled,yes,USD,6.99,0.0,0.49,7.48,,0.0,,2025-06-30 04:37:07 -0400,1,Rise of Tribes: The Mesa Hex Tile (Base Game Required),6.99,BGZ110793,0,villa rica,GA,US,,,,,,Breaking Games,Low,web
#43932652437551,customer_105@example.com,105,Customer 105,,unfulfilled,yes,USD,35.0,20.37,0.0,55.37,,0.0,Under 4lbs Fully Tracked,2025-06-29 21:00:07 -0400,1,We're Doomed!,35.0,BGZ110345,0,winnipeg,MB,CA,winnipeg,MB,CA,,,Breaking Games,Low,web
#43931107131439,customer_106@example.com,106,Customer 106,,unfulfilled,yes,USD,6.99,0.0,0.49,7.48,,0.0,,2025-06-29 16:01:03 -0400,1,Rise of Tribes: The Mesa Hex Tile (Base Game Required),6.99,BGZ110793,0,villa rica,GA,US,,,,,,Breaking Games,Low,web
#43927755489327,customer_107@example.com,107,Customer 107,,unfulfilled,yes,USD,6.99,0.0,0.49,7.48,,0.0,,2025-06-29 05:40:03 -0400,1,Rise of Tribes: The Mesa Hex Tile (Base Game Required),6.99,BGZ110793,0,villa rica,GA,US,,,,,,Breaking Games,Low,web
#43924981579823,customer_108@example.com,108,Customer 108,,unfulfilled,yes,USD,45.0,19.72,0.0,64.72,,0.0,FedEx International Connect Plus®,2025-06-28 20:10:02 -0400,1,POOP: The Game - The Ultimate Pile Bundle,45.0,BGZ110963,0,Garcia,NL,MX,Garcia,NL,MX,,,Breaking Games,Low,web
#43922384420911,customer_109@example.com,109,Customer 109,,unfulfilled,yes,USD,35.0,0.0,2.45,37.45,,0.0,Standard,2025-06-28 12:11:33 -0400,1,We're Doomed!,35.0,BGZ110345,0,Hialeah,FL,US,Hialeah,FL,US,,,Breaking Games,Low,web
#43917876461615,customer_110@example.com,110,Customer 110,,unfulfilled,yes,USD,60.0,0.0,0.0,60.0,,0.0,,2025-06-27 20:31:31 -0400,3,Poop: Brown Bag Combo | Family Friendly Card Game | 2-10 Players,20.0,BGZ115886,0,,,,,,,,,Breaking Games,Low,web
#43917735067695,customer_111@example.com,111,Customer 111,,unfulfilled,yes,USD,96.96,0.0,6.05,103.01,,0.0,Standard,2025-06-27 20:02:35 -0400,1,Dwellings of Eldervale - LEGENDARY Upgrade Kit,69.99,BGZ115836,0,Sharon,MA,US,Sharon,MA,US,,,Breaking Games,Low,web
#43917735067695,customer_111@example.com,111,Customer 111,,,,,,,,,,,,2025-06-27 20:02:35 -0400,1,Dwellings of Eldervale - Oracle Hex Tile,6.99,BGZ115833,0,,,,,,,,,Breaking Games,,
#43917735067695,customer_111@example.com,111,Customer 111,,,,,,,,,,,,2025-06-27 20:02:35 -0400,1,Dwellings of Eldervale - Minotaur Mercenary Mini Expansion,9.99,BGZ115360,0,,,,,,,,,Breaking Games,,
#43917735067695,customer_111@example.com,111,Customer 111,,,,,,,,,,,,2025-06-27 20:02:35 -0400,1,Dwellings of Eldervale - Shapeshifter Mercenary Mini Expansion,9.99,BGZ115834,0,,,,,,,,,Breaking Games,,
#43916272893999,customer_112@example.com,112,Customer 112,,unfulfilled,no,USD,6.99,8.97,0.0,15.96,,0.0,Under 4lbs Fully Tracked,2025-06-27 15:28:07 -0400,1,Dwellings of Eldervale - Oracle Hex Tile,6.99,BGZ115833,0,Levis,QC,CA,Levis,QC,CA,,,Breaking Games,Low,web
#43911342030895,customer_113@example.com,113,Customer 113,,unfulfilled,yes,USD,60.0,0.0,0.0,60.0,,0.0,,2025-06-26 23:18:02 -0400,3,Poop: Brown Bag Combo | Family Friendly Card Game | 2-10 Players,20.0,BGZ115886,0,,,,,,,,,Breaking Games,Low,web
#43910102843439,customer_114@example.com,114,Customer 114,,unfulfilled,no,USD,19.99,0.0,0.0,19.99,,0.0,,2025-06-26 19:12:09 -0400,1,We're Doomed: Meritocracy Expansion Pack | Party Game | 4-12 Players,19.99,BGZ117683,0,,,,,,,,,Breaking Games,Low,web
#43905510342703,customer_115@example.com,115,Customer 115,,unfulfilled,no,USD,6.99,5.17,0.85,13.01,,0.0,USPS Ground Advantage,2025-06-26 04:14:07 -0400,1,Rise of Tribes: The Mesa Hex Tile (Base Game Required),6.99,BGZ110793,0,Miami Beach,FL,US,Miami Beach,FL,US,,,Breaking Games,Low,web
#43905482915887,customer_115@example.com,115,Customer 115,,unfulfilled,no,USD,6.99,4.94,0.72,12.65,,0.0,USPS Ground Advantage,2025-06-26 04:08:37 -0400,1,Rise of Tribes: The Mesa Hex Tile (Base Game Required),6.99,BGZ110793,0,Philadelphia,PA,US,Philadelphia,PA,US,,,Breaking Games,Low,web
#43904439713839,customer_116@example.com,116,Customer 116,,unfulfilled,no,USD,25.0,13.12,2.43,40.55,,0.0,USPS Ground Advantage,2025-06-26 00:22:03 -0400,1,"Keep Calm! | Hilarious Party Game for Friends and Family | Ideal for Game Night | Ages 17+, 3-8 Players",25.0,BGZ110226,0,Watsonville,CA,US,Watsonville,CA,US,,,Breaking Games,Low,web
#43902517116975,customer_117@example.com,117,Customer 117,,unfulfilled,yes,USD,10.0,14.72,0.0,24.72,,0.0,Under 4lbs Fully Tracked,2025-06-25 17:49:36 -0400,1,CACA: El Juego | Family Friendly Card Game | 2-5 Players,10.0,BGZ1004,0,Chihuahua,CHIH,MX,Chihuahua,CHIH,MX,,,Breaking Games,Low,web
#43896106123311,customer_118@example.com,118,Customer 118,,unfulfilled,yes,USD,20.0,14.86,0.0,34.86,,0.0,Under 4lbs Fully Tracked,2025-06-24 22:47:31 -0400,1,MIXTAPE,20.0,BGZ110347,0,Edmonton,AB,CA,Edmonton,AB,CA,,,Breaking Games,Low,web
#43893818196015,customer_119@example.com,119,Customer 119,,unfulfilled,yes,USD,19.99,9.95,0.0,29.94,,0.0,Under 4lbs Fully Tracked,2025-06-24 16:14:33 -0400,1,Dwellings of Eldervale - Wooden Upgrade Treasure and Trove Tokens,19.99,BGZ115354,0,Burnaby,BC,CA,Penticton,BC,CA,,,Breaking Games,Low,web
#43892098629679,customer_120@example.com,120,Customer 120,,unfulfilled,yes,USD,74.98,34.34,0.0,109.32,,0.0,FedEx International Connect Plus®,2025-06-24 11:36:34 -0400,2,We're Doomed: Meritocracy Expansion Pack | Party Game | 4-12 Players,19.99,BGZ117683,0,Riverview,NB,CA,Riverview,NB,CA,,,Breaking Games,Low,web
#43892098629679,customer_120@example.com,120,Customer 120,,,,,,,,,,,,2025-06-24 11:36:34 -0400,1,We're Doomed!,35.0,BGZ110345,0,,,,,,,,,Breaking Games,,
#43891458768943,customer_121@example.com,121,Customer 121,,unfulfilled,yes,USD,10.0,18.2,0.0,28.2,,0.0,FedEx International Connect Plus®,2025-06-24 09:47:33 -0400,1,CACA: El Juego | Family Friendly Card Game | 2-5 Players,10.0,BGZ1004,0,La cruz de Huanacaztle,NAY,MX,La cruz de Huanacaztle,NAY,MX,,,Breaking Games,Low,web
#43888721526831,customer_122@example.com,122,Customer 122,,unfulfilled,yes,USD,35.0,21.61,0.0,56.61,,0.0,Under 4lbs Fully Tracked,2025-06-24 01:12:04 -0400,1,We're Doomed!,35.0,BGZ110345,0,Hedensted,,DK,Hedensted,,DK,,,Breaking Games,Low,web
#43802555580463,customer_123@example.com,123,Customer 123,,unfulfilled,no,USD,26.97,9.71,0.0,36.68,,0.0,Under 4lbs Fully Tracked,2025-06-23 14:25:33 -0400,1,Dwellings of Eldervale - Minotaur Mercenary Mini Expansion,9.99,BGZ115360,0,Picassent,V,ES,Picassent,V,ES,,,Breaking Games,Low,web
#43802555580463,customer_123@example.com,123,Customer 123,,,,,,,,,,,,2025-06-23 14:25:33 -0400,1,Dwellings of Eldervale - Shapeshifter Mercenary Mini Expansion,9.99,BGZ115834,0,,,,,,,,,Breaking Games,,
#43802555580463,customer_123@example.com,123,Customer 123,,,,,,,,,,,,2025-06-23 14:25:33 -0400,1,Dwellings of Eldervale - Oracle Hex Tile,6.99,BGZ115833,0,,,,,,,,,Breaking Games,,
#43882310729775,customer_124@example.com,124,Customer 124,,unfulfilled,yes,USD,30.0,0.0,3.06,51.63,,0.0,,2025-06-23 06:23:31 -0400,2,Match Plus,15.0,BGZ1093,0,,,,,,,,,Breaking Games,Low,web
#43881172631599,customer_125@example.com,125,Customer 125,,unfulfilled,yes,USD,80.0,70.9,0.0,150.9,,0.0,Over 4lbs Fully Tracked,2025-06-23 02:32:36 -0400,1,Letter Tycoon,25.0,BGZ117727,0,Victoria,LBN,MY,Victoria,LBN,MY,,,Breaking Games,Low,web
#43881172631599,customer_125@example.com,125,Customer 125,,,,,,,,,,,,2025-06-23 02:32:36 -0400,1,Poop: Brown Bag Combo | Family Friendly Card Game | 2-10 Players,20.0,BGZ115886,0,,,,,,,,,Breaking Games,,
#43881172631599,customer_125@example.com,125,Customer 125,,,,,,,,,,,,2025-06-23 02:32:36 -0400,1,We're Doomed!,35.0,BGZ110345,0,,,,,,,,,Breaking Games,,
#43879643414575,customer_126@example.com,126,Customer 126,,unfulfilled,yes,USD,69.99,23.6,0.0,93.59,,0.0,FedEx International Connect Plus®,2025-06-22 21:32:05 -0400,1,Dwellings of Eldervale - LEGENDARY Upgrade Kit,69.99,BGZ115836,0,Tecamac,MEX,MX,Tecamac,MEX,MX,,,Breaking Games,Low,web
#43877200166959,customer_127@example.com,127,Customer 127,,unfulfilled,yes,USD,12.99,0.0,0.0,12.99,,0.0,,2025-06-22 14:03:08 -0400,1,Rise of Tribes: The Vul'Keth Invasion Expansion (Base Game Required),12.99,BGZ111558,0,,,,,,,,,Breaking Games,Low,web
#43873591427119,customer_128@example.com,128,Customer 128,,unfulfilled,yes,USD,35.0,20.37,0.0,55.37,,0.0,Under 4lbs Fully Tracked,2025-06-22 03:10:32 -0400,1,We're Doomed!,35.0,BGZ110345,0,Paradise,NL,CA,Lloydminster,AB,CA,,,Breaking Games,Low,web
#43871047417903,customer_129@example.com,129,Customer 129,,unfulfilled,yes,USD,16.98,14.12,1.38,32.48,,0.0,FedEx Home Delivery®,2025-06-21 19:26:08 -0400,1,Dwellings of Eldervale - Oracle Hex Tile,6.99,BGZ115833,0,Tempe,AZ,US,Tempe,AZ,US,,,Breaking Games,Low,web
#43871047417903,customer_129@example.com,129,Customer 129,,,,,,,,,,,,2025-06-21 19:26:08 -0400,1,Dwellings of Eldervale - Shapeshifter Mercenary Mini Expansion,9.99,BGZ115834,0,,,,,,,,,Breaking Games,,
#43862515712047,customer_130@example.com,130,Customer 130,,unfulfilled,no,USD,35.0,20.96,0.0,55.96,,0.0,Under 4lbs Fully Tracked,2025-06-20 18:22:02 -0400,1,We're Doomed!,35.0,BGZ110345,0,Björklinge,,SE,Björklinge,,SE,,,Breaking Games,Low,web
#43860800503855,customer_131@example.com,131,Customer 131,,unfulfilled,yes,USD,202.43,0.0,13.15,215.58,WELCOME10,22.5,Standard,2025-06-20 13:27:02 -0400,1,Dwellings of Eldervale - LEGENDARY Upgrade Kit,69.99,BGZ115836,0,Louisville,OH,US,Louisville,OH,US,,,Breaking Games,Low,web
#43860800503855,customer_131@example.com,131,Customer 131,,,,,,,,,,,,2025-06-20 13:27:02 -0400,1,Dwellings of Eldervale 2nd Edition: Standard,99.99,BGZ115837,0,,,,,,,,,Breaking Games,,
#43860800503855,customer_131@example.com,131,Customer 131,,,,,,,,,,,,2025-06-20 13:27:02 -0400,1,Dwellings of Eldervale - Oracle Hex Tile,6.99,BGZ115833,0,,,,,,,,,Breaking Games,,
#43860800503855,customer_131@example.com,131,Customer 131,,,,,,,,,,,,2025-06-20 13:27:02 -0400,1,Dwellings of Eldervale - Shapeshifter Mercenary Mini Expansion,9.99,BGZ115834,0,,,,,,,,,Breaking Games,,
#43860800503855,customer_131@example.com,131,Customer 131,,,,,,,,,,,,2025-06-20 13:27:02 -0400,1,Dwellings of Eldervale - Minotaur Mercenary Mini Expansion,9.99,BGZ115360,0,,,,,,,,,Breaking Games,,
#43860800503855,customer_131@example.com,131,Customer 131,,,,,,,,,,,,2025-06-20 13:27:02 -0400,1,Dwellings of Eldervale - Wooden Upgrade Treasure and Trove Tokens,19.99,BGZ115354,0,,,,,,,,,Breaking Games,,
#43860800503855,customer_131@example.com,131,Customer 131,,,,,,,,,,,,2025-06-20 13:27:02 -0400,1,Dwellings of Eldervale - Mother of Dragons Miniature,7.99,BGZ116104,0,,,,,,,,,Breaking Games,,
#43858655412271,customer_132@example.com,132,Customer 132,,unfulfilled,no,USD,6.99,5.12,0.91,13.02,,0.0,USPS Ground Advantage,2025-06-20 07:32:39 -0400,1,Rise of Tribes: The Mesa Hex Tile (Base Game Required),6.99,BGZ110793,0,Jacksonville,FL,US,Jacksonville,FL,US,,,Breaking Games,Low,web
#43854514290735,customer_133@example.com,133,Customer 133,,unfulfilled,no,USD,10.0,14.72,0.0,24.72,,0.0,Under 4lbs Fully Tracked,2025-06-19 18:40:35 -0400,1,CACA: El Juego | Family Friendly Card Game | 2-5 Players,10.0,BGZ1004,0,Guadalajara,JAL,MX,Guadalajara,JAL,MX,,,Breaking Games,Low,web
#43852262015023,customer_134@example.com,134,Customer 134,,unfulfilled,yes,USD,89.99,0.0,5.62,95.61,WELCOME10,10.0,Standard,2025-06-19 12:22:01 -0400,1,Dwellings of Eldervale 2nd Edition: Standard,99.99,BGZ115837,0,Sparta,IL,US,Sparta,IL,US,,,Breaking Games,Low,web
#43848878686255,customer_135@example.com,135,Customer 135,,unfulfilled,no,USD,35.0,21.61,0.0,56.61,,0.0,Under 4lbs Fully Tracked,2025-06-19 02:38:30 -0400,1,We're Doomed!,35.0,BGZ110345,0,København N,,DK,København S,,DK,,,Breaking Games,Low,web
#43847046135855,customer_136@example.com,136,Customer 136,,unfulfilled,yes,USD,30.0,0.0,0.0,30.0,,0.0,,2025-06-18 21:28:03 -0400,3,Keep Calm: Expansion One,10.0,BGZ110101,0,,,,,,,,,Breaking Games,Low,web
#43846454444079,customer_137@example.com,137,Customer 137,,unfulfilled,yes,USD,30.0,0.0,0.0,30.0,,0.0,,2025-06-18 19:57:34 -0400,3,Suddenly Drunk: Gross Expansion,10.0,BGZ110105,0,,,,,,,,,Breaking Games,Low,web
#43845591990319,customer_138@example.com,138,Customer 138,,unfulfilled,yes,USD,125.0,0.0,0.0,125.0,,0.0,,2025-06-18 18:13:02 -0400,5,Mansplaining | Family Party Card Game | 2+ Players,25.0,BGZ116250,0,,,,,,,,,Breaking Games,Low,web
#43845065375791,customer_139@example.com,139,Customer 139,,unfulfilled,yes,USD,75.0,0.0,0.0,75.0,,0.0,,2025-06-18 16:43:37 -0400,3,Hypothetically Fun,25.0,BGZ110454,0,,,,,,,,,Breaking Games,Low,web
#43843971055663,customer_140@example.com,140,Customer 140,,unfulfilled,yes,USD,30.0,0.0,0.0,30.0,,0.0,,2025-06-18 13:45:31 -0400,3,POOP: Party Pooper Edition | Family Friendly Card Game | 2-5 Players,10.0,BGZ1002,0,,,,,,,,,Breaking Games,Low,web
#43843762716719,customer_141@example.com,141,Customer 141,,unfulfilled,yes,USD,75.0,0.0,0.0,75.0,,0.0,,2025-06-18 13:14:02 -0400,3,Aura,25.0,BGZ110019,0,,,,,,,,,Breaking Games,Low,web
#43843582558255,customer_142@example.com,142,Customer 142,,unfulfilled,yes,USD,30.0,0.0,0.0,30.0,,0.0,,2025-06-18 12:49:06 -0400,3,Real Life Travel Bingo | Family Party Game | 2+ Players,10.0,BGZ110713,0,,,,,,,,,Breaking Games,Low,web
#43843189637167,customer_143@example.com,143,Customer 143,,unfulfilled,yes,USD,20.0,0.0,0.0,20.0,,0.0,,2025-06-18 11:41:02 -0400,2,Real Life Travel Bingo | Family Party Game | 2+ Players,10.0,BGZ110713,0,,,,,,,,,Breaking Games,Low,web
#43842550890543,customer_144@example.com,144,Customer 144,,unfulfilled,yes,USD,60.0,0.0,0.0,60.0,,0.0,,2025-06-18 09:54:33 -0400,3,MIXTAPE,20.0,BGZ110347,0,,,,,,,,,Breaking Games,Low,web
#43842541813807,customer_145@example.com,145,Customer 145,,unfulfilled,yes,USD,90.0,0.0,0.0,90.0,,0.0,,2025-06-18 09:53:05 -0400,3,Convert: The Game,30.0,BGZ110663,0,,,,,,,,,Breaking Games,Low,web
#43842542010415,customer_146@example.com,146,Customer 146,,unfulfilled,yes,USD,30.0,0.0,0.0,30.0,,0.0,,2025-06-18 09:52:34 -0400,3,POOP: Public Restroom Edition | Family Friendly Card Game | 2-5 Players,10.0,BGZ1005,0,,,,,,,,,Breaking Games,Low,web
#43842522087471,customer_147@example.com,147,Customer 147,,unfulfilled,yes,USD,105.0,0.0,0.0,105.0,,0.0,,2025-06-18 09:50:31 -0400,3,We're Doomed!,35.0,BGZ110345,0,,,,,,,,,Breaking Games,Low,web
#43842099445807,customer_148@example.com,148,Customer 148,,unfulfilled,yes,USD,55.0,19.48,0.0,74.48,,0.0,Under 4lbs Fully Tracked,2025-06-18 08:39:34 -0400,1,Asking For Trobils: The Big Box,15.0,BGZ115733,0,Thatcham,ENG,GB,Thatcham,ENG,GB,,,Breaking Games,Low,web
#43842099445807,customer_148@example.com,148,Customer 148,,,,,,,,,,,,2025-06-18 08:39:34 -0400,1,Asking For Trobils: Scoundrels Ship Package #1,10.0,BGZ115728,0,,,,,,,,,Breaking Games,,
#43842099445807,customer_148@example.com,148,Customer 148,,,,,,,,,,,,2025-06-18 08:39:34 -0400,1,Asking For Trobils: Bounty Hunter Ship Package #3,10.0,BGZ115730,0,,,,,,,,,Breaking Games,,
#43842099445807,customer_148@example.com,148,Customer 148,,,,,,,,,,,,2025-06-18 08:39:34 -0400,2,Asking for Trobils Metal Coin Upgrade Pack,10.0,BGZ115727,0,,,,,,,,,Breaking Games,,
#43841467645999,customer_149@example.com,149,Customer 149,,unfulfilled,yes,USD,175.0,0.0,0.0,175.0,,0.0,,2025-06-18 06:56:02 -0400,5,We're Doomed!,35.0,BGZ110345,0,,,,,,,,,Breaking Games,Low,web
#43841407320111,customer_150@example.com,150,Customer 150,,unfulfilled,yes,USD,20.0,0.0,2.04,29.2,,0.0,,2025-06-18 06:42:36 -0400,2,Suddenly Stoned,10.0,BGZ110265,0,,,,,,,,,Breaking Games,Low,web
#43841222410287,customer_151@example.com,151,Customer 151,,unfulfilled,yes,USD,60.0,0.0,0.0,60.0,,0.0,,2025-06-18 06:15:32 -0400,6,POOP: Public Restroom Edition | Family Friendly Card Game | 2-5 Players,10.0,BGZ1005,0,,,,,,,,,Breaking Games,Low,web
#43840936738863,customer_152@example.com,152,Customer 152,,unfulfilled,yes,USD,30.0,0.0,0.0,30.0,,0.0,,2025-06-18 05:17:34 -0400,3,Suddenly Stoned,10.0,BGZ110265,0,,,,,,,,,Breaking Games,Low,web
#43840932085807,customer_153@example.com,153,Customer 153,,unfulfilled,yes,USD,60.0,0.0,0.0,60.0,,0.0,,2025-06-18 05:17:01 -0400,3,Poop: Brown Bag Combo | Family Friendly Card Game | 2-10 Players,20.0,BGZ115886,0,,,,,,,,,Breaking Games,Low,web
#43840930447407,customer_154@example.com,154,Customer 154,,unfulfilled,yes,USD,50.0,0.0,0.0,50.0,,0.0,,2025-06-18 05:16:32 -0400,5,The Mandela Effect Game,10.0,BGZ110764,0,,,,,,,,,Breaking Games,Low,web
#43840418807855,customer_155@example.com,155,Customer 155,,unfulfilled,yes,USD,35.0,21.61,0.0,56.61,,0.0,Under 4lbs Fully Tracked,2025-06-18 03:35:33 -0400,1,We're Doomed!,35.0,BGZ110345,0,Brøndby,,DK,Brøndby,,DK,,,Breaking Games,Low,web
#43829924069423,customer_156@example.com,156,Customer 156,,unfulfilled,yes,USD,35.99,0.0,2.23,38.22,WELCOME10,4.0,Standard,2025-06-18 00:30:10 -0400,1,The Big Box of Magic,39.99,BGZ110269,0,Sioux Falls,SD,US,Sioux Falls,SD,US,,,Breaking Games,Low,web
#43837309190191,customer_157@example.com,157,Customer 157,,unfulfilled,yes,USD,20.0,12.35,0.0,32.35,,0.0,Under 4lbs Fully Tracked,2025-06-17 18:09:02 -0400,1,Poop: Brown Bag Combo | Family Friendly Card Game | 2-10 Players,20.0,BGZ115886,0,Whitland,WLS,GB,Whitland,WLS,GB,,,Breaking Games,Low,web
#43834666156079,customer_158@example.com,158,Customer 158,,unfulfilled,yes,USD,125.0,0.0,0.0,125.0,,0.0,,2025-06-17 10:40:33 -0400,5,Rise of Tribes: Beast and Bronze Expansion (Base Game Required),25.0,BGZ111557,0,,,,,,,,,Breaking Games,Low,web
#43831140122671,customer_159@example.com,159,Customer 159,,unfulfilled,yes,USD,6.99,5.05,0.49,12.53,,0.0,USPS Ground Advantage,2025-06-16 23:38:32 -0400,1,Dwellings of Eldervale - Oracle Hex Tile,6.99,BGZ115833,0,Smithfield,UT,US,Smithfield,UT,US,,,Breaking Games,Low,web
#43829539799087,customer_160@example.com,160,Customer 160,,unfulfilled,no,USD,99.99,120.44,0.0,220.43,,0.0,Over 4lbs Fully Tracked,2025-06-16 18:50:04 -0400,1,Dwellings of Eldervale 2nd Edition: Standard,99.99,BGZ115837,0,São Paulo,SP,BR,São Paulo,SP,BR,,,Breaking Games,Low,web
#43825981390895,customer_161@example.com,161,Customer 161,,unfulfilled,no,USD,214.97,76.6,0.0,291.57,,0.0,FedEx International Connect Plus®,2025-06-16 08:34:05 -0400,1,Dwellings of Eldervale - Wooden Upgrade Treasure and Trove Tokens,19.99,BGZ115354,0,Churchdown,ENG,GB,Churchdown,ENG,GB,,,Breaking Games,Low,web
#43825981390895,customer_161@example.com,161,Customer 161,,,,,,,,,,,,2025-06-16 08:34:05 -0400,1,Dwellings of Eldervale - LEGENDARY Upgrade Kit,69.99,BGZ115836,0,,,,,,,,,Breaking Games,,
#43825981390895,customer_161@example.com,161,Customer 161,,,,,,,,,,,,2025-06-16 08:34:05 -0400,1,Dwellings of Eldervale 2nd Edition: Standard,99.99,BGZ115837,0,,,,,,,,,Breaking Games,,
#43825981390895,customer_161@example.com,161,Customer 161,,,,,,,,,,,,2025-06-16 08:34:05 -0400,1,Letter Tycoon,25.0,BGZ117727,0,,,,,,,,,Breaking Games,,
#43821168984111,customer_162@example.com,162,Customer 162,,unfulfilled,no,USD,54.99,33.21,0.0,88.2,,0.0,FedEx International Connect Plus®,2025-06-15 17:20:08 -0400,1,We're Doomed: Meritocracy Expansion Pack | Party Game | 4-12 Players,19.99,BGZ117683,0,Auckland,AUK,NZ,Auckland,AUK,NZ,,,Breaking Games,Low,web
#43821168984111,customer_162@example.com,162,Customer 162,,,,,,,,,,,,2025-06-15 17:20:08 -0400,1,We're Doomed!,35.0,BGZ110345,0,,,,,,,,,Breaking Games,,
#43820806406191,customer_163@example.com,163,Customer 163,,unfulfilled,yes,USD,100.0,0.0,0.0,100.0,,0.0,,2025-06-15 16:15:09 -0400,5,Poop: Brown Bag Combo | Family Friendly Card Game | 2-10 Players,20.0,BGZ115886,0,,,,,,,,,Breaking Games,Low,web
#43818001956911,customer_164@example.com,164,Customer 164,,unfulfilled,yes,USD,99.99,0.0,7.0,106.99,,0.0,Standard,2025-06-15 08:20:36 -0400,1,Dwellings of Eldervale 2nd Edition: Standard,99.99,BGZ115837,0,Miami Beach,FL,US,Miami Beach,FL,US,,,Breaking Games,Low,web
#43817973907503,customer_165@example.com,165,Customer 165,,unfulfilled,yes,USD,75.0,0.0,0.0,75.0,,0.0,,2025-06-15 08:13:36 -0400,3,Billionaire Banshee,25.0,BGZ1549,0,,,,,,,,,Breaking Games,Low,web
#43810476425263,customer_166@example.com,166,Customer 166,,unfulfilled,yes,USD,20.0,24.12,0.0,44.12,,0.0,Under 4lbs Fully Tracked,2025-06-14 09:16:32 -0400,1,MIXTAPE,20.0,BGZ110347,0,Graz,,AT,Graz,,AT,,,Breaking Games,Low,web
#43809757134895,customer_167@example.com,167,Customer 167,,unfulfilled,yes,USD,139.98,35.09,0.0,175.07,,0.0,FedEx International Connect Plus®,2025-06-14 06:57:05 -0400,2,Dwellings of Eldervale - LEGENDARY Upgrade Kit,69.99,BGZ115836,0,Aspendale Gardens,VIC,AU,Aspendale Gardens,VIC,AU,,,Breaking Games,Low,web
#43808537935919,customer_167@example.com,167,Customer 167,,unfulfilled,yes,USD,69.99,30.09,0.0,100.08,,0.0,FedEx International Connect Plus®,2025-06-14 02:49:05 -0400,1,Dwellings of Eldervale - LEGENDARY Upgrade Kit,69.99,BGZ115836,0,Aspendale Gardens,VIC,AU,Aspendale Gardens,VIC,AU,,,Breaking Games,Low,web
#43806792777775,customer_168@example.com,168,Customer 168,,unfulfilled,yes,USD,105.0,0.0,0.0,105.0,,0.0,,2025-06-13 21:12:07 -0400,3,We're Doomed!,35.0,BGZ110345,0,,,,,,,,,Breaking Games,Low,web
#43804884566063,customer_169@example.com,169,Customer 169,,unfulfilled,yes,USD,99.99,0.0,0.0,99.99,,0.0,,2025-06-13 15:17:31 -0400,1,Dwellings of Eldervale 2nd Edition: Standard,99.99,BGZ115837,0,Soacha,CUN,CO,,,,,,Breaking Games,Low,web
#43803500183599,customer_170@example.com,170,Customer 170,,unfulfilled,yes,USD,35.0,17.43,0.0,52.43,,0.0,Under 4lbs Fully Tracked,2025-06-13 11:23:02 -0400,1,We're Doomed!,35.0,BGZ110345,0,Leeds,ENG,GB,Leeds,ENG,GB,,,Breaking Games,Low,web
#43801171591215,customer_171@example.com,171,Customer 171,,unfulfilled,yes,USD,216.94,0.0,16.7,233.64,,0.0,Standard,2025-06-13 04:17:31 -0400,1,Dwellings of Eldervale - Shapeshifter Mercenary Mini Expansion,9.99,BGZ115834,0,Kelso,WA,US,Kelso,WA,US,,,Breaking Games,Low,web
#43801171591215,customer_171@example.com,171,Customer 171,,,,,,,,,,,,2025-06-13 04:17:31 -0400,1,Dwellings of Eldervale - Minotaur Mercenary Mini Expansion,9.99,BGZ115360,0,,,,,,,,,Breaking Games,,
#43801171591215,customer_171@example.com,171,Customer 171,,,,,,,,,,,,2025-06-13 04:17:31 -0400,1,Dwellings of Eldervale - Oracle Hex Tile,6.99,BGZ115833,0,,,,,,,,,Breaking Games,,
#43801171591215,customer_171@example.com,171,Customer 171,,,,,,,,,,,,2025-06-13 04:17:31 -0400,1,Dwellings of Eldervale - LEGENDARY Upgrade Kit,69.99,BGZ115836,0,,,,,,,,,Breaking Games,,
#43801171591215,customer_171@example.com,171,Customer 171,,,,,,,,,,,,2025-06-13 04:17:31 -0400,1,Dwellings of Eldervale - Wooden Upgrade Treasure and Trove Tokens,19.99,BGZ115354,0,,,,,,,,,Breaking Games,,
#43801171591215,customer_171@example.com,171,Customer 171,,,,,,,,,,,,2025-06-13 04:17:31 -0400,1,Dwellings of Eldervale 2nd Edition: Standard,99.99,BGZ115837,0,,,,,,,,,Breaking Games,,
#43789719076911,customer_172@example.com,172,Customer 172,,unfulfilled,yes,USD,69.99,0.0,4.9,74.89,,0.0,Standard,2025-06-11 20:43:02 -0400,1,Dwellings of Eldervale - LEGENDARY Upgrade Kit,69.99,BGZ115836,0,Miami,FL,US,Miami,FL,US,,,Breaking Games,Low,web
#43787876171823,customer_173@example.com,173,Customer 173,,unfulfilled,yes,USD,6.99,5.05,0.54,12.58,,0.0,USPS Ground Advantage,2025-06-11 16:57:34 -0400,1,Dwellings of Eldervale - Oracle Hex Tile,6.99,BGZ115833,0,Costa Mesa,CA,US,Costa Mesa,CA,US,,,Breaking Games,Low,web
#43787596267567,customer_174@example.com,174,Customer 174,,unfulfilled,yes,USD,175.0,0.0,0.0,175.0,,0.0,,2025-06-11 16:25:31 -0400,5,We're Doomed!,35.0,BGZ110345,0,,,,,,,,,Breaking Games,Low,web
#43787352932399,customer_175@example.com,175,Customer 175,,unfulfilled,yes,USD,6.99,0.0,0.49,7.48,,0.0,,2025-06-11 15:49:01 -0400,1,Rise of Tribes: The Mesa Hex Tile (Base Game Required),6.99,BGZ110793,0,villa rica,GA,US,,,,,,Breaking Games,Low,web
#43784318124079,customer_176@example.com,176,Customer 176,,unfulfilled,yes,USD,30.0,0.0,0.0,30.0,,0.0,,2025-06-11 08:19:31 -0400,3,Suddenly Drunk: Gross Expansion,10.0,BGZ110105,0,,,,,,,,,Breaking Games,Low,web
#43784026226735,customer_177@example.com,177,Customer 177,,unfulfilled,yes,USD,99.95,0.0,0.0,99.95,,0.0,,2025-06-11 07:30:02 -0400,5,We're Doomed: Meritocracy Expansion Pack | Party Game | 4-12 Players,19.99,BGZ117683,0,,,,,,,,,Breaking Games,Low,web
#43780373479471,customer_178@example.com,178,Customer 178,,unfulfilled,yes,USD,6.99,8.97,0.0,15.96,,0.0,Under 4lbs Fully Tracked,2025-06-10 22:59:02 -0400,1,Dwellings of Eldervale - Oracle Hex Tile,6.99,BGZ115833,0,Prince George,BC,CA,Prince George,BC,CA,,,Breaking Games,Low,web
#43768764923951,customer_179@example.com,179,Customer 179,,unfulfilled,yes,USD,25.0,0.0,2.56,39.9,,0.0,,2025-06-09 21:37:04 -0400,1,Rise of Tribes - Deluxe Upgrade (Base Game Required),25.0,BGZ110348,0,,,,,,,,,Breaking Games,Low,web
#43767053778991,customer_180@example.com,180,Customer 180,,unfulfilled,yes,USD,125.0,0.0,0.0,125.0,,0.0,,2025-06-09 18:33:09 -0400,5,Mansplaining | Family Party Card Game | 2+ Players,25.0,BGZ116250,0,,,,,,,,,Breaking Games,Low,web
#43766103834671,customer_181@example.com,181,Customer 181,,unfulfilled,yes,USD,87.26,0.0,5.15,92.41,WELCOME10,9.7,Standard,2025-06-09 16:57:05 -0400,1,Dwellings of Eldervale - Shapeshifter Mercenary Mini Expansion,9.99,BGZ115834,0,Greenfield,WI,US,Greenfield,WI,US,,,Breaking Games,Low,web
#43766103834671,customer_181@example.com,181,Customer 181,,,,,,,,,,,,2025-06-09 16:57:05 -0400,1,Dwellings of Eldervale - Minotaur Mercenary Mini Expansion,9.99,BGZ115360,0,,,,,,,,,Breaking Games,,
#43766103834671,customer_181@example.com,181,Customer 181,,,,,,,,,,,,2025-06-09 16:57:05 -0400,1,Dwellings of Eldervale - Oracle Hex Tile,6.99,BGZ115833,0,,,,,,,,,Breaking Games,,
#43766103834671,customer_181@example.com,181,Customer 181,,,,,,,,,,,,2025-06-09 16:57:05 -0400,1,Dwellings of Eldervale - LEGENDARY Upgrade Kit,69.99,BGZ115836,0,,,,,,,,,Breaking Games,,
#43765050703919,customer_182@example.com,182,Customer 182,,unfulfilled,yes,USD,50.0,0.0,0.0,50.0,,0.0,,2025-06-09 15:13:31 -0400,1,Rise of Tribes - Standard Edition,50.0,BGZ110288,0,,,,,,,,,Breaking Games,Low,web
#43763612975151,customer_183@example.com,183,Customer 183,,unfulfilled,yes,USD,26.97,5.12,1.77,33.86,,0.0,USPS Ground Advantage,2025-06-09 12:53:34 -0400,1,Dwellings of Eldervale - Oracle Hex Tile,6.99,BGZ115833,0,Eau Claire,WI,US,Eau Claire,WI,US,,,Breaking Games,Low,web
#43763612975151,customer_183@example.com,183,Customer 183,,,,,,,,,,,,2025-06-09 12:53:34 -0400,1,Dwellings of Eldervale - Shapeshifter Mercenary Mini Expansion,9.99,BGZ115834,0,,,,,,,,,Breaking Games,,
#43763612975151,customer_183@example.com,183,Customer 183,,,,,,,,,,,,2025-06-09 12:53:34 -0400,1,Dwellings of Eldervale - Minotaur Mercenary Mini Expansion,9.99,BGZ115360,0,,,,,,,,,Breaking Games,,
#43763213533231,customer_184@example.com,184,Customer 184,,unfulfilled,yes,USD,75.0,0.0,0.0,75.0,,0.0,,2025-06-09 12:15:06 -0400,3,Hypothetically Fun,25.0,BGZ110454,0,,,,,,,,,Breaking Games,Low,web
#43763203801135,customer_185@example.com,185,Customer 185,,unfulfilled,yes,USD,75.0,0.0,0.0,75.0,,0.0,,2025-06-09 12:14:05 -0400,3,Rise of Tribes - Deluxe Upgrade (Base Game Required),25.0,BGZ110348,0,,,,,,,,,Breaking Games,Low,web
#43758652817455,customer_186@example.com,186,Customer 186,,unfulfilled,no,USD,35.0,29.72,0.0,64.72,,0.0,FedEx International Connect Plus®,2025-06-09 00:51:05 -0400,1,We're Doomed!,35.0,BGZ110345,0,Shenton Park,WA,AU,Shenton Park,WA,AU,,,Breaking Games,Low,web
#43757606174767,customer_187@example.com,187,Customer 187,,unfulfilled,yes,USD,50.0,0.0,0.0,50.0,,0.0,,2025-06-08 22:50:35 -0400,2,Something Wicked,25.0,BGZ110026,0,,,,,,,,,Breaking Games,Low,web
#43757278265391,customer_188@example.com,188,Customer 188,,unfulfilled,yes,USD,75.0,0.0,0.0,75.0,,0.0,,2025-06-08 22:14:32 -0400,3,Aura,25.0,BGZ110019,0,,,,,,,,,Breaking Games,Low,web
#43757254574127,customer_189@example.com,189,Customer 189,,unfulfilled,yes,USD,150.0,0.0,0.0,150.0,,0.0,,2025-06-08 22:11:05 -0400,5,Convert: The Game,30.0,BGZ110663,0,,,,,,,,,Breaking Games,Low,web
#43757250183215,customer_190@example.com,190,Customer 190,,unfulfilled,yes,USD,60.0,0.0,0.0,60.0,,0.0,,2025-06-08 22:11:05 -0400,3,Infinite Jonathans,20.0,BGZ111544,0,,,,,,,,,Breaking Games,Low,web
#43754983358511,customer_191@example.com,191,Customer 191,,unfulfilled,yes,USD,30.0,0.0,0.0,30.0,,0.0,,2025-06-08 16:21:05 -0400,3,Suddenly Drunk: Gross Expansion,10.0,BGZ110105,0,,,,,,,,,Breaking Games,Low,web
#43754148003887,customer_192@example.com,192,Customer 192,,unfulfilled,yes,USD,49.49,0.0,4.09,53.58,WELCOME10,5.5,Standard,2025-06-08 13:10:32 -0400,1,We're Doomed: Meritocracy Expansion Pack | Party Game | 4-12 Players,19.99,BGZ117683,0,Austin,TX,US,Austin,TX,US,,,Breaking Games,Low,web
#43754148003887,customer_192@example.com,192,Customer 192,,,,,,,,,,,,2025-06-08 13:10:32 -0400,1,We're Doomed!,35.0,BGZ110345,0,,,,,,,,,Breaking Games,,
#43754090528815,customer_193@example.com,193,Customer 193,,unfulfilled,yes,USD,35.0,25.29,0.0,60.29,,0.0,Under 4lbs Fully Tracked,2025-06-08 13:03:09 -0400,1,We're Doomed!,35.0,BGZ110345,0,Leganés,M,ES,Leganés,M,ES,,,Breaking Games,Low,web
#43753876979759,customer_194@example.com,194,Customer 194,,unfulfilled,yes,USD,75.0,0.0,0.0,75.0,,0.0,,2025-06-08 12:11:02 -0400,3,Aura,25.0,BGZ110019,0,,,,,,,,,Breaking Games,Low,web
#43753866166319,customer_195@example.com,195,Customer 195,,unfulfilled,yes,USD,125.0,0.0,0.0,125.0,,0.0,,2025-06-08 12:08:09 -0400,5,Rise of Tribes - Deluxe Upgrade (Base Game Required),25.0,BGZ110348,0,,,,,,,,,Breaking Games,Low,web
#43753738305583,customer_196@example.com,196,Customer 196,,unfulfilled,yes,USD,69.99,23.0,0.0,92.99,,0.0,Under 4lbs Fully Tracked,2025-06-08 11:40:37 -0400,1,Dwellings of Eldervale - LEGENDARY Upgrade Kit,69.99,BGZ115836,0,Grande Prairie,AB,CA,Grande Prairie,AB,CA,,,Breaking Games,Low,web
#43752569503791,customer_197@example.com,197,Customer 197,,unfulfilled,yes,USD,6.99,0.0,0.49,7.48,,0.0,,2025-06-08 06:43:08 -0400,1,Rise of Tribes: The Mesa Hex Tile (Base Game Required),6.99,BGZ110793,0,villa rica,GA,US,,,,,,Breaking Games,Low,web
#43752525168687,customer_198@example.com,198,Customer 198,,unfulfilled,yes,USD,7.99,8.81,0.0,16.8,,0.0,Under 4lbs Fully Tracked,2025-06-08 06:31:36 -0400,1,Dwellings of Eldervale - Mother of Dragons Miniature,7.99,BGZ116104,0,Woking,ENG,GB,Woking,ENG,GB,,,Breaking Games,Low,web
#43752103575599,customer_199@example.com,199,Customer 199,,unfulfilled,yes,USD,90.0,0.0,0.0,90.0,,0.0,,2025-06-08 04:22:02 -0400,3,Convert: The Game,30.0,BGZ110663,0,,,,,,,,,Breaking Games,Low,web
#43751805681711,customer_200@example.com,200,Customer 200,,unfulfilled,yes,USD,19.99,0.0,2.04,34.37,,0.0,,2025-06-08 02:55:35 -0400,1,We're Doomed: Meritocracy Expansion Pack | Party Game | 4-12 Players,19.99,BGZ117683,0,,,,,,,,,Breaking Games,Low,web
#43749337333807,customer_201@example.com,201,Customer 201,,unfulfilled,yes,USD,50.0,0.0,0.0,50.0,,0.0,,2025-06-07 20:14:32 -0400,5,Suddenly Stoned,10.0,BGZ110265,0,,,,,,,,,Breaking Games,Low,web
#43746707800111,customer_202@example.com,202,Customer 202,,unfulfilled,yes,USD,299.97,0.0,0.0,299.97,,0.0,,2025-06-07 15:08:01 -0400,3,Dwellings of Eldervale 2nd Edition: Standard,99.99,BGZ115837,0,,,,,,,,,Breaking Games,Low,web
#43745640349743,customer_193@example.com,193,Customer 193,,unfulfilled,no,USD,35.0,25.29,0.0,60.29,,0.0,Under 4lbs Fully Tracked,2025-06-07 12:17:37 -0400,1,We're Doomed!,35.0,BGZ110345,0,Leganes,M,ES,Leganes,M,ES,,,Breaking Games,Low,web
#43745596112943,customer_203@example.com,203,Customer 203,,unfulfilled,yes,USD,75.0,0.0,0.0,75.0,,0.0,,2025-06-07 12:08:07 -0400,3,Trellis,25.0,BGZ110039,0,,,,,,,,,Breaking Games,Low,web
#43745580023855,customer_204@example.com,204,Customer 204,,unfulfilled,yes,USD,125.0,0.0,0.0,125.0,,0.0,,2025-06-07 12:03:31 -0400,5,Something Wicked,25.0,BGZ110026,0,,,,,,,,,Breaking Games,Low,web
#43745568489519,customer_205@example.com,205,Customer 205,,unfulfilled,yes,USD,30.0,0.0,0.0,30.0,,0.0,,2025-06-07 12:01:08 -0400,3,Suddenly Stoned,10.0,BGZ110265,0,,,,,,,,,Breaking Games,Low,web
#43740791275567,customer_206@example.com,206,Customer 206,,unfulfilled,yes,USD,75.0,0.0,0.0,75.0,,0.0,,2025-06-06 23:11:04 -0400,3,It Dies With Me,25.0,BGZ110356,0,,,,,,,,,Breaking Games,Low,web
#43740010840111,customer_207@example.com,207,Customer 207,,unfulfilled,yes,USD,50.0,0.0,0.0,50.0,,0.0,,2025-06-06 21:04:05 -0400,5,POOP: Public Restroom Edition | Family Friendly Card Game | 2-5 Players,10.0,BGZ1005,0,,,,,,,,,Breaking Games,Low,web
#43739785920559,customer_208@example.com,208,Customer 208,,unfulfilled,no,USD,12.99,5.7,1.24,19.93,,0.0,USPS Ground Advantage,2025-06-06 20:26:31 -0400,1,Rise of Tribes: The Vul'Keth Invasion Expansion (Base Game Required),12.99,BGZ111558,0,Palmyra,NJ,US,Palmyra,NJ,US,,,Breaking Games,Low,web
#43737825083439,customer_209@example.com,209,Customer 209,,unfulfilled,yes,USD,60.0,0.0,0.0,60.0,,0.0,,2025-06-06 16:25:03 -0400,6,POOP: Party Pooper Edition | Family Friendly Card Game | 2-5 Players,10.0,BGZ1002,0,,,,,,,,,Breaking Games,Low,web
#43736691572783,customer_210@example.com,210,Customer 210,,unfulfilled,yes,USD,50.0,0.0,0.0,50.0,,0.0,,2025-06-06 14:32:09 -0400,5,Suddenly Drunk: Gross Expansion,10.0,BGZ110105,0,,,,,,,,,Breaking Games,Low,web
#43736414847023,customer_211@example.com,211,Customer 211,,unfulfilled,yes,USD,10.0,0.0,0.0,10.0,,0.0,,2025-06-06 14:03:38 -0400,1,POOP: The Game,10.0,BGZ1001,0,,,,,,,,,Breaking Games,Low,web
#43736382242863,customer_212@example.com,212,Customer 212,,unfulfilled,yes,USD,135.0,0.0,0.0,135.0,,0.0,,2025-06-06 14:00:37 -0400,3,Asking For Trobils | Worker Placement Strategy Game | 2-7 Players,45.0,BGZ1343,0,,,,,,,,,Breaking Games,Low,web
#43736057151535,customer_213@example.com,213,Customer 213,,unfulfilled,yes,USD,150.0,0.0,0.0,150.0,,0.0,,2025-06-06 13:16:07 -0400,3,Rise of Tribes - Standard Edition,50.0,BGZ110288,0,,,,,,,,,Breaking Games,Low,web
#43735781179439,customer_214@example.com,214,Customer 214,,unfulfilled,yes,USD,55.0,0.0,2.44,57.44,,0.0,Standard,2025-06-06 12:34:02 -0400,1,Pocket Dungeon Quest,25.0,BGZ110228,0,Fort Collins,CO,US,Pueblo,CO,US,,,Breaking Games,Low,web
#43735781179439,customer_214@example.com,214,Customer 214,,,,,,,,,,,,2025-06-06 12:34:02 -0400,1,Boomtown Bandits,30.0,BGZ1220,0,,,,,,,,,Breaking Games,,
#43735758340143,customer_215@example.com,215,Customer 215,,unfulfilled,yes,USD,30.0,0.0,0.0,30.0,,0.0,,2025-06-06 12:30:06 -0400,3,POOP: Party Pooper Edition | Family Friendly Card Game | 2-5 Players,10.0,BGZ1002,0,,,,,,,,,Breaking Games,Low,web
#43735481942063,customer_216@example.com,216,Customer 216,,unfulfilled,no,USD,69.99,0.0,0.0,69.99,,0.0,Standard,2025-06-06 11:46:36 -0400,1,Dwellings of Eldervale - LEGENDARY Upgrade Kit,69.99,BGZ115836,0,jonesboro,AR,US,jonesboro,AR,US,,,Breaking Games,Low,web
#43734849323055,customer_217@example.com,217,Customer 217,,unfulfilled,yes,USD,180.0,0.0,0.0,180.0,,0.0,,2025-06-06 10:05:33 -0400,6,Convert: The Game,30.0,BGZ110663,0,,,,,,,,,Breaking Games,Low,web
#43734091235375,customer_218@example.com,218,Customer 218,,unfulfilled,yes,USD,175.0,0.0,0.0,175.0,,0.0,,2025-06-06 07:56:01 -0400,5,We're Doomed!,35.0,BGZ110345,0,,,,,,,,,Breaking Games,Low,web
#43732446838831,customer_219@example.com,219,Customer 219,,unfulfilled,yes,USD,75.0,0.0,0.0,75.0,,0.0,,2025-06-06 04:50:32 -0400,3,Hypothetically Fun,25.0,BGZ110454,0,,,,,,,,,Breaking Games,Low,web
#43731833684015,customer_220@example.com,220,Customer 220,,unfulfilled,yes,USD,30.0,0.0,0.0,30.0,,0.0,,2025-06-06 04:00:02 -0400,3,Suddenly Drunk: Gross Expansion,10.0,BGZ110105,0,,,,,,,,,Breaking Games,Low,web
#43729812946991,customer_221@example.com,221,Customer 221,,unfulfilled,yes,USD,60.0,0.0,0.0,60.0,,0.0,,2025-06-06 01:15:33 -0400,6,POOP: Kawaii Edition | Family Friendly Card Game | 2-5 Players,10.0,BGZ110343,0,,,,,,,,,Breaking Games,Low,web
#43729202610223,customer_222@example.com,222,Customer 222,,unfulfilled,yes,USD,75.0,0.0,0.0,75.0,,0.0,,2025-06-06 00:26:08 -0400,3,Letter Tycoon,25.0,BGZ117727,0,,,,,,,,,Breaking Games,Low,web
#43729201266735,customer_223@example.com,223,Customer 223,,unfulfilled,yes,USD,100.0,0.0,10.2,110.2,,0.0,,2025-06-06 00:24:32 -0400,2,Rise of Tribes - Standard Edition,50.0,BGZ110288,0,,,,,,,,,Breaking Games,Low,web
#43729020780591,customer_224@example.com,224,Customer 224,,unfulfilled,no,USD,43.96,15.11,0.0,59.07,,0.0,Under 4lbs Fully Tracked,2025-06-06 00:11:07 -0400,2,Dwellings of Eldervale - Oracle Hex Tile,6.99,BGZ115833,0,Devonport,TAS,AU,Devonport,TAS,AU,,,Breaking Games,Low,web
#43729020780591,customer_224@example.com,224,Customer 224,,,,,,,,,,,,2025-06-06 00:11:07 -0400,1,Dwellings of Eldervale - Shapeshifter Mercenary Mini Expansion,9.99,BGZ115834,0,,,,,,,,,Breaking Games,,
#43729020780591,customer_224@example.com,224,Customer 224,,,,,,,,,,,,2025-06-06 00:11:07 -0400,1,Dwellings of Eldervale - Wooden Upgrade Treasure and Trove Tokens,19.99,BGZ115354,0,,,,,,,,,Breaking Games,,
#43726882963503,customer_225@example.com,225,Customer 225,,unfulfilled,yes,USD,60.0,0.0,0.0,60.0,,0.0,,2025-06-05 20:57:38 -0400,3,Poop: Brown Bag Combo | Family Friendly Card Game | 2-10 Players,20.0,BGZ115886,0,,,,,,,,,Breaking Games,Low,web
#43726018052143,customer_226@example.com,226,Customer 226,,unfulfilled,yes,USD,150.0,0.0,0.0,150.0,,0.0,,2025-06-05 19:23:32 -0400,6,Billionaire Banshee,25.0,BGZ1549,0,,,,,,,,,Breaking Games,Low,web
#43725110149167,customer_227@example.com,227,Customer 227,,unfulfilled,yes,USD,75.0,0.0,0.0,75.0,,0.0,,2025-06-05 17:23:06 -0400,3,Hypothetically Fun,25.0,BGZ110454,0,,,,,,,,,Breaking Games,Low,web
#43725057687599,customer_228@example.com,228,Customer 228,,unfulfilled,yes,USD,20.0,0.0,0.0,20.0,,0.0,,2025-06-05 17:16:38 -0400,2,POOP: Party Pooper Edition | Family Friendly Card Game | 2-5 Players,10.0,BGZ1002,0,,,,,,,,,Breaking Games,Low,web
#43724368248879,customer_229@example.com,229,Customer 229,,unfulfilled,yes,USD,75.0,0.0,0.0,75.0,,0.0,,2025-06-05 15:51:07 -0400,3,Mansplaining | Family Party Card Game | 2+ Players,25.0,BGZ116250,0,,,,,,,,,Breaking Games,Low,web
#43724338528303,customer_230@example.com,230,Customer 230,,unfulfilled,yes,USD,50.0,0.0,0.0,50.0,,0.0,,2025-06-05 15:47:02 -0400,5,The Mandela Effect Game,10.0,BGZ110764,0,,,,,,,,,Breaking Games,Low,web
#43722940547119,customer_231@example.com,231,Customer 231,,unfulfilled,yes,USD,30.0,0.0,0.0,30.0,,0.0,,2025-06-05 13:11:35 -0400,3,Suddenly Stoned,10.0,BGZ110265,0,,,,,,,,,Breaking Games,Low,web
#43722405412911,customer_232@example.com,232,Customer 232,,unfulfilled,yes,USD,60.0,0.0,0.0,60.0,,0.0,,2025-06-05 12:18:08 -0400,3,MIXTAPE,20.0,BGZ110347,0,,,,,,,,,Breaking Games,Low,web
#43722057416751,customer_233@example.com,233,Customer 233,,unfulfilled,yes,USD,6.99,0.0,0.49,7.48,,0.0,,2025-06-05 11:42:08 -0400,1,Rise of Tribes: The Mesa Hex Tile (Base Game Required),6.99,BGZ110793,0,villa rica,GA,US,,,,,,Breaking Games,Low,web
#43720842838063,customer_234@example.com,234,Customer 234,,unfulfilled,yes,USD,75.0,0.0,0.0,75.0,,0.0,,2025-06-05 09:39:30 -0400,3,Aura,25.0,BGZ110019,0,,,,,,,,,Breaking Games,Low,web
#43720328085551,customer_235@example.com,235,Customer 235,,unfulfilled,yes,USD,60.0,0.0,0.0,60.0,,0.0,,2025-06-05 08:48:04 -0400,3,Fake News,20.0,BGZ110312,0,,,,,,,,,Breaking Games,Low,web
#43719924809775,customer_236@example.com,236,Customer 236,,unfulfilled,yes,USD,75.0,0.0,0.0,75.0,,0.0,,2025-06-05 08:06:34 -0400,3,Billionaire Banshee,25.0,BGZ1549,0,,,,,,,,,Breaking Games,Low,web
#43718695551023,customer_237@example.com,237,Customer 237,,unfulfilled,yes,USD,25.0,22.03,0.0,47.03,,0.0,Under 4lbs Fully Tracked,2025-06-05 05:35:33 -0400,1,Letter Tycoon,25.0,BGZ117727,0,Budapest,,HU,Budapest,,HU,,,Breaking Games,Low,web
#43716993286191,customer_238@example.com,238,Customer 238,,unfulfilled,yes,USD,30.0,0.0,0.0,30.0,,0.0,,2025-06-05 00:42:08 -0400,3,POOP: Party Pooper Edition | Family Friendly Card Game | 2-5 Players,10.0,BGZ1002,0,,,,,,,,,Breaking Games,Low,web
#43716633395247,customer_239@example.com,239,Customer 239,,unfulfilled,yes,USD,20.0,0.0,0.0,20.0,,0.0,,2025-06-04 23:54:31 -0400,2,POOP: Party Pooper Edition | Family Friendly Card Game | 2-5 Players,10.0,BGZ1002,0,,,,,,,,,Breaking Games,Low,web
#43716634247215,customer_240@example.com,240,Customer 240,,unfulfilled,yes,USD,120.0,0.0,0.0,120.0,,0.0,,2025-06-04 23:54:09 -0400,6,Poop: Brown Bag Combo | Family Friendly Card Game | 2-10 Players,20.0,BGZ115886,0,,,,,,,,,Breaking Games,Low,web
#43715049881647,customer_241@example.com,241,Customer 241,,unfulfilled,yes,USD,90.0,0.0,0.0,90.0,,0.0,,2025-06-04 20:53:02 -0400,3,Convert: The Game,30.0,BGZ110663,0,,,,,,,,,Breaking Games,Low,web
#43714601844783,customer_242@example.com,242,Customer 242,,unfulfilled,yes,USD,75.0,0.0,0.0,75.0,,0.0,,2025-06-04 20:02:09 -0400,3,It Dies With Me,25.0,BGZ110356,0,,,,,,,,,Breaking Games,Low,web
#43712099713071,customer_243@example.com,243,Customer 243,,unfulfilled,yes,USD,75.0,0.0,0.0,75.0,,0.0,,2025-06-04 15:33:08 -0400,3,Rise of Tribes - Deluxe Upgrade (Base Game Required),25.0,BGZ110348,0,,,,,,,,,Breaking Games,Low,web
#43709828497455,customer_244@example.com,244,Customer 244,,unfulfilled,yes,USD,135.0,0.0,0.0,135.0,,0.0,,2025-06-04 10:46:03 -0400,3,Asking For Trobils | Worker Placement Strategy Game | 2-7 Players,45.0,BGZ1343,0,,,,,,,,,Breaking Games,Low,web
#43706252460079,customer_245@example.com,245,Customer 245,,unfulfilled,yes,USD,35.0,23.26,0.0,58.26,,0.0,FedEx International Connect Plus®,2025-06-04 02:15:37 -0400,1,We're Doomed!,35.0,BGZ110345,0,Tepic,NAY,MX,Tepic,NAY,MX,,,Breaking Games,Low,web
#43705747898415,customer_246@example.com,246,Customer 246,,unfulfilled,yes,USD,60.0,0.0,0.0,60.0,,0.0,,2025-06-04 01:13:03 -0400,6,POOP: Party Pooper Edition | Family Friendly Card Game | 2-5 Players,10.0,BGZ1002,0,,,,,,,,,Breaking Games,Low,web
#43704294178863,customer_247@example.com,247,Customer 247,,unfulfilled,yes,USD,99.99,77.12,0.0,177.11,,0.0,FedEx International Connect Plus®,2025-06-03 22:06:02 -0400,1,Dwellings of Eldervale 2nd Edition: Standard,99.99,BGZ115837,0,Riyadh,,SA,Riyadh,,SA,,,Breaking Games,Low,web
#43703387226159,customer_248@example.com,248,Customer 248,,unfulfilled,yes,USD,75.0,0.0,0.0,75.0,,0.0,,2025-06-03 20:02:00 -0400,3,Rise of Tribes - Deluxe Upgrade (Base Game Required),25.0,BGZ110348,0,,,,,,,,,Breaking Games,Low,web
#43703334469679,customer_249@example.com,249,Customer 249,,unfulfilled,yes,USD,60.0,0.0,0.0,60.0,,0.0,,2025-06-03 19:50:00 -0400,3,MIXTAPE,20.0,BGZ110347,0,,,,,,,,,Breaking Games,Low,web
#43702528180271,customer_250@example.com,250,Customer 250,,unfulfilled,yes,USD,30.0,0.0,0.0,30.0,,0.0,,2025-06-03 17:39:03 -0400,3,POOP: The Game,10.0,BGZ1001,0,,,,,,,,,Breaking Games,Low,web
#43700013072431,customer_164@example.com,164,Customer 164,,unfulfilled,yes,USD,126.97,0.0,8.89,135.86,,0.0,Standard,2025-06-03 10:48:01 -0400,1,Dwellings of Eldervale - Wooden Upgrade Treasure and Trove Tokens,19.99,BGZ115354,0,miami beach,FL,US,miami beach,FL,US,,,Breaking Games,Low,web
#43700013072431,customer_164@example.com,164,Customer 164,,,,,,,,,,,,2025-06-03 10:48:01 -0400,1,Dwellings of Eldervale - Oracle Hex Tile,6.99,BGZ115833,0,,,,,,,,,Breaking Games,,
#43700013072431,customer_164@example.com,164,Customer 164,,,,,,,,,,,,2025-06-03 10:48:01 -0400,1,Dwellings of Eldervale 2nd Edition: Standard,99.99,BGZ115837,0,,,,,,,,,Breaking Games,,
#43698954698799,customer_251@example.com,251,Customer 251,,unfulfilled,yes,USD,25.0,14.03,0.0,39.03,,0.0,Under 4lbs Fully Tracked,2025-06-03 08:04:31 -0400,1,Rise of Tribes: Beast and Bronze Expansion (Base Game Required),25.0,BGZ111557,0,Brugge,,BE,Brugge,,BE,,,Breaking Games,Low,web
#43693779451951,customer_252@example.com,252,Customer 252,,unfulfilled,yes,USD,150.0,0.0,0.0,150.0,,0.0,,2025-06-02 22:47:09 -0400,3,Rise of Tribes - Standard Edition,50.0,BGZ110288,0,,,,,,,,,Breaking Games,Low,web
#43693404389423,customer_253@example.com,253,Customer 253,,unfulfilled,yes,USD,105.0,0.0,0.0,105.0,,0.0,,2025-06-02 22:12:04 -0400,3,We're Doomed!,35.0,BGZ110345,0,,,,,,,,,Breaking Games,Low,web
#43692675563567,customer_254@example.com,254,Customer 254,,unfulfilled,yes,USD,75.0,0.0,0.0,75.0,,0.0,,2025-06-02 21:00:10 -0400,3,Trellis,25.0,BGZ110039,0,,,,,,,,,Breaking Games,Low,web
#43692623626287,customer_255@example.com,255,Customer 255,,unfulfilled,yes,USD,45.0,0.0,0.0,45.0,,0.0,,2025-06-02 20:56:04 -0400,3,The Stars Align,15.0,BGZ110453,0,,,,,,,,,Breaking Games,Low,web
#43692224577583,customer_256@example.com,256,Customer 256,,unfulfilled,yes,USD,75.0,0.0,0.0,75.0,,0.0,,2025-06-02 20:12:34 -0400,3,Rise of Tribes - Deluxe Upgrade (Base Game Required),25.0,BGZ110348,0,,,,,,,,,Breaking Games,Low,web
#43692042977327,customer_257@example.com,257,Customer 257,,unfulfilled,yes,USD,75.0,0.0,0.0,75.0,,0.0,,2025-06-02 19:54:09 -0400,3,Mansplaining | Family Party Card Game | 2+ Players,25.0,BGZ116250,0,,,,,,,,,Breaking Games,Low,web
#43687057653807,customer_258@example.com,258,Customer 258,,unfulfilled,yes,USD,35.0,20.82,0.0,55.82,,0.0,Under 4lbs Fully Tracked,2025-06-02 10:19:07 -0400,1,We're Doomed!,35.0,BGZ110345,0,Woerden,,NL,Woerden,,NL,,,Breaking Games,Low,web
#43685304598575,customer_259@example.com,259,Customer 259,,unfulfilled,yes,USD,50.0,0.0,0.0,50.0,,0.0,,2025-06-02 06:30:37 -0400,5,POOP: The Game,10.0,BGZ1001,0,,,,,,,,,Breaking Games,Low,web
#43685035049007,customer_260@example.com,260,Customer 260,,unfulfilled,yes,USD,60.0,0.0,0.0,60.0,,0.0,,2025-06-02 05:54:08 -0400,3,Fake News,20.0,BGZ110312,0,,,,,,,,,Breaking Games,Low,web
#43684937957423,customer_261@example.com,261,Customer 261,,unfulfilled,yes,USD,50.0,0.0,0.0,50.0,,0.0,,2025-06-02 05:37:32 -0400,5,Suddenly Drunk: Gross Expansion,10.0,BGZ110105,0,,,,,,,,,Breaking Games,Low,web
#43684539924527,customer_262@example.com,262,Customer 262,,unfulfilled,yes,USD,30.0,0.0,0.0,30.0,,0.0,,2025-06-02 04:08:35 -0400,3,POOP: Party Pooper Edition | Family Friendly Card Game | 2-5 Players,10.0,BGZ1002,0,,,,,,,,,Breaking Games,Low,web
#43684539760687,customer_263@example.com,263,Customer 263,,unfulfilled,yes,USD,19.99,23.68,0.0,43.67,,0.0,FedEx International Connect Plus®,2025-06-02 04:06:32 -0400,1,Dwellings of Eldervale - Wooden Upgrade Treasure and Trove Tokens,19.99,BGZ115354,0,Dubai,DU,AE,Dubai,DU,AE,,,Breaking Games,Low,web
#43683552362543,customer_264@example.com,264,Customer 264,,unfulfilled,yes,USD,69.99,0.0,5.77,75.76,,0.0,Standard,2025-06-02 01:02:07 -0400,1,Dwellings of Eldervale - LEGENDARY Upgrade Kit,69.99,BGZ115836,0,Austin,TX,US,Austin,TX,US,,,Breaking Games,Low,web
#43682093236271,customer_265@example.com,265,Customer 265,,unfulfilled,yes,USD,50.0,0.0,0.0,50.0,,0.0,,2025-06-01 21:43:08 -0400,2,Billionaire Banshee,25.0,BGZ1549,0,,,,,,,,,Breaking Games,Low,web
#43681809137711,customer_266@example.com,266,Customer 266,,unfulfilled,yes,USD,60.0,0.0,0.0,60.0,,0.0,,2025-06-01 20:50:31 -0400,6,POOP: Party Pooper Edition | Family Friendly Card Game | 2-5 Players,10.0,BGZ1002,0,,,,,,,,,Breaking Games,Low,web
#43681548632111,customer_267@example.com,267,Customer 267,,unfulfilled,yes,USD,180.0,0.0,0.0,180.0,,0.0,,2025-06-01 20:10:32 -0400,6,Convert: The Game,30.0,BGZ110663,0,,,,,,,,,Breaking Games,Low,web
#43681357135919,customer_268@example.com,268,Customer 268,,unfulfilled,yes,USD,30.0,0.0,0.0,30.0,,0.0,,2025-06-01 19:45:04 -0400,3,POOP: Public Restroom Edition | Family Friendly Card Game | 2-5 Players,10.0,BGZ1005,0,,,,,,,,,Breaking Games,Low,web
#43681081851951,customer_269@example.com,269,Customer 269,,unfulfilled,yes,USD,30.0,0.0,0.0,30.0,,0.0,,2025-06-01 19:07:32 -0400,3,The Mandela Effect Game,10.0,BGZ110764,0,,,,,,,,,Breaking Games,Low,web
#43681080246319,customer_270@example.com,270,Customer 270,,unfulfilled,yes,USD,125.0,0.0,0.0,125.0,,0.0,,2025-06-01 19:06:31 -0400,5,Aura,25.0,BGZ110019,0,,,,,,,,,Breaking Games,Low,web
#43679527632943,customer_271@example.com,271,Customer 271,,unfulfilled,no,USD,35.0,21.61,0.0,56.61,,0.0,Under 4lbs Fully Tracked,2025-06-01 15:35:36 -0400,1,We're Doomed!,35.0,BGZ110345,0,Nørresundby,,DK,Nørresundby,,DK,,,Breaking Games,Low,web
#43660278300719,customer_272@example.com,272,Customer 272,,unfulfilled,yes,USD,50.0,0.0,0.0,50.0,,0.0,,2025-05-30 20:39:02 -0400,5,POOP: Party Pooper Edition | Family Friendly Card Game | 2-5 Players,10.0,BGZ1002,0,,,,,,,,,Breaking Games,Low,web
#43659911757871,customer_273@example.com,273,Customer 273,,unfulfilled,no,USD,6.99,7.71,0.0,14.7,,0.0,Under 4lbs Fully Tracked,2025-05-30 19:39:02 -0400,1,Dwellings of Eldervale - Oracle Hex Tile,6.99,BGZ115833,0,Puerto Real,CA,ES,Puerto Real,CA,ES,,,Breaking Games,Low,web
#43651379200047,customer_274@example.com,274,Customer 274,,unfulfilled,yes,USD,399.96,0.0,0.0,399.96,,0.0,,2025-05-29 19:31:36 -0400,4,Dwellings of Eldervale 2nd Edition: Standard,99.99,BGZ115837,0,,,,,,,,,Breaking Games,Low,web
#43649444053039,customer_275@example.com,275,Customer 275,,unfulfilled,yes,USD,20.0,0.0,2.04,34.38,,0.0,,2025-05-29 13:48:03 -0400,1,Fake News,20.0,BGZ110312,0,,,,,,,,,Breaking Games,Low,web
#43627209031727,customer_276@example.com,276,Customer 276,,unfulfilled,yes,USD,50.0,0.0,5.1,55.1,,0.0,,2025-05-27 08:09:33 -0400,2,Billionaire Banshee,25.0,BGZ1549,0,,,,,,,,,Breaking Games,Low,web
#43625943498799,customer_123@example.com,123,Customer 123,,unfulfilled,no,USD,24.27,9.71,0.0,33.98,WELCOME10,2.7,Under 4lbs Fully Tracked,2025-05-27 05:04:33 -0400,1,Dwellings of Eldervale - Shapeshifter Mercenary Mini Expansion,9.99,BGZ115834,0,Picassent,V,ES,Picassent,V,ES,,,Breaking Games,Low,web
#43625943498799,customer_123@example.com,123,Customer 123,,,,,,,,,,,,2025-05-27 05:04:33 -0400,1,Dwellings of Eldervale - Minotaur Mercenary Mini Expansion,9.99,BGZ115360,0,,,,,,,,,Breaking Games,,
#43625943498799,customer_123@example.com,123,Customer 123,,,,,,,,,,,,2025-05-27 05:04:33 -0400,1,Dwellings of Eldervale - Oracle Hex Tile,6.99,BGZ115833,0,,,,,,,,,Breaking Games,,
#43620675780655,customer_277@example.com,277,Customer 277,,unfulfilled,yes,USD,70.0,49.69,0.0,119.69,,0.0,Over 4lbs Fully Tracked,2025-05-26 17:03:30 -0400,2,We're Doomed!,35.0,BGZ110345,0,Conception Bay South,NL,CA,Conception Bay South,NL,CA,,,Breaking Games,Low,web
#43616366395439,customer_278@example.com,278,Customer 278,,unfulfilled,yes,USD,35.0,29.79,0.0,64.79,,0.0,FedEx International Connect Plus®,2025-05-26 06:17:35 -0400,1,We're Doomed!,35.0,BGZ110345,0,dural,NSW,AU,dural,NSW,AU,,,Breaking Games,Low,web
#43615220170799,customer_279@example.com,279,Customer 279,,unfulfilled,yes,USD,10.0,0.0,0.0,10.0,,0.0,,2025-05-26 02:38:35 -0400,1,The Mandela Effect Game,10.0,BGZ110764,0,,,,,,,,,Breaking Games,Low,web
#43591938736175,customer_280@example.com,280,Customer 280,,unfulfilled,yes,USD,30.0,0.0,0.0,30.0,,0.0,,2025-05-23 10:58:05 -0400,3,POOP: Party Pooper Edition | Family Friendly Card Game | 2-5 Players,10.0,BGZ1002,0,,,,,,,,,Breaking Games,Low,web
#43591888994351,customer_281@example.com,281,Customer 281,,unfulfilled,no,USD,6.99,5.12,0.72,12.83,,0.0,USPS Ground Advantage,2025-05-23 10:49:33 -0400,1,Rise of Tribes: The Mesa Hex Tile (Base Game Required),6.99,BGZ110793,0,Milwaukee,WI,US,Milwaukee,WI,US,,,Breaking Games,Low,web
#43591875100719,customer_282@example.com,282,Customer 282,,unfulfilled,no,USD,6.99,5.28,1.01,13.28,,0.0,USPS Ground Advantage,2025-05-23 10:47:35 -0400,1,Rise of Tribes: The Mesa Hex Tile (Base Game Required),6.99,BGZ110793,0,Austin,TX,US,Austin,TX,US,,,Breaking Games,Low,web
#43591871135791,customer_283@example.com,283,Customer 283,,unfulfilled,no,USD,6.99,5.42,0.68,13.09,,0.0,USPS Ground Advantage,2025-05-23 10:47:31 -0400,1,Rise of Tribes: The Mesa Hex Tile (Base Game Required),6.99,BGZ110793,0,Los Angeles,CA,US,Los Angeles,CA,US,,,Breaking Games,Low,web
#43590118113327,customer_284@example.com,284,Customer 284,,unfulfilled,yes,USD,20.0,16.67,0.0,36.67,,0.0,Under 4lbs Fully Tracked,2025-05-23 06:37:36 -0400,1,The Game of 49 | Family Friendly Strategy Board Game | 2-5 Players,20.0,BGZ1049,0,Birmingham,ENG,GB,Birmingham,ENG,GB,,,Breaking Games,Low,web
#43589107417135,customer_285@example.com,285,Customer 285,,unfulfilled,yes,USD,20.0,0.0,2.04,34.38,,0.0,,2025-05-23 04:29:31 -0400,1,Poop: Brown Bag Combo | Family Friendly Card Game | 2-10 Players,20.0,BGZ115886,0,,,,,,,,,Breaking Games,Low,web
#43584463437871,customer_286@example.com,286,Customer 286,,unfulfilled,yes,USD,69.99,19.23,0.0,89.22,,0.0,FedEx International Connect Plus®,2025-05-22 16:36:01 -0400,1,Dwellings of Eldervale - LEGENDARY Upgrade Kit,69.99,BGZ115836,0,Gatineau,QC,CA,Gatineau,QC,CA,,,Breaking Games,Low,web
#43579048362031,customer_287@example.com,287,Customer 287,,unfulfilled,yes,USD,90.0,0.0,0.0,90.0,,0.0,,2025-05-22 03:28:07 -0400,3,Convert: The Game,30.0,BGZ110663,0,,,,,,,,,Breaking Games,Low,web
#43574323773487,customer_288@example.com,288,Customer 288,,unfulfilled,yes,USD,60.0,0.0,0.0,60.0,,0.0,,2025-05-21 15:39:32 -0400,3,MIXTAPE,20.0,BGZ110347,0,,,,,,,,,Breaking Games,Low,web
#43574043148335,customer_289@example.com,289,Customer 289,,unfulfilled,yes,USD,125.0,0.0,0.0,125.0,,0.0,,2025-05-21 14:56:32 -0400,5,Trellis,25.0,BGZ110039,0,,,,,,,,,Breaking Games,Low,web
#43571032981551,customer_290@example.com,290,Customer 290,,unfulfilled,yes,USD,16.98,9.14,0.0,26.12,,0.0,Under 4lbs Fully Tracked,2025-05-21 06:37:06 -0400,1,Dwellings of Eldervale - Shapeshifter Mercenary Mini Expansion,9.99,BGZ115834,0,Invercargill,STL,NZ,Invercargill,STL,NZ,,,Breaking Games,Low,web
#43571032981551,customer_290@example.com,290,Customer 290,,,,,,,,,,,,2025-05-21 06:37:06 -0400,1,Dwellings of Eldervale - Oracle Hex Tile,6.99,BGZ115833,0,,,,,,,,,Breaking Games,,
#43566836154415,customer_291@example.com,291,Customer 291,,unfulfilled,yes,USD,89.99,113.81,0.0,203.8,WELCOME10,10.0,Over 4lbs Fully Tracked,2025-05-20 21:23:01 -0400,1,Dwellings of Eldervale 2nd Edition: Standard,99.99,BGZ115837,0,Wrocław,,PL,Wrocław,,PL,,,Breaking Games,Low,web
#43565415858223,customer_292@example.com,292,Customer 292,,unfulfilled,yes,USD,10.0,9.21,0.0,19.21,,0.0,Under 4lbs Fully Tracked,2025-05-20 16:55:31 -0400,1,POOP: The Game,10.0,BGZ1001,0,"Porís de Abona, Arico, Santa Cruz de Tenerife",TF,ES,"Porís de Abona, Arico, Santa Cruz de Tenerife",TF,ES,,,Breaking Games,Low,web
#43562909401135,customer_293@example.com,293,Customer 293,,unfulfilled,yes,USD,30.0,11.2,4.27,45.47,,0.0,USPS Ground Advantage,2025-05-20 09:31:08 -0400,2,Master Thief,15.0,BGZ110253,0,Seattle,WA,US,Seattle,WA,US,,,Breaking Games,Low,web
#43562523459631,customer_294@example.com,294,Customer 294,,unfulfilled,yes,USD,69.99,0.0,4.9,74.89,,0.0,Standard,2025-05-20 08:24:01 -0400,1,Dwellings of Eldervale - LEGENDARY Upgrade Kit,69.99,BGZ115836,0,Washington,IN,US,Petersburg,IN,US,,,Breaking Games,Low,web
#43561126133807,customer_295@example.com,295,Customer 295,,unfulfilled,yes,USD,125.0,0.0,0.0,125.0,,0.0,,2025-05-20 03:33:02 -0400,5,Trellis,25.0,BGZ110039,0,,,,,,,,,Breaking Games,Low,web
#43558130417711,customer_296@example.com,296,Customer 296,,unfulfilled,yes,USD,99.99,0.0,6.0,105.99,,0.0,Standard,2025-05-19 17:43:04 -0400,1,Dwellings of Eldervale 2nd Edition: Standard,99.99,BGZ115837,0,Roseto,PA,US,Roseto,PA,US,,,Breaking Games,Low,web
#43556546674735,customer_297@example.com,297,Customer 297,,unfulfilled,yes,USD,6.99,9.85,0.0,16.84,,0.0,Under 4lbs Fully Tracked,2025-05-19 13:06:33 -0400,1,Dwellings of Eldervale - Oracle Hex Tile,6.99,BGZ115833,0,København SV,,DK,København SV,,DK,,,Breaking Games,Low,web
#43554668937263,customer_298@example.com,298,Customer 298,,unfulfilled,yes,USD,75.0,0.0,0.0,75.0,,0.0,,2025-05-19 07:38:32 -0400,3,Something Wicked,25.0,BGZ110026,0,,,,,,,,,Breaking Games,Low,web
#43554467545135,customer_299@example.com,299,Customer 299,,unfulfilled,yes,USD,99.99,0.0,0.0,99.99,,0.0,,2025-05-19 06:57:30 -0400,1,Dwellings of Eldervale 2nd Edition: Standard,99.99,BGZ115837,0,,,,,,,,,Breaking Games,Low,web
#43554458763311,customer_300@example.com,300,Customer 300,,unfulfilled,yes,USD,125.0,0.0,0.0,125.0,,0.0,,2025-05-19 06:57:03 -0400,5,Aura,25.0,BGZ110019,0,,,,,,,,,Breaking Games,Low,web
#43552512835631,customer_301@example.com,301,Customer 301,,unfulfilled,yes,USD,6.99,5.05,0.42,12.46,,0.0,USPS Ground Advantage,2025-05-18 23:45:32 -0400,1,Dwellings of Eldervale - Oracle Hex Tile,6.99,BGZ115833,0,Rexburg,ID,US,Rexburg,ID,US,,,Breaking Games,Low,web
#43527044759599,customer_302@example.com,302,Customer 302,,unfulfilled,yes,USD,169.98,0.0,8.5,178.48,,0.0,Standard,2025-05-18 20:13:03 -0400,1,Dwellings of Eldervale - LEGENDARY Upgrade Kit,69.99,BGZ115836,0,Elm Grove,WI,US,Elm Grove,WI,US,,,Breaking Games,Low,web
#43527044759599,customer_302@example.com,302,Customer 302,,,,,,,,,,,,2025-05-18 20:13:03 -0400,1,Dwellings of Eldervale 2nd Edition: Standard,99.99,BGZ115837,0,,,,,,,,,Breaking Games,,
#43546416021551,customer_303@example.com,303,Customer 303,,unfulfilled,yes,USD,30.0,17.81,0.0,47.81,,0.0,Under 4lbs Fully Tracked,2025-05-18 04:52:33 -0400,1,Poop: Brown Bag Combo | Family Friendly Card Game | 2-10 Players,20.0,BGZ115886,0,Torhout,,BE,Torhout,,BE,,,Breaking Games,Low,web
#43546416021551,customer_303@example.com,303,Customer 303,,,,,,,,,,,,2025-05-18 04:52:33 -0400,1,POOP: Public Restroom Edition | Family Friendly Card Game | 2-5 Players,10.0,BGZ1005,0,,,,,,,,,Breaking Games,,
#43545940754479,customer_079@example.com,79,Customer 079,,unfulfilled,yes,USD,88.17,0.0,5.95,94.12,WELCOME10,9.8,Standard,2025-05-18 03:11:33 -0400,1,Dwellings of Eldervale - Mother of Dragons Miniature,7.99,BGZ116104,0,Akron,OH,US,Akron,OH,US,,,Breaking Games,Low,web
#43545940754479,customer_079@example.com,79,Customer 079,,,,,,,,,,,,2025-05-18 03:11:33 -0400,1,Dwellings of Eldervale - LEGENDARY Upgrade Kit,69.99,BGZ115836,0,,,,,,,,,Breaking Games,,
#43545940754479,customer_079@example.com,79,Customer 079,,,,,,,,,,,,2025-05-18 03:11:33 -0400,1,Dwellings of Eldervale - Wooden Upgrade Treasure and Trove Tokens,19.99,BGZ115354,0,,,,,,,,,Breaking Games,,
#43544536186927,customer_304@example.com,304,Customer 304,,unfulfilled,yes,USD,45.0,0.0,4.6,49.6,,0.0,,2025-05-17 22:28:04 -0400,1,Asking For Trobils | Worker Placement Strategy Game | 2-7 Players,45.0,BGZ1343,0,,,,,,,,,Breaking Games,Low,web
#43543409950767,customer_305@example.com,305,Customer 305,,unfulfilled,yes,USD,35.0,20.37,0.0,55.37,,0.0,Under 4lbs Fully Tracked,2025-05-17 18:59:33 -0400,1,We're Doomed!,35.0,BGZ110345,0,Mitchell,ON,CA,Stratford,ON,CA,,,Breaking Games,Low,web
#43540138557487,customer_306@example.com,306,Customer 306,,unfulfilled,yes,USD,6.99,8.88,0.0,15.87,,0.0,Under 4lbs Fully Tracked,2025-05-17 09:19:01 -0400,1,Dwellings of Eldervale - Oracle Hex Tile,6.99,BGZ115833,0,Novi Sad,,RS,Novi Sad,,RS,,,Breaking Games,Low,web
#43538373705775,customer_307@example.com,307,Customer 307,,unfulfilled,yes,USD,225.0,0.0,0.0,225.0,,0.0,,2025-05-17 03:31:37 -0400,5,Asking For Trobils | Worker Placement Strategy Game | 2-7 Players,45.0,BGZ1343,0,,,,,,,,,Breaking Games,Low,web
#43538358075439,customer_308@example.com,308,Customer 308,,unfulfilled,yes,USD,125.0,0.0,0.0,125.0,,0.0,,2025-05-17 03:27:08 -0400,5,Mansplaining | Family Party Card Game | 2+ Players,25.0,BGZ116250,0,,,,,,,,,Breaking Games,Low,web
#43538332745775,customer_309@example.com,309,Customer 309,,unfulfilled,yes,USD,30.0,0.0,0.0,30.0,,0.0,,2025-05-17 03:23:08 -0400,3,The Mandela Effect Game,10.0,BGZ110764,0,,,,,,,,,Breaking Games,Low,web
#43538326487087,customer_310@example.com,310,Customer 310,,unfulfilled,yes,USD,20.0,0.0,0.0,20.0,,0.0,,2025-05-17 03:20:04 -0400,1,Sparkle*Kitty | Family-Friendly Pattern Recognition Card Games | 3-8 Players,20.0,BGZ110378,0,Bellevue,WA,US,,,,,,Breaking Games,Low,web
#43537021960239,customer_311@example.com,311,Customer 311,,unfulfilled,yes,USD,20.0,0.0,0.0,20.0,,0.0,,2025-05-16 22:58:06 -0400,1,Sparkle*Kitty | Family-Friendly Pattern Recognition Card Games | 3-8 Players,20.0,BGZ110378,0,Bellevue,WA,US,,,,,,Breaking Games,Low,web
#43533140852783,customer_312@example.com,312,Customer 312,,unfulfilled,yes,USD,99.95,0.0,0.0,99.95,,0.0,,2025-05-16 11:24:34 -0400,5,We're Doomed: Meritocracy Expansion Pack | Party Game | 4-12 Players,19.99,BGZ117683,0,,,,,,,,,Breaking Games,Low,web
#43530446635055,customer_313@example.com,313,Customer 313,,unfulfilled,yes,USD,20.0,0.0,0.0,20.0,,0.0,,2025-05-16 03:37:04 -0400,1,Sparkle*Kitty | Family-Friendly Pattern Recognition Card Games | 3-8 Players,20.0,BGZ110378,0,Bellevue,WA,US,,,,,,Breaking Games,Low,web
#43528967815215,customer_314@example.com,314,Customer 314,,unfulfilled,no,USD,25.0,10.06,2.89,37.95,,0.0,USPS Ground Advantage,2025-05-16 01:46:02 -0400,1,Circular Reasoning - The Well of Power,25.0,BGZ110349,0,Carrollton,TX,US,Carrollton,TX,US,,,Breaking Games,Low,web
#43528791687215,customer_315@example.com,315,Customer 315,,unfulfilled,yes,USD,125.0,0.0,11.1,136.1,,0.0,Standard,2025-05-16 01:22:07 -0400,5,Billionaire Banshee,25.0,BGZ1549,0,Fremont,NC,US,JAMAICA,NY,US,Shopify Payments,,Breaking Games,Low,web
#43528228208687,customer_316@example.com,316,Customer 316,,unfulfilled,yes,USD,75.0,0.0,0.0,75.0,,0.0,,2025-05-15 23:50:39 -0400,3,It Dies With Me,25.0,BGZ110356,0,,,,,,,,,Breaking Games,Low,web
#43527925596207,customer_317@example.com,317,Customer 317,,unfulfilled,yes,USD,20.0,0.0,0.0,20.0,,0.0,,2025-05-15 23:03:34 -0400,1,Sparkle*Kitty | Family-Friendly Pattern Recognition Card Games | 3-8 Players,20.0,BGZ110378,0,Bellevue,WA,US,,,,,,Breaking Games,Low,web
#43526548455471,customer_318@example.com,318,Customer 318,,unfulfilled,yes,USD,20.0,0.0,0.0,20.0,,0.0,,2025-05-15 19:06:07 -0400,1,Sparkle*Kitty | Family-Friendly Pattern Recognition Card Games | 3-8 Players,20.0,BGZ110378,0,Bellevue,WA,US,,,,,,Breaking Games,Low,web
#43523822518319,customer_319@example.com,319,Customer 319,,unfulfilled,no,USD,26.97,9.71,0.0,36.68,,0.0,Under 4lbs Fully Tracked,2025-05-15 11:06:33 -0400,1,Dwellings of Eldervale - Minotaur Mercenary Mini Expansion,9.99,BGZ115360,0,San Martin de la Vega,M,ES,San Martin de la Vega,M,ES,,,Breaking Games,Low,web
#43523822518319,customer_319@example.com,319,Customer 319,,,,,,,,,,,,2025-05-15 11:06:33 -0400,1,Dwellings of Eldervale - Shapeshifter Mercenary Mini Expansion,9.99,BGZ115834,0,,,,,,,,,Breaking Games,,
#43523822518319,customer_319@example.com,319,Customer 319,,,,,,,,,,,,2025-05-15 11:06:33 -0400,1,Dwellings of Eldervale - Oracle Hex Tile,6.99,BGZ115833,0,,,,,,,,,Breaking Games,,
#43521934688303,customer_320@example.com,320,Customer 320,,unfulfilled,yes,USD,30.0,0.0,0.0,30.0,,0.0,,2025-05-15 07:03:03 -0400,3,Suddenly Drunk: Gross Expansion,10.0,BGZ110105,0,,,,,,,,,Breaking Games,Low,web
#43521932427311,customer_321@example.com,321,Customer 321,,unfulfilled,yes,USD,20.0,0.0,0.0,20.0,,0.0,,2025-05-15 07:01:35 -0400,1,Sparkle*Kitty | Family-Friendly Pattern Recognition Card Games | 3-8 Players,20.0,BGZ110378,0,Bellevue,WA,US,,,,,,Breaking Games,Low,web
#43521524891695,customer_322@example.com,322,Customer 322,,unfulfilled,yes,USD,20.0,0.0,0.0,20.0,,0.0,,2025-05-15 05:49:07 -0400,1,Sparkle*Kitty | Family-Friendly Pattern Recognition Card Games | 3-8 Players,20.0,BGZ110378,0,Bellevue,WA,US,,,,,,Breaking Games,Low,web
#43521285816367,customer_323@example.com,323,Customer 323,,unfulfilled,yes,USD,20.0,0.0,0.0,20.0,,0.0,,2025-05-15 05:08:03 -0400,1,Sparkle*Kitty | Family-Friendly Pattern Recognition Card Games | 3-8 Players,20.0,BGZ110378,0,Bellevue,WA,US,,,,,,Breaking Games,Low,web
#43521205305391,customer_324@example.com,324,Customer 324,,unfulfilled,yes,USD,20.0,0.0,0.0,20.0,,0.0,,2025-05-15 04:52:32 -0400,1,Sparkle*Kitty | Family-Friendly Pattern Recognition Card Games | 3-8 Players,20.0,BGZ110378,0,Bellevue,WA,US,,,,,,Breaking Games,Low,web
#43519553929263,customer_325@example.com,325,Customer 325,,unfulfilled,yes,USD,20.0,0.0,0.0,20.0,,0.0,,2025-05-14 23:40:03 -0400,1,Sparkle*Kitty | Family-Friendly Pattern Recognition Card Games | 3-8 Players,20.0,BGZ110378,0,Bellevue,WA,US,,,,,,Breaking Games,Low,web
#43519300010031,customer_326@example.com,326,Customer 326,,unfulfilled,yes,USD,20.0,0.0,0.0,20.0,,0.0,,2025-05-14 22:58:06 -0400,1,Sparkle*Kitty | Family-Friendly Pattern Recognition Card Games | 3-8 Players,20.0,BGZ110378,0,Bellevue,WA,US,,,,,,Breaking Games,Low,web
#43519011291183,customer_327@example.com,327,Customer 327,,unfulfilled,yes,USD,20.0,0.0,0.0,20.0,,0.0,,2025-05-14 22:09:02 -0400,1,Sparkle*Kitty | Family-Friendly Pattern Recognition Card Games | 3-8 Players,20.0,BGZ110378,0,Bellevue,WA,US,,,,,,Breaking Games,Low,web
#43518760288303,customer_328@example.com,328,Customer 328,,unfulfilled,yes,USD,20.0,0.0,0.0,20.0,,0.0,,2025-05-14 21:25:35 -0400,1,Sparkle*Kitty | Family-Friendly Pattern Recognition Card Games | 3-8 Players,20.0,BGZ110378,0,Bellevue,WA,US,,,,,,Breaking Games,Low,web
#43518475239471,customer_329@example.com,329,Customer 329,,unfulfilled,yes,USD,20.0,0.0,0.0,20.0,,0.0,,2025-05-14 20:35:32 -0400,1,Sparkle*Kitty | Family-Friendly Pattern Recognition Card Games | 3-8 Players,20.0,BGZ110378,0,Bellevue,WA,US,,,,,,Breaking Games,Low,web
#43518178426927,customer_330@example.com,330,Customer 330,,unfulfilled,yes,USD,20.0,0.0,0.0,20.0,,0.0,,2025-05-14 19:41:01 -0400,1,Sparkle*Kitty | Family-Friendly Pattern Recognition Card Games | 3-8 Players,20.0,BGZ110378,0,Bellevue,WA,US,,,,,,Breaking Games,Low,web
#43517965303855,customer_331@example.com,331,Customer 331,,unfulfilled,yes,USD,20.0,0.0,0.0,20.0,,0.0,,2025-05-14 19:03:34 -0400,2,POOP: Public Restroom Edition | Family Friendly Card Game | 2-5 Players,10.0,BGZ1005,0,,,,,,,,,Breaking Games,Low,web
#43517922803759,customer_332@example.com,332,Customer 332,,unfulfilled,yes,USD,20.0,0.0,0.0,20.0,,0.0,,2025-05-14 18:54:07 -0400,1,Sparkle*Kitty | Family-Friendly Pattern Recognition Card Games | 3-8 Players,20.0,BGZ110378,0,Bellevue,WA,US,,,,,,Breaking Games,Low,web
#43517680975919,customer_333@example.com,333,Customer 333,,unfulfilled,yes,USD,20.0,0.0,0.0,20.0,,0.0,,2025-05-14 18:07:32 -0400,1,Sparkle*Kitty | Family-Friendly Pattern Recognition Card Games | 3-8 Players,20.0,BGZ110378,0,Bellevue,WA,US,,,,,,Breaking Games,Low,web
#43517444554799,customer_334@example.com,334,Customer 334,,unfulfilled,yes,USD,20.0,0.0,0.0,20.0,,0.0,,2025-05-14 17:22:30 -0400,1,Sparkle*Kitty | Family-Friendly Pattern Recognition Card Games | 3-8 Players,20.0,BGZ110378,0,Bellevue,WA,US,,,,,,Breaking Games,Low,web
#43517117530159,customer_335@example.com,335,Customer 335,,unfulfilled,yes,USD,20.0,0.0,0.0,20.0,,0.0,,2025-05-14 16:25:31 -0400,1,Sparkle*Kitty | Family-Friendly Pattern Recognition Card Games | 3-8 Players,20.0,BGZ110378,0,Bellevue,WA,US,,,,,,Breaking Games,Low,web
#43516856500271,customer_336@example.com,336,Customer 336,,unfulfilled,yes,USD,75.0,0.0,0.0,75.0,,0.0,,2025-05-14 15:43:03 -0400,3,Rise of Tribes - Deluxe Upgrade (Base Game Required),25.0,BGZ110348,0,,,,,,,,,Breaking Games,Low,web
#43516861743151,customer_337@example.com,337,Customer 337,,unfulfilled,yes,USD,20.0,0.0,0.0,20.0,,0.0,,2025-05-14 15:42:34 -0400,1,Sparkle*Kitty | Family-Friendly Pattern Recognition Card Games | 3-8 Players,20.0,BGZ110378,0,Bellevue,WA,US,,,,,,Breaking Games,Low,web
#43516545826863,customer_338@example.com,338,Customer 338,,unfulfilled,yes,USD,20.0,0.0,0.0,20.0,,0.0,,2025-05-14 14:49:31 -0400,1,Sparkle*Kitty | Family-Friendly Pattern Recognition Card Games | 3-8 Players,20.0,BGZ110378,0,Bellevue,WA,US,,,,,,Breaking Games,Low,web
#43516315533359,customer_339@example.com,339,Customer 339,,unfulfilled,yes,USD,30.0,0.0,0.0,30.0,,0.0,,2025-05-14 14:10:06 -0400,3,POOP: Kawaii Edition | Family Friendly Card Game | 2-5 Players,10.0,BGZ110343,0,,,,,,,,,Breaking Games,Low,web
#43516050407471,customer_340@example.com,340,Customer 340,,unfulfilled,yes,USD,150.0,0.0,0.0,150.0,,0.0,,2025-05-14 13:25:06 -0400,3,Rise of Tribes - Standard Edition,50.0,BGZ110288,0,,,,,,,,,Breaking Games,Low,web
#43516011675695,customer_341@example.com,341,Customer 341,,unfulfilled,yes,USD,20.0,0.0,0.0,20.0,,0.0,,2025-05-14 13:17:31 -0400,1,Sparkle*Kitty | Family-Friendly Pattern Recognition Card Games | 3-8 Players,20.0,BGZ110378,0,Bellevue,WA,US,,,,,,Breaking Games,Low,web
#43515973107759,customer_342@example.com,342,Customer 342,,unfulfilled,yes,USD,60.0,0.0,0.0,60.0,,0.0,,2025-05-14 13:11:34 -0400,6,POOP: Party Pooper Edition | Family Friendly Card Game | 2-5 Players,10.0,BGZ1002,0,,,,,,,,,Breaking Games,Low,web
#43515736850479,customer_343@example.com,343,Customer 343,,unfulfilled,yes,USD,20.0,0.0,0.0,20.0,,0.0,,2025-05-14 12:31:32 -0400,1,Sparkle*Kitty | Family-Friendly Pattern Recognition Card Games | 3-8 Players,20.0,BGZ110378,0,Bellevue,WA,US,,,,,,Breaking Games,Low,web
#43515440693295,customer_344@example.com,344,Customer 344,,unfulfilled,yes,USD,20.0,0.0,0.0,20.0,,0.0,,2025-05-14 11:43:03 -0400,1,Sparkle*Kitty | Family-Friendly Pattern Recognition Card Games | 3-8 Players,20.0,BGZ110378,0,Bellevue,WA,US,,,,,,Breaking Games,Low,web
#43515119370287,customer_345@example.com,345,Customer 345,,unfulfilled,yes,USD,20.0,0.0,0.0,20.0,,0.0,,2025-05-14 10:55:31 -0400,1,Sparkle*Kitty | Family-Friendly Pattern Recognition Card Games | 3-8 Players,20.0,BGZ110378,0,Bellevue,WA,US,,,,,,Breaking Games,Low,web
#43514806140975,customer_346@example.com,346,Customer 346,,unfulfilled,yes,USD,20.0,0.0,0.0,20.0,,0.0,,2025-05-14 10:08:31 -0400,1,Sparkle*Kitty | Family-Friendly Pattern Recognition Card Games | 3-8 Players,20.0,BGZ110378,0,Bellevue,WA,US,,,,,,Breaking Games,Low,web
#43514773569583,customer_347@example.com,347,Customer 347,,unfulfilled,yes,USD,30.0,0.0,0.0,30.0,,0.0,,2025-05-14 10:05:38 -0400,3,Suddenly Stoned,10.0,BGZ110265,0,,,,,,,,,Breaking Games,Low,web
#43514490519599,customer_348@example.com,348,Customer 348,,unfulfilled,yes,USD,20.0,0.0,0.0,20.0,,0.0,,2025-05-14 09:22:01 -0400,1,Sparkle*Kitty | Family-Friendly Pattern Recognition Card Games | 3-8 Players,20.0,BGZ110378,0,Bellevue,WA,US,,,,,,Breaking Games,Low,web
#43514216775727,customer_349@example.com,349,Customer 349,,unfulfilled,yes,USD,20.0,0.0,0.0,20.0,,0.0,,2025-05-14 08:34:33 -0400,1,Sparkle*Kitty | Family-Friendly Pattern Recognition Card Games | 3-8 Players,20.0,BGZ110378,0,Bellevue,WA,US,,,,,,Breaking Games,Low,web
#43513945751599,customer_350@example.com,350,Customer 350,,unfulfilled,yes,USD,50.0,0.0,0.0,50.0,,0.0,,2025-05-14 07:51:05 -0400,5,POOP: Public Restroom Edition | Family Friendly Card Game | 2-5 Players,10.0,BGZ1005,0,,,,,,,,,Breaking Games,Low,web
#43513915998255,customer_351@example.com,351,Customer 351,,unfulfilled,yes,USD,20.0,0.0,0.0,20.0,,0.0,,2025-05-14 07:42:32 -0400,1,Sparkle*Kitty | Family-Friendly Pattern Recognition Card Games | 3-8 Players,20.0,BGZ110378,0,Bellevue,WA,US,,,,,,Breaking Games,Low,web
#43513680592943,customer_352@example.com,352,Customer 352,,unfulfilled,yes,USD,100.0,0.0,0.0,100.0,,0.0,,2025-05-14 07:04:04 -0400,5,Poop: Brown Bag Combo | Family Friendly Card Game | 2-10 Players,20.0,BGZ115886,0,,,,,,,,,Breaking Games,Low,web
#43513644548143,customer_353@example.com,353,Customer 353,,unfulfilled,yes,USD,20.0,0.0,0.0,20.0,,0.0,,2025-05-14 06:56:09 -0400,1,Sparkle*Kitty | Family-Friendly Pattern Recognition Card Games | 3-8 Players,20.0,BGZ110378,0,Bellevue,WA,US,,,,,,Breaking Games,Low,web
#43513390465071,customer_354@example.com,354,Customer 354,,unfulfilled,yes,USD,20.0,0.0,0.0,20.0,,0.0,,2025-05-14 06:08:09 -0400,1,Sparkle*Kitty | Family-Friendly Pattern Recognition Card Games | 3-8 Players,20.0,BGZ110378,0,Bellevue,WA,US,,,,,,Breaking Games,Low,web
#43513260605487,customer_355@example.com,355,Customer 355,,unfulfilled,yes,USD,20.0,0.0,0.0,20.0,,0.0,,2025-05-14 05:43:38 -0400,1,Sparkle*Kitty | Family-Friendly Pattern Recognition Card Games | 3-8 Players,20.0,BGZ110378,0,Bellevue,WA,US,,,,,,Breaking Games,Low,web
#43513024970799,customer_356@example.com,356,Customer 356,,unfulfilled,yes,USD,20.0,0.0,0.0,20.0,,0.0,,2025-05-14 04:59:38 -0400,1,Sparkle*Kitty | Family-Friendly Pattern Recognition Card Games | 3-8 Players,20.0,BGZ110378,0,Bellevue,WA,US,,,,,,Breaking Games,Low,web
#43512871845935,customer_357@example.com,357,Customer 357,,unfulfilled,yes,USD,75.0,0.0,0.0,75.0,,0.0,,2025-05-14 04:33:33 -0400,5,The Stars Align,15.0,BGZ110453,0,,,,,,,,,Breaking Games,Low,web
#43512798576687,customer_358@example.com,358,Customer 358,,unfulfilled,yes,USD,20.0,0.0,0.0,20.0,,0.0,,2025-05-14 04:16:32 -0400,1,Sparkle*Kitty | Family-Friendly Pattern Recognition Card Games | 3-8 Players,20.0,BGZ110378,0,Bellevue,WA,US,,,,,,Breaking Games,Low,web
#43512547344431,customer_359@example.com,359,Customer 359,,unfulfilled,yes,USD,60.0,0.0,0.0,60.0,,0.0,,2025-05-14 03:35:07 -0400,6,Suddenly Stoned,10.0,BGZ110265,0,,,,,,,,,Breaking Games,Low,web
#43512521981999,customer_360@example.com,360,Customer 360,,unfulfilled,yes,USD,20.0,0.0,0.0,20.0,,0.0,,2025-05-14 03:27:06 -0400,1,Sparkle*Kitty | Family-Friendly Pattern Recognition Card Games | 3-8 Players,20.0,BGZ110378,0,Bellevue,WA,US,,,,,,Breaking Games,Low,web
#43512516214831,customer_361@example.com,361,Customer 361,,unfulfilled,yes,USD,50.0,0.0,0.0,50.0,,0.0,,2025-05-14 03:27:02 -0400,2,Hypothetically Fun,25.0,BGZ110454,0,,,,,,,,,Breaking Games,Low,web
#43511203266607,customer_362@example.com,362,Customer 362,,unfulfilled,yes,USD,69.99,29.67,0.0,99.66,,0.0,FedEx International Connect Plus®,2025-05-13 23:19:00 -0400,1,Dwellings of Eldervale - LEGENDARY Upgrade Kit,69.99,BGZ115836,0,Lane Cove,NSW,AU,Lane Cove,NSW,AU,,,Breaking Games,Low,web
#43511110598703,customer_363@example.com,363,Customer 363,,unfulfilled,yes,USD,60.0,0.0,0.0,60.0,,0.0,,2025-05-13 23:01:06 -0400,6,Suddenly Stoned,10.0,BGZ110265,0,,,,,,,,,Breaking Games,Low,web
#43511089135663,customer_364@example.com,364,Customer 364,,unfulfilled,yes,USD,20.0,0.0,0.0,20.0,,0.0,,2025-05-13 22:56:32 -0400,1,Sparkle*Kitty | Family-Friendly Pattern Recognition Card Games | 3-8 Players,20.0,BGZ110378,0,Bellevue,WA,US,,,,,,Breaking Games,Low,web
#43507144556591,customer_365@example.com,365,Customer 365,,unfulfilled,yes,USD,90.0,0.0,0.0,90.0,,0.0,,2025-05-13 11:36:34 -0400,3,Convert: The Game,30.0,BGZ110663,0,,,,,,,,,Breaking Games,Low,web
#43506889457711,customer_366@example.com,366,Customer 366,,unfulfilled,yes,USD,30.0,0.0,0.0,30.0,,0.0,,2025-05-13 10:54:35 -0400,3,Suddenly Drunk: Gross Expansion,10.0,BGZ110105,0,,,,,,,,,Breaking Games,Low,web
#43506896928815,customer_367@example.com,367,Customer 367,,unfulfilled,yes,USD,20.0,0.0,0.0,20.0,,0.0,,2025-05-13 10:54:02 -0400,1,Sparkle*Kitty | Family-Friendly Pattern Recognition Card Games | 3-8 Players,20.0,BGZ110378,0,Bellevue,WA,US,,,,,,Breaking Games,Low,web
#43505137090607,customer_368@example.com,368,Customer 368,,unfulfilled,yes,USD,135.0,0.0,0.0,135.0,,0.0,,2025-05-13 07:00:31 -0400,3,Asking For Trobils | Worker Placement Strategy Game | 2-7 Players,45.0,BGZ1343,0,,,,,,,,,Breaking Games,Low,web
#43505109925935,customer_369@example.com,369,Customer 369,,unfulfilled,yes,USD,45.0,0.0,0.0,45.0,,0.0,,2025-05-13 06:58:09 -0400,3,The Stars Align,15.0,BGZ110453,0,,,,,,,,,Breaking Games,Low,web
#43505095442479,customer_370@example.com,370,Customer 370,,unfulfilled,yes,USD,150.0,0.0,0.0,150.0,,0.0,,2025-05-13 06:57:35 -0400,3,Rise of Tribes - Standard Edition,50.0,BGZ110288,0,,,,,,,,,Breaking Games,Low,web
#43505112481839,customer_371@example.com,371,Customer 371,,unfulfilled,yes,USD,20.0,0.0,0.0,20.0,,0.0,,2025-05-13 06:57:06 -0400,1,Sparkle*Kitty | Family-Friendly Pattern Recognition Card Games | 3-8 Players,20.0,BGZ110378,0,Bellevue,WA,US,,,,,,Breaking Games,Low,web
#43499264278575,customer_372@example.com,372,Customer 372,,unfulfilled,yes,USD,20.0,0.0,0.0,20.0,,0.0,,2025-05-12 15:02:34 -0400,1,Sparkle*Kitty | Family-Friendly Pattern Recognition Card Games | 3-8 Players,20.0,BGZ110378,0,Bellevue,WA,US,,,,,,Breaking Games,Low,web
#43497293053999,customer_373@example.com,373,Customer 373,,unfulfilled,yes,USD,69.99,19.48,0.0,89.47,,0.0,Under 4lbs Fully Tracked,2025-05-12 09:41:07 -0400,1,Dwellings of Eldervale - LEGENDARY Upgrade Kit,69.99,BGZ115836,0,Retford,ENG,GB,Retford,ENG,GB,,,Breaking Games,Low,web
#43495542259759,customer_374@example.com,374,Customer 374,,unfulfilled,yes,USD,20.0,0.0,2.04,29.2,,0.0,,2025-05-12 03:56:34 -0400,2,Suddenly Drunk: Gross Expansion,10.0,BGZ110105,0,,,,,,,,,Breaking Games,Low,web
#43493081710639,customer_375@example.com,375,Customer 375,,unfulfilled,yes,USD,53.99,24.29,0.0,78.28,WELCOME10,6.0,FedEx International Connect Plus®,2025-05-11 19:53:30 -0400,1,Flick Wars - Tabletop Dexterity Combat Game with 3D Terrain,59.99,BGZ110986,0,Laval,QC,CA,Laval,QC,CA,,,Breaking Games,Low,web
#43492919345199,customer_376@example.com,376,Customer 376,,unfulfilled,yes,USD,75.0,0.0,0.0,75.0,,0.0,,2025-05-11 19:22:00 -0400,3,Rise of Tribes - Deluxe Upgrade (Base Game Required),25.0,BGZ110348,0,,,,,,,,,Breaking Games,Low,web
#43490095333423,customer_377@example.com,377,Customer 377,,unfulfilled,no,USD,20.0,10.06,1.26,31.32,,0.0,USPS Ground Advantage,2025-05-11 17:44:31 -0400,1,Poop: Brown Bag Combo | Family Friendly Card Game | 2-10 Players,20.0,BGZ115886,0,Madison,SD,US,Madison,SD,US,,,Breaking Games,Low,web
#43490512863279,customer_378@example.com,378,Customer 378,,unfulfilled,yes,USD,40.0,0.0,4.08,44.08,,0.0,,2025-05-11 12:02:02 -0400,2,Infinite Jonathans,20.0,BGZ111544,0,,,,,,,,,Breaking Games,Low,web
#43490374352943,customer_379@example.com,379,Customer 379,,unfulfilled,yes,USD,210.0,0.0,0.0,210.0,,0.0,,2025-05-11 11:37:31 -0400,6,We're Doomed!,35.0,BGZ110345,0,,,,,,,,,Breaking Games,Low,web
#43490354167855,customer_380@example.com,380,Customer 380,,unfulfilled,yes,USD,20.0,0.0,0.0,20.0,,0.0,,2025-05-11 11:33:06 -0400,1,Sparkle*Kitty | Family-Friendly Pattern Recognition Card Games | 3-8 Players,20.0,BGZ110378,0,Bellevue,WA,US,,,,,,Breaking Games,Low,web
#43490104475695,customer_381@example.com,381,Customer 381,,unfulfilled,yes,USD,20.0,0.0,0.0,20.0,,0.0,,2025-05-11 10:48:02 -0400,1,Sparkle*Kitty | Family-Friendly Pattern Recognition Card Games | 3-8 Players,20.0,BGZ110378,0,Bellevue,WA,US,,,,,,Breaking Games,Low,web
#43488924925999,customer_382@example.com,382,Customer 382,,unfulfilled,yes,USD,75.0,0.0,0.0,75.0,,0.0,,2025-05-11 07:12:07 -0400,3,Trellis,25.0,BGZ110039,0,,,,,,,,,Breaking Games,Low,web
#43486782029871,customer_383@example.com,383,Customer 383,,unfulfilled,yes,USD,30.0,0.0,0.0,30.0,,0.0,,2025-05-10 23:47:30 -0400,3,POOP: Kawaii Edition | Family Friendly Card Game | 2-5 Players,10.0,BGZ110343,0,,,,,,,,,Breaking Games,Low,web
#43486772330543,customer_384@example.com,384,Customer 384,,unfulfilled,yes,USD,20.0,0.0,0.0,20.0,,0.0,,2025-05-10 23:44:06 -0400,1,Sparkle*Kitty | Family-Friendly Pattern Recognition Card Games | 3-8 Players,20.0,BGZ110378,0,Bellevue,WA,US,,,,,,Breaking Games,Low,web
#43486738120751,customer_385@example.com,385,Customer 385,,unfulfilled,yes,USD,150.0,0.0,0.0,150.0,,0.0,,2025-05-10 23:38:01 -0400,3,Rise of Tribes - Standard Edition,50.0,BGZ110288,0,,,,,,,,,Breaking Games,Low,web
#43486572019759,customer_386@example.com,386,Customer 386,,unfulfilled,yes,USD,75.0,0.0,0.0,75.0,,0.0,,2025-05-10 23:07:32 -0400,3,Aura,25.0,BGZ110019,0,,,,,,,,,Breaking Games,Low,web
#43486533943343,customer_387@example.com,387,Customer 387,,unfulfilled,yes,USD,30.0,0.0,0.0,30.0,,0.0,,2025-05-10 22:59:36 -0400,3,Suddenly Stoned,10.0,BGZ110265,0,,,,,,,,,Breaking Games,Low,web
#43486526963759,customer_388@example.com,388,Customer 388,,unfulfilled,yes,USD,120.0,0.0,0.0,120.0,,0.0,,2025-05-10 22:57:01 -0400,6,MIXTAPE,20.0,BGZ110347,0,,,,,,,,,Breaking Games,Low,web
#43486126768175,customer_389@example.com,389,Customer 389,,unfulfilled,yes,USD,75.0,0.0,0.0,75.0,,0.0,,2025-05-10 21:39:06 -0400,3,Mansplaining | Family Party Card Game | 2+ Players,25.0,BGZ116250,0,,,,,,,,,Breaking Games,Low,web
#43485627449391,customer_390@example.com,390,Customer 390,,unfulfilled,yes,USD,25.0,0.0,2.56,39.9,,0.0,,2025-05-10 19:57:05 -0400,1,Hypothetically Fun,25.0,BGZ110454,0,,,,,,,,,Breaking Games,Low,web
#43481168773167,customer_391@example.com,391,Customer 391,,unfulfilled,yes,USD,39.98,0.0,4.08,44.06,,0.0,,2025-05-10 08:05:02 -0400,2,We're Doomed: Meritocracy Expansion Pack | Party Game | 4-12 Players,19.99,BGZ117683,0,,,,,,,,,Breaking Games,Low,web
#43480511381551,customer_392@example.com,392,Customer 392,,unfulfilled,yes,USD,9.99,23.72,0.0,33.71,,0.0,FedEx International Connect Plus®,2025-05-10 06:14:06 -0400,1,Dwellings of Eldervale - Minotaur Mercenary Mini Expansion,9.99,BGZ115360,0,Paphos,,CY,Paphos,,CY,,,Breaking Games,Low,web
#43473687314479,customer_393@example.com,393,Customer 393,,unfulfilled,yes,USD,12.99,5.95,0.8,19.74,,0.0,USPS Ground Advantage,2025-05-09 12:56:09 -0400,1,Rise of Tribes: The Vul'Keth Invasion Expansion (Base Game Required),12.99,BGZ111558,0,Manchester,MO,US,Manchester,MO,US,,,Breaking Games,Low,web
#43472093347887,customer_394@example.com,394,Customer 394,,unfulfilled,yes,USD,35.0,0.0,3.58,38.58,,0.0,,2025-05-09 10:04:06 -0400,1,We're Doomed!,35.0,BGZ110345,0,,,,,,,,,Breaking Games,Low,web
#43468520554543,customer_395@example.com,395,Customer 395,,unfulfilled,yes,USD,60.0,0.0,0.0,60.0,,0.0,,2025-05-09 00:11:33 -0400,6,Suddenly Drunk: Gross Expansion,10.0,BGZ110105,0,,,,,,,,,Breaking Games,Low,web
#43468356059183,customer_396@example.com,396,Customer 396,,unfulfilled,yes,USD,20.0,0.0,0.0,20.0,,0.0,,2025-05-08 23:41:30 -0400,1,Sparkle*Kitty | Family-Friendly Pattern Recognition Card Games | 3-8 Players,20.0,BGZ110378,0,Bellevue,WA,US,,,,,,Breaking Games,Low,web
#43468078612527,customer_397@example.com,397,Customer 397,,unfulfilled,yes,USD,20.0,0.0,0.0,20.0,,0.0,,2025-05-08 22:56:33 -0400,1,Sparkle*Kitty | Family-Friendly Pattern Recognition Card Games | 3-8 Players,20.0,BGZ110378,0,Bellevue,WA,US,,,,,,Breaking Games,Low,web
#43468060131375,customer_398@example.com,398,Customer 398,,unfulfilled,yes,USD,135.0,0.0,0.0,135.0,,0.0,,2025-05-08 22:54:33 -0400,3,Asking For Trobils | Worker Placement Strategy Game | 2-7 Players,45.0,BGZ1343,0,,,,,,,,,Breaking Games,Low,web
#43467813126191,customer_399@example.com,399,Customer 399,,unfulfilled,yes,USD,20.0,0.0,0.0,20.0,,0.0,,2025-05-08 22:10:31 -0400,1,Sparkle*Kitty | Family-Friendly Pattern Recognition Card Games | 3-8 Players,20.0,BGZ110378,0,Bellevue,WA,US,,,,,,Breaking Games,Low,web
#43467492229167,customer_400@example.com,400,Customer 400,,unfulfilled,yes,USD,20.0,0.0,0.0,20.0,,0.0,,2025-05-08 21:18:31 -0400,1,Sparkle*Kitty | Family-Friendly Pattern Recognition Card Games | 3-8 Players,20.0,BGZ110378,0,Bellevue,WA,US,,,,,,Breaking Games,Low,web
#43467178803247,customer_401@example.com,401,Customer 401,,unfulfilled,yes,USD,20.0,0.0,0.0,20.0,,0.0,,2025-05-08 20:27:04 -0400,1,Sparkle*Kitty | Family-Friendly Pattern Recognition Card Games | 3-8 Players,20.0,BGZ110378,0,Bellevue,WA,US,,,,,,Breaking Games,Low,web
#43467149770799,customer_402@example.com,402,Customer 402,,unfulfilled,yes,USD,75.0,0.0,0.0,75.0,,0.0,,2025-05-08 20:23:03 -0400,3,Rise of Tribes - Deluxe Upgrade (Base Game Required),25.0,BGZ110348,0,,,,,,,,,Breaking Games,Low,web
#43466916397103,customer_403@example.com,403,Customer 403,,unfulfilled,yes,USD,125.0,0.0,0.0,125.0,,0.0,,2025-05-08 19:44:02 -0400,5,Trellis,25.0,BGZ110039,0,,,,,,,,,Breaking Games,Low,web
#43466917150767,customer_404@example.com,404,Customer 404,,unfulfilled,yes,USD,60.0,0.0,0.0,60.0,,0.0,,2025-05-08 19:41:00 -0400,6,The Mandela Effect Game,10.0,BGZ110764,0,,,,,,,,,Breaking Games,Low,web
#43466907254831,customer_405@example.com,405,Customer 405,,unfulfilled,yes,USD,20.0,0.0,0.0,20.0,,0.0,,2025-05-08 19:38:04 -0400,1,Sparkle*Kitty | Family-Friendly Pattern Recognition Card Games | 3-8 Players,20.0,BGZ110378,0,Bellevue,WA,US,,,,,,Breaking Games,Low,web
#43466652942383,customer_406@example.com,406,Customer 406,,unfulfilled,yes,USD,20.0,0.0,0.0,20.0,,0.0,,2025-05-08 18:51:34 -0400,1,Sparkle*Kitty | Family-Friendly Pattern Recognition Card Games | 3-8 Players,20.0,BGZ110378,0,Bellevue,WA,US,,,,,,Breaking Games,Low,web
#43466372612143,customer_407@example.com,407,Customer 407,,unfulfilled,yes,USD,20.0,0.0,0.0,20.0,,0.0,,2025-05-08 18:00:33 -0400,1,Sparkle*Kitty | Family-Friendly Pattern Recognition Card Games | 3-8 Players,20.0,BGZ110378,0,Bellevue,WA,US,,,,,,Breaking Games,Low,web
#43466097459247,customer_408@example.com,408,Customer 408,,unfulfilled,yes,USD,20.0,0.0,0.0,20.0,,0.0,,2025-05-08 17:11:04 -0400,1,Sparkle*Kitty | Family-Friendly Pattern Recognition Card Games | 3-8 Players,20.0,BGZ110378,0,Bellevue,WA,US,,,,,,Breaking Games,Low,web
#43466043588655,customer_409@example.com,409,Customer 409,,unfulfilled,yes,USD,30.0,0.0,0.0,30.0,,0.0,,2025-05-08 17:04:03 -0400,3,POOP: Party Pooper Edition | Family Friendly Card Game | 2-5 Players,10.0,BGZ1002,0,,,,,,,,,Breaking Games,Low,web
#43466040836143,customer_410@example.com,410,Customer 410,,unfulfilled,yes,USD,60.0,0.0,0.0,60.0,,0.0,,2025-05-08 17:03:33 -0400,3,MIXTAPE,20.0,BGZ110347,0,,,,,,,,,Breaking Games,Low,web
#43465435873327,customer_411@example.com,411,Customer 411,,unfulfilled,yes,USD,20.0,0.0,0.0,20.0,,0.0,,2025-05-08 15:19:03 -0400,1,Sparkle*Kitty | Family-Friendly Pattern Recognition Card Games | 3-8 Players,20.0,BGZ110378,0,Bellevue,WA,US,,,,,,Breaking Games,Low,web
#43465190866991,customer_412@example.com,412,Customer 412,,unfulfilled,yes,USD,20.0,0.0,0.0,20.0,,0.0,,2025-05-08 14:35:03 -0400,1,Sparkle*Kitty | Family-Friendly Pattern Recognition Card Games | 3-8 Players,20.0,BGZ110378,0,Bellevue,WA,US,,,,,,Breaking Games,Low,web
#43465180184623,customer_413@example.com,413,Customer 413,,unfulfilled,yes,USD,75.0,0.0,0.0,75.0,,0.0,,2025-05-08 14:35:01 -0400,3,Aura,25.0,BGZ110019,0,,,,,,,,,Breaking Games,Low,web
#43464897724463,customer_414@example.com,414,Customer 414,,unfulfilled,yes,USD,20.0,0.0,0.0,20.0,,0.0,,2025-05-08 13:44:05 -0400,1,Sparkle*Kitty | Family-Friendly Pattern Recognition Card Games | 3-8 Players,20.0,BGZ110378,0,Bellevue,WA,US,,,,,,Breaking Games,Low,web
#43464877932591,customer_415@example.com,415,Customer 415,,unfulfilled,yes,USD,30.0,0.0,0.0,30.0,,0.0,,2025-05-08 13:44:01 -0400,3,Real Life Travel Bingo | Family Party Game | 2+ Players,10.0,BGZ110713,0,,,,,,,,,Breaking Games,Low,web
#43464628535343,customer_416@example.com,416,Customer 416,,unfulfilled,yes,USD,20.0,0.0,0.0,20.0,,0.0,,2025-05-08 12:59:03 -0400,1,Sparkle*Kitty | Family-Friendly Pattern Recognition Card Games | 3-8 Players,20.0,BGZ110378,0,Bellevue,WA,US,,,,,,Breaking Games,Low,web
#43464615526447,customer_417@example.com,417,Customer 417,,unfulfilled,yes,USD,75.0,0.0,0.0,75.0,,0.0,,2025-05-08 12:58:30 -0400,3,Billionaire Banshee,25.0,BGZ1549,0,,,,,,,,,Breaking Games,Low,web
#43464347844655,customer_418@example.com,418,Customer 418,,unfulfilled,yes,USD,20.0,0.0,0.0,20.0,,0.0,,2025-05-08 12:11:32 -0400,1,Sparkle*Kitty | Family-Friendly Pattern Recognition Card Games | 3-8 Players,20.0,BGZ110378,0,Bellevue,WA,US,,,,,,Breaking Games,Low,web
#43464317927471,customer_419@example.com,419,Customer 419,,unfulfilled,yes,USD,30.0,0.0,0.0,30.0,,0.0,,2025-05-08 12:09:03 -0400,3,POOP: The Game,10.0,BGZ1001,0,,,,,,,,,Breaking Games,Low,web
#43464272379951,customer_420@example.com,420,Customer 420,,unfulfilled,yes,USD,30.0,0.0,0.0,30.0,,0.0,,2025-05-08 12:00:02 -0400,3,Suddenly Stoned,10.0,BGZ110265,0,,,,,,,,,Breaking Games,Low,web
#43464053882927,customer_421@example.com,421,Customer 421,,unfulfilled,yes,USD,20.0,0.0,0.0,20.0,,0.0,,2025-05-08 11:22:04 -0400,1,Sparkle*Kitty | Family-Friendly Pattern Recognition Card Games | 3-8 Players,20.0,BGZ110378,0,Bellevue,WA,US,,,,,,Breaking Games,Low,web
#43464044937263,customer_422@example.com,422,Customer 422,,unfulfilled,yes,USD,300.0,0.0,0.0,300.0,,0.0,,2025-05-08 11:21:33 -0400,6,Rise of Tribes - Standard Edition,50.0,BGZ110288,0,,,,,,,,,Breaking Games,Low,web
#43463487520815,customer_423@example.com,423,Customer 423,,unfulfilled,yes,USD,75.0,0.0,0.0,75.0,,0.0,,2025-05-08 09:51:31 -0400,3,Aura,25.0,BGZ110019,0,,,,,,,,,Breaking Games,Low,web
#43463411335215,customer_424@example.com,424,Customer 424,,unfulfilled,yes,USD,20.0,0.0,0.0,20.0,,0.0,,2025-05-08 09:38:04 -0400,1,Sparkle*Kitty | Family-Friendly Pattern Recognition Card Games | 3-8 Players,20.0,BGZ110378,0,Bellevue,WA,US,,,,,,Breaking Games,Low,web
#43463121469487,customer_425@example.com,425,Customer 425,,unfulfilled,yes,USD,60.0,0.0,0.0,60.0,,0.0,,2025-05-08 08:53:04 -0400,6,Suddenly Stoned,10.0,BGZ110265,0,,,,,,,,,Breaking Games,Low,web
#43463129366575,customer_426@example.com,426,Customer 426,,unfulfilled,yes,USD,20.0,0.0,0.0,20.0,,0.0,,2025-05-08 08:50:33 -0400,1,Sparkle*Kitty | Family-Friendly Pattern Recognition Card Games | 3-8 Players,20.0,BGZ110378,0,Bellevue,WA,US,,,,,,Breaking Games,Low,web
#43462856114223,customer_427@example.com,427,Customer 427,,unfulfilled,yes,USD,135.0,0.0,0.0,135.0,,0.0,,2025-05-08 08:04:33 -0400,3,Asking For Trobils | Worker Placement Strategy Game | 2-7 Players,45.0,BGZ1343,0,,,,,,,,,Breaking Games,Low,web
#43462844022831,customer_428@example.com,428,Customer 428,,unfulfilled,yes,USD,59.97,0.0,0.0,59.97,,0.0,,2025-05-08 08:02:02 -0400,3,We're Doomed: Meritocracy Expansion Pack | Party Game | 4-12 Players,19.99,BGZ117683,0,,,,,,,,,Breaking Games,Low,web
#43462846283823,customer_429@example.com,429,Customer 429,,unfulfilled,yes,USD,20.0,0.0,0.0,20.0,,0.0,,2025-05-08 08:01:04 -0400,1,Sparkle*Kitty | Family-Friendly Pattern Recognition Card Games | 3-8 Players,20.0,BGZ110378,0,Bellevue,WA,US,,,,,,Breaking Games,Low,web
#43462103760943,customer_430@example.com,430,Customer 430,,unfulfilled,yes,USD,20.0,0.0,0.0,20.0,,0.0,,2025-05-08 05:41:32 -0400,1,Sparkle*Kitty | Family-Friendly Pattern Recognition Card Games | 3-8 Players,20.0,BGZ110378,0,Bellevue,WA,US,,,,,,Breaking Games,Low,web
#43462052380719,customer_431@example.com,431,Customer 431,,unfulfilled,yes,USD,30.0,0.0,0.0,30.0,,0.0,,2025-05-08 05:32:32 -0400,3,Real Life Travel Bingo | Family Party Game | 2+ Players,10.0,BGZ110713,0,,,,,,,,,Breaking Games,Low,web
#43461656379439,customer_432@example.com,432,Customer 432,,unfulfilled,yes,USD,60.0,0.0,0.0,60.0,,0.0,,2025-05-08 04:16:35 -0400,3,Poop: Brown Bag Combo | Family Friendly Card Game | 2-10 Players,20.0,BGZ115886,0,,,,,,,,,Breaking Games,Low,web
#43461659361327,customer_433@example.com,433,Customer 433,,unfulfilled,yes,USD,20.0,0.0,0.0,20.0,,0.0,,2025-05-08 04:14:36 -0400,1,Sparkle*Kitty | Family-Friendly Pattern Recognition Card Games | 3-8 Players,20.0,BGZ110378,0,Bellevue,WA,US,,,,,,Breaking Games,Low,web
#43461441847343,customer_434@example.com,434,Customer 434,,unfulfilled,yes,USD,299.97,0.0,0.0,299.97,,0.0,,2025-05-08 03:32:38 -0400,3,Dwellings of Eldervale 2nd Edition: Standard,99.99,BGZ115837,0,,,,,,,,,Breaking Games,Low,web
#43461415141423,customer_435@example.com,435,Customer 435,,unfulfilled,yes,USD,20.0,0.0,0.0,20.0,,0.0,,2025-05-08 03:25:33 -0400,1,Sparkle*Kitty | Family-Friendly Pattern Recognition Card Games | 3-8 Players,20.0,BGZ110378,0,Bellevue,WA,US,,,,,,Breaking Games,Low,web
#43460579721263,customer_436@example.com,436,Customer 436,,unfulfilled,yes,USD,125.0,0.0,7.81,132.81,,0.0,Standard,2025-05-08 00:39:01 -0400,5,Billionaire Banshee,25.0,BGZ1549,0,Brookville,PA,US,Hyannis,MA,US,,,Breaking Games,Low,web
#43458649391151,customer_437@example.com,437,Customer 437,,unfulfilled,yes,USD,10.0,0.0,1.02,16.99,,0.0,,2025-05-07 18:34:01 -0400,1,POOP: Party Pooper Edition | Family Friendly Card Game | 2-5 Players,10.0,BGZ1002,0,,,,,,,,,Breaking Games,Low,web
#43454027530287,customer_438@example.com,438,Customer 438,,unfulfilled,no,USD,20.0,13.98,0.0,33.98,,0.0,Under 4lbs Fully Tracked,2025-05-07 04:22:35 -0400,1,Poop: Brown Bag Combo | Family Friendly Card Game | 2-10 Players,20.0,BGZ115886,0,Linköping,,SE,Linköping,,SE,,,Breaking Games,Low,web
#43453140238383,customer_050@example.com,50,Customer 050,,unfulfilled,yes,USD,89.98,29.42,0.0,119.4,,0.0,Under 4lbs Fully Tracked,2025-05-07 00:52:31 -0400,1,Dwellings of Eldervale - Wooden Upgrade Treasure and Trove Tokens,19.99,BGZ115354,0,Gimpo-si,KR-41,KR,Gimpo-si,KR-41,KR,,,Breaking Games,Low,web
#43453140238383,customer_050@example.com,50,Customer 050,,,,,,,,,,,,2025-05-07 00:52:31 -0400,1,Dwellings of Eldervale - LEGENDARY Upgrade Kit,69.99,BGZ115836,0,,,,,,,,,Breaking Games,,
#43453098295343,customer_439@example.com,439,Customer 439,,unfulfilled,yes,USD,54.99,29.79,0.0,84.78,,0.0,FedEx International Connect Plus®,2025-05-07 00:43:32 -0400,1,Dwellings of Eldervale - DELUXE Upgrade Kit,54.99,BGZ115835,0,Bibra Lake,WA,AU,Bibra Lake,WA,AU,,,Breaking Games,Low,web
#43451781021743,customer_440@example.com,440,Customer 440,,unfulfilled,yes,USD,39.98,0.0,4.08,44.06,,0.0,,2025-05-06 21:05:03 -0400,2,We're Doomed: Meritocracy Expansion Pack | Party Game | 4-12 Players,19.99,BGZ117683,0,,,,,,,,,Breaking Games,Low,web
#43447254515759,customer_441@example.com,441,Customer 441,,unfulfilled,yes,USD,90.0,0.0,0.0,90.0,,0.0,,2025-05-06 07:24:09 -0400,3,Convert: The Game,30.0,BGZ110663,0,,,,,,,,,Breaking Games,Low,web
#43446005432367,customer_442@example.com,442,Customer 442,,unfulfilled,yes,USD,25.0,0.0,2.56,39.9,,0.0,,2025-05-06 03:16:02 -0400,1,Suddenly Drunk's Box of Bad Ideas,25.0,BGZ110232,0,,,,,,,,,Breaking Games,Low,web
#43445919318063,customer_443@example.com,443,Customer 443,,unfulfilled,yes,USD,30.0,0.0,0.0,30.0,,0.0,,2025-05-06 03:01:37 -0400,3,POOP: The Game,10.0,BGZ1001,0,,,,,,,,,Breaking Games,Low,web
#43441349361711,customer_444@example.com,444,Customer 444,,unfulfilled,yes,USD,25.0,13.88,2.44,41.32,,0.0,FedEx Home Delivery®,2025-05-05 13:31:33 -0400,1,ADJitation,25.0,BGZ1110,0,Los Angeles,CA,US,Los Angeles,CA,US,,,Breaking Games,Low,web
#43440570302511,customer_445@example.com,445,Customer 445,,unfulfilled,yes,USD,60.0,0.0,0.0,60.0,,0.0,,2025-05-05 11:20:06 -0400,3,Fake News,20.0,BGZ110312,0,,,,,,,,,Breaking Games,Low,web
#43440566173743,customer_446@example.com,446,Customer 446,,unfulfilled,yes,USD,75.0,0.0,0.0,75.0,,0.0,,2025-05-05 11:18:34 -0400,3,Rise of Tribes - Deluxe Upgrade (Base Game Required),25.0,BGZ110348,0,,,,,,,,,Breaking Games,Low,web
#43432096530479,customer_447@example.com,447,Customer 447,,unfulfilled,yes,USD,50.0,0.0,0.0,50.0,,0.0,,2025-05-04 11:59:06 -0400,5,Suddenly Drunk: Gross Expansion,10.0,BGZ110105,0,,,,,,,,,Breaking Games,Low,web
#43431846346799,customer_448@example.com,448,Customer 448,,unfulfilled,yes,USD,60.0,0.0,0.0,60.0,,0.0,,2025-05-04 11:17:01 -0400,3,Infinite Jonathans,20.0,BGZ111544,0,,,,,,,,,Breaking Games,Low,web
#43430873661487,customer_449@example.com,449,Customer 449,,unfulfilled,yes,USD,50.0,0.0,0.0,50.0,,0.0,,2025-05-04 08:28:02 -0400,5,Suddenly Drunk: Gross Expansion,10.0,BGZ110105,0,,,,,,,,,Breaking Games,Low,web
#43430726860847,customer_450@example.com,450,Customer 450,,unfulfilled,yes,USD,105.0,0.0,0.0,105.0,,0.0,,2025-05-04 08:00:02 -0400,3,We're Doomed!,35.0,BGZ110345,0,,,,,,,,,Breaking Games,Low,web
#43430512295983,customer_451@example.com,451,Customer 451,,unfulfilled,yes,USD,30.0,0.0,0.0,30.0,,0.0,,2025-05-04 07:23:07 -0400,3,POOP: Public Restroom Edition | Family Friendly Card Game | 2-5 Players,10.0,BGZ1005,0,,,,,,,,,Breaking Games,Low,web
#43428128292911,customer_452@example.com,452,Customer 452,,unfulfilled,no,USD,30.0,11.29,1.75,43.04,,0.0,USPS Ground Advantage,2025-05-03 23:21:06 -0400,1,Boomtown Bandits,30.0,BGZ1220,0,Springfield,MO,US,Springfield,MO,US,,,Breaking Games,Low,web
#43427940401199,customer_453@example.com,453,Customer 453,,unfulfilled,yes,USD,299.97,0.0,0.0,299.97,,0.0,,2025-05-03 22:50:34 -0400,3,Dwellings of Eldervale 2nd Edition: Standard,99.99,BGZ115837,0,,,,,,,,,Breaking Games,Low,web
#43426544156719,customer_454@example.com,454,Customer 454,,unfulfilled,yes,USD,25.0,0.0,2.56,42.02,,0.0,,2025-05-03 19:30:03 -0400,1,Mansplaining | Family Party Card Game | 2+ Players,25.0,BGZ116250,0,,,,,,,,,Breaking Games,Low,web
#43425587200047,customer_455@example.com,455,Customer 455,,unfulfilled,yes,USD,35.0,20.37,0.0,55.37,,0.0,Under 4lbs Fully Tracked,2025-05-03 16:33:37 -0400,1,We're Doomed!,35.0,BGZ110345,0,Pincourt,QC,CA,Pincourt,QC,CA,,,Breaking Games,Low,web
#43422628708399,customer_456@example.com,456,Customer 456,,unfulfilled,yes,USD,150.0,0.0,0.0,150.0,,0.0,,2025-05-03 07:57:31 -0400,3,Rise of Tribes - Standard Edition,50.0,BGZ110288,0,,,,,,,,,Breaking Games,Low,web
#43421821829167,customer_457@example.com,457,Customer 457,,unfulfilled,yes,USD,150.0,0.0,0.0,150.0,,0.0,,2025-05-03 05:18:31 -0400,3,Rise of Tribes - Standard Edition,50.0,BGZ110288,0,,,,,,,,,Breaking Games,Low,web
#43421538353199,customer_458@example.com,458,Customer 458,,unfulfilled,yes,USD,60.0,0.0,0.0,60.0,,0.0,,2025-05-03 04:25:35 -0400,6,Suddenly Drunk: Gross Expansion,10.0,BGZ110105,0,,,,,,,,,Breaking Games,Low,web
#43420671475759,customer_459@example.com,459,Customer 459,,unfulfilled,yes,USD,20.0,0.0,0.0,20.0,,0.0,,2025-05-03 01:27:35 -0400,2,Suddenly Drunk: Gross Expansion,10.0,BGZ110105,0,,,,,,,,,Breaking Games,Low,web
#43420412969007,customer_460@example.com,460,Customer 460,,unfulfilled,yes,USD,100.0,0.0,0.0,100.0,,0.0,,2025-05-03 00:39:07 -0400,2,Rise of Tribes - Standard Edition,50.0,BGZ110288,0,,,,,,,,,Breaking Games,Low,web
#43419850473519,customer_461@example.com,461,Customer 461,,unfulfilled,yes,USD,75.0,0.0,0.0,75.0,,0.0,,2025-05-02 22:56:31 -0400,3,Billionaire Banshee,25.0,BGZ1549,0,,,,,,,,,Breaking Games,Low,web
#43419575648303,customer_462@example.com,462,Customer 462,,unfulfilled,yes,USD,30.0,0.0,0.0,30.0,,0.0,,2025-05-02 22:11:35 -0400,3,The Mandela Effect Game,10.0,BGZ110764,0,,,,,,,,,Breaking Games,Low,web
#43419019247663,customer_463@example.com,463,Customer 463,,unfulfilled,yes,USD,60.0,0.0,0.0,60.0,,0.0,,2025-05-02 20:36:31 -0400,3,Infinite Jonathans,20.0,BGZ111544,0,,,,,,,,,Breaking Games,Low,web
#43418248151087,customer_464@example.com,464,Customer 464,,unfulfilled,yes,USD,250.0,0.0,0.0,250.0,,0.0,,2025-05-02 18:13:31 -0400,5,Rise of Tribes - Standard Edition,50.0,BGZ110288,0,,,,,,,,,Breaking Games,Low,web
#43417980338223,customer_465@example.com,465,Customer 465,,unfulfilled,yes,USD,75.0,0.0,0.0,75.0,,0.0,,2025-05-02 17:26:05 -0400,3,Letter Tycoon,25.0,BGZ117727,0,,,,,,,,,Breaking Games,Low,web
#43417967165487,customer_466@example.com,466,Customer 466,,unfulfilled,yes,USD,60.0,0.0,0.0,60.0,,0.0,,2025-05-02 17:21:07 -0400,3,Infinite Jonathans,20.0,BGZ111544,0,,,,,,,,,Breaking Games,Low,web
#43417723502639,customer_467@example.com,467,Customer 467,,unfulfilled,yes,USD,75.0,0.0,0.0,75.0,,0.0,,2025-05-02 16:28:06 -0400,3,Letter Tycoon,25.0,BGZ117727,0,,,,,,,,,Breaking Games,Low,web
#43417098911791,customer_468@example.com,468,Customer 468,,unfulfilled,yes,USD,120.0,0.0,0.0,120.0,,0.0,,2025-05-02 15:08:31 -0400,6,Poop: Brown Bag Combo | Family Friendly Card Game | 2-10 Players,20.0,BGZ115886,0,,,,,,,,,Breaking Games,Low,web
#43415326457903,customer_469@example.com,469,Customer 469,,unfulfilled,yes,USD,30.0,0.0,0.0,30.0,,0.0,,2025-05-02 11:01:08 -0400,3,The Mandela Effect Game,10.0,BGZ110764,0,,,,,,,,,Breaking Games,Low,web
#43414755967023,customer_470@example.com,470,Customer 470,,unfulfilled,yes,USD,75.0,0.0,0.0,75.0,,0.0,,2025-05-02 09:29:37 -0400,3,Something Wicked,25.0,BGZ110026,0,,,,,,,,,Breaking Games,Low,web
#43410205278255,customer_471@example.com,471,Customer 471,,unfulfilled,yes,USD,60.0,0.0,0.0,60.0,,0.0,,2025-05-01 19:14:34 -0400,3,Infinite Jonathans,20.0,BGZ111544,0,,,,,,,,,Breaking Games,Low,web
#43406535131183,customer_472@example.com,472,Customer 472,,unfulfilled,no,USD,7.99,0.0,0.0,7.99,,0.0,,2025-05-01 11:07:33 -0400,1,Dwellings of Eldervale -  Frost Giant Miniature with Bifröst Bridge Hex Tile,7.99,BGZ116103,0,Hartford,CT,US,,,,,,Breaking Games,Low,web
#43406519599151,customer_473@example.com,473,Customer 473,,unfulfilled,no,USD,7.99,0.0,0.0,7.99,,0.0,,2025-05-01 11:05:01 -0400,1,Dwellings of Eldervale -  Frost Giant Miniature with Bifröst Bridge Hex Tile,7.99,BGZ116103,0,Dallas,TX,US,,,,,,Breaking Games,Low,web
#43405803749423,customer_474@example.com,474,Customer 474,,unfulfilled,yes,USD,30.0,0.0,0.0,30.0,,0.0,,2025-05-01 09:08:33 -0400,3,Keep Calm: Expansion One,10.0,BGZ110101,0,,,,,,,,,Breaking Games,Low,web
#43405120798767,customer_475@example.com,475,Customer 475,,unfulfilled,yes,USD,125.0,0.0,0.0,125.0,,0.0,,2025-05-01 07:13:02 -0400,5,Mansplaining | Family Party Card Game | 2+ Players,25.0,BGZ116250,0,,,,,,,,,Breaking Games,Low,web
#43400606744623,customer_476@example.com,476,Customer 476,,unfulfilled,yes,USD,25.0,13.88,0.0,38.88,,0.0,FedEx Home Delivery®,2025-04-30 17:13:06 -0400,1,Someecards: The Game,25.0,BGZ115935,0,Concord,NH,US,Concord,NH,US,,,Breaking Games,Low,web
#43400216477743,customer_056@example.com,56,Customer 056,,unfulfilled,yes,USD,99.99,0.0,6.2,106.19,,0.0,Standard,2025-04-30 16:03:06 -0400,1,Dwellings of Eldervale 2nd Edition: Standard,99.99,BGZ115837,0,Brookings,SD,US,Brookings,SD,US,,,Breaking Games,Low,web
#43398803357743,customer_477@example.com,477,Customer 477,,unfulfilled,yes,USD,60.0,0.0,0.0,60.0,,0.0,,2025-04-30 11:48:07 -0400,3,Poop: Brown Bag Combo | Family Friendly Card Game | 2-10 Players,20.0,BGZ115886,0,,,,,,,,,Breaking Games,Low,web
#43398750863407,customer_478@example.com,478,Customer 478,,unfulfilled,yes,USD,54.99,26.53,0.0,81.52,,0.0,Under 4lbs Fully Tracked,2025-04-30 11:39:07 -0400,1,We're Doomed: Meritocracy Expansion Pack | Party Game | 4-12 Players,19.99,BGZ117683,0,Groningen,,NL,Groningen,,NL,,,Breaking Games,Low,web
#43398750863407,customer_478@example.com,478,Customer 478,,,,,,,,,,,,2025-04-30 11:39:07 -0400,1,We're Doomed!,35.0,BGZ110345,0,,,,,,,,,Breaking Games,,
#43396428267567,customer_479@example.com,479,Customer 479,,unfulfilled,yes,USD,6.99,0.0,0.49,7.48,,0.0,,2025-04-30 04:43:38 -0400,1,Rise of Tribes: The Mesa Hex Tile (Base Game Required),6.99,BGZ110793,0,villa rica,GA,US,,,,,,Breaking Games,Low,web
#43395000991791,customer_480@example.com,480,Customer 480,,unfulfilled,yes,USD,60.0,0.0,0.0,60.0,,0.0,,2025-04-29 23:56:02 -0400,2,Convert: The Game,30.0,BGZ110663,0,,,,,,,,,Breaking Games,Low,web
#43394992308271,customer_481@example.com,481,Customer 481,,unfulfilled,yes,USD,30.0,13.12,4.4,47.52,,0.0,USPS Ground Advantage,2025-04-29 23:54:35 -0400,1,Convert: The Game,30.0,BGZ110663,0,Bellevue,WA,US,Bellevue,WA,US,,,Breaking Games,Low,web
#43394570977327,customer_482@example.com,482,Customer 482,,unfulfilled,yes,USD,50.0,0.0,0.0,50.0,,0.0,,2025-04-29 22:44:31 -0400,5,Suddenly Stoned,10.0,BGZ110265,0,,,,,,,,,Breaking Games,Low,web
#43394259746863,customer_483@example.com,483,Customer 483,,unfulfilled,yes,USD,30.0,0.0,0.0,30.0,,0.0,,2025-04-29 21:45:01 -0400,3,Suddenly Stoned,10.0,BGZ110265,0,,,,,,,,,Breaking Games,Low,web
#43393904607279,customer_484@example.com,484,Customer 484,,unfulfilled,yes,USD,30.0,0.0,0.0,30.0,,0.0,,2025-04-29 20:50:36 -0400,3,POOP: Party Pooper Edition | Family Friendly Card Game | 2-5 Players,10.0,BGZ1002,0,,,,,,,,,Breaking Games,Low,web
#43393616674863,customer_485@example.com,485,Customer 485,,unfulfilled,yes,USD,75.0,0.0,0.0,75.0,,0.0,,2025-04-29 19:58:07 -0400,3,Hypothetically Fun,25.0,BGZ110454,0,,,,,,,,,Breaking Games,Low,web
#43393097334831,customer_486@example.com,486,Customer 486,,unfulfilled,yes,USD,75.0,0.0,0.0,75.0,,0.0,,2025-04-29 18:28:07 -0400,3,Something Wicked,25.0,BGZ110026,0,,,,,,,,,Breaking Games,Low,web
#43393071906863,customer_487@example.com,487,Customer 487,,unfulfilled,yes,USD,125.0,0.0,0.0,125.0,,0.0,,2025-04-29 18:23:37 -0400,5,Rise of Tribes - Deluxe Upgrade (Base Game Required),25.0,BGZ110348,0,,,,,,,,,Breaking Games,Low,web
#43392485752879,customer_488@example.com,488,Customer 488,,unfulfilled,yes,USD,30.0,0.0,0.0,30.0,,0.0,,2025-04-29 16:37:36 -0400,3,Suddenly Drunk: Sexy Expansion,10.0,BGZ1372,0,,,,,,,,,Breaking Games,Low,web
#43391999508527,customer_489@example.com,489,Customer 489,,unfulfilled,yes,USD,30.0,0.0,0.0,30.0,,0.0,,2025-04-29 15:06:06 -0400,3,The Mandela Effect Game,10.0,BGZ110764,0,,,,,,,,,Breaking Games,Low,web
#43391444025391,customer_490@example.com,490,Customer 490,,unfulfilled,yes,USD,150.0,0.0,0.0,150.0,,0.0,,2025-04-29 13:23:08 -0400,5,Convert: The Game,30.0,BGZ110663,0,,,,,,,,,Breaking Games,Low,web
#43391373213743,customer_491@example.com,491,Customer 491,,unfulfilled,yes,USD,30.0,0.0,0.0,30.0,,0.0,,2025-04-29 13:09:05 -0400,3,POOP: Kawaii Edition | Family Friendly Card Game | 2-5 Players,10.0,BGZ110343,0,,,,,,,,,Breaking Games,Low,web
#43391177687087,customer_492@example.com,492,Customer 492,,unfulfilled,yes,USD,75.0,0.0,0.0,75.0,,0.0,,2025-04-29 12:33:35 -0400,3,Mansplaining | Family Party Card Game | 2+ Players,25.0,BGZ116250,0,,,,,,,,,Breaking Games,Low,web
#43391165038639,customer_493@example.com,493,Customer 493,,unfulfilled,yes,USD,50.0,0.0,0.0,50.0,,0.0,,2025-04-29 12:31:06 -0400,5,Suddenly Stoned,10.0,BGZ110265,0,,,,,,,,,Breaking Games,Low,web
#43390956109871,customer_494@example.com,494,Customer 494,,unfulfilled,yes,USD,299.97,0.0,0.0,299.97,,0.0,,2025-04-29 11:51:37 -0400,3,Dwellings of Eldervale 2nd Edition: Standard,99.99,BGZ115837,0,,,,,,,,,Breaking Games,Low,web
#43389834264623,customer_495@example.com,495,Customer 495,,unfulfilled,yes,USD,50.0,0.0,0.0,50.0,,0.0,,2025-04-29 08:30:35 -0400,2,Rise of Tribes - Deluxe Upgrade (Base Game Required),25.0,BGZ110348,0,,,,,,,,,Breaking Games,Low,web
#43389840425007,customer_496@example.com,496,Customer 496,,unfulfilled,yes,USD,25.0,0.0,2.56,42.02,,0.0,,2025-04-29 08:29:31 -0400,1,Mansplaining | Family Party Card Game | 2+ Players,25.0,BGZ116250,0,,,,,,,,,Breaking Games,Low,web
#43389508681775,customer_497@example.com,497,Customer 497,,unfulfilled,yes,USD,30.0,0.0,0.0,30.0,,0.0,,2025-04-29 07:32:31 -0400,3,Suddenly Stoned,10.0,BGZ110265,0,,,,,,,,,Breaking Games,Low,web
#43389488005167,customer_498@example.com,498,Customer 498,,unfulfilled,yes,USD,120.0,0.0,0.0,120.0,,0.0,,2025-04-29 07:30:30 -0400,6,Poop: Brown Bag Combo | Family Friendly Card Game | 2-10 Players,20.0,BGZ115886,0,,,,,,,,,Breaking Games,Low,web
#43211769217071,customer_499@example.com,499,Customer 499,,unfulfilled,no,USD,124.98,0.0,0.0,124.98,,0.0,Standard,2025-03-23 18:08:37 -0400,1,Dwellings of Eldervale - DELUXE Upgrade Kit,54.99,BGZ115835,0,Medford,OR,US,Medford,OR,US,Shopify Payments,,Breaking Games,Low,web
#43211769217071,customer_499@example.com,499,Customer 499,,,,,,,,,,,,2025-03-23 18:08:37 -0400,1,Dwellings of Eldervale - LEGENDARY Upgrade Kit,69.99,BGZ115836,0,,,,,,,,,Breaking Games,,
#43196249473071,customer_500@example.com,500,Customer 500,,unfulfilled,yes,USD,154.74,31.82,0.0,186.56,WELCOME10,17.2,FedEx International Connect Plus®,2025-03-19 10:55:03 -0400,1,Dwellings of Eldervale - Wooden Upgrade Treasure and Trove Tokens,19.99,BGZ115354,0,Quebec,QC,CA,Quebec,QC,CA,Shopify Payments,,Breaking Games,Low,web
#43196249473071,customer_500@example.com,500,Customer 500,,,,,,,,,,,,2025-03-19 10:55:03 -0400,1,Dwellings of Eldervale - Shapeshifter Mercenary Mini Expansion,9.99,BGZ115834,0,,,,,,,,,Breaking Games,,
#43196249473071,customer_500@example.com,500,Customer 500,,,,,,,,,,,,2025-03-19 10:55:03 -0400,1,Dwellings of Eldervale - Minotaur Mercenary Mini Expansion,9.99,BGZ115360,0,,,,,,,,,Breaking Games,,
#43196249473071,customer_500@example.com,500,Customer 500,,,,,,,,,,,,2025-03-19 10:55:03 -0400,1,Dwellings of Eldervale - Oracle Hex Tile,6.99,BGZ115833,0,,,,,,,,,Breaking Games,,
#43196249473071,customer_500@example.com,500,Customer 500,,,,,,,,,,,,2025-03-19 10:55:03 -0400,1,Dwellings of Eldervale - DELUXE Upgrade Kit,54.99,BGZ115835,0,,,,,,,,,Breaking Games,,
#43196249473071,customer_500@example.com,500,Customer 500,,,,,,,,,,,,2025-03-19 10:55:03 -0400,1,Dwellings of Eldervale - LEGENDARY Upgrade Kit,69.99,BGZ115836,0,,,,,,,,,Breaking Games,,
#42936416567343,customer_501@example.com,501,Customer 501,,unfulfilled,yes,USD,45.0,0.0,0.0,45.0,,0.0,Standard,2025-01-07 13:33:02 -0500,1,MIXTAPE,20.0,BGZ110347,0,Londonderry,NH,US,Londonderry,NH,US,Shopify Payments,,Breaking Games,Low,web
#42936416567343,customer_501@example.com,501,Customer 501,,,,,,,,,,,,2025-01-07 13:33:02 -0500,1,Hypothetically Fun,25.0,BGZ110454,0,,,,,,,,,Breaking Games,,
#42929617010735,customer_502@example.com,502,Customer 502,,unfulfilled,yes,USD,73.76,0.0,5.16,78.92,WELCOME10,8.2,Standard,2025-01-05 17:26:08 -0500,1,Dwellings of Eldervale - Shapeshifter Mercenary Mini Expansion,9.99,BGZ115834,0,Cumming,GA,US,Cumming,GA,US,Shopify Payments,,Breaking Games,Low,web
#42929617010735,customer_502@example.com,502,Customer 502,,,,,,,,,,,,2025-01-05 17:26:08 -0500,1,Dwellings of Eldervale - Minotaur Mercenary Mini Expansion,9.99,BGZ115360,0,,,,,,,,,Breaking Games,,
#42929617010735,customer_502@example.com,502,Customer 502,,,,,,,,,,,,2025-01-05 17:26:08 -0500,1,Dwellings of Eldervale - Oracle Hex Tile,6.99,BGZ115833,0,,,,,,,,,Breaking Games,,
#42929617010735,customer_502@example.com,502,Customer 502,,,,,,,,,,,,2025-01-05 17:26:08 -0500,1,Dwellings of Eldervale - DELUXE Upgrade Kit,54.99,BGZ115835,0,,,,,,,,,Breaking Games,,
#42900378157103,customer_503@example.com,503,Customer 503,,unfulfilled,yes,USD,18.0,7.08,1.66,26.74,WELCOME10,2.0,USPS Ground Advantage,2024-12-29 10:45:08 -0500,1,MIXTAPE,20.0,BGZ110347,0,Villas,NJ,US,Villas,NJ,US,Shopify Payments,,Breaking Games,Low,web
#42877310140463,customer_504@example.com,504,Customer 504,,unfulfilled,yes,USD,81.0,0.0,4.05,85.05,,0.0,Standard,2024-12-21 22:47:31 -0500,3,POOP: The Game - Party Bundle,27.0,BGZ110961,0,Manitowoc,WI,US,Manitowoc,WI,US,Shopify Payments,,Breaking Games,Low,web
#42823635468335,customer_505@example.com,505,Customer 505,,unfulfilled,yes,USD,45.0,0.0,0.0,45.0,,0.0,Standard,2024-12-08 12:55:38 -0500,1,Klask (First Edition),45.0,BGZ110033,0,Smithfield,RI,US,Smithfield,RI,US,Shopify Payments,,Breaking Games,Low,web
#42821565743151,customer_506@example.com,506,Customer 506,,unfulfilled,yes,USD,35.0,0.0,2.45,37.45,,0.0,Standard,2024-12-07 23:26:09 -0500,1,We're Doomed!,35.0,BGZ110345,0,Black mountain,NC,US,Black mountain,NC,US,Shopify Payments,,Breaking Games,Low,web
#42802098438191,customer_507@example.com,507,Customer 507,,unfulfilled,yes,USD,99.93,0.0,7.49,107.42,,0.0,Standard,2024-12-03 15:07:02 -0500,1,Rise of Tribes: The Vul'Keth Invasion Expansion (Base Game Required),12.99,BGZ111558,0,Jacksonville,FL,US,Jacksonville,FL,US,Shopify Payments,,Breaking Games,Low,web
#42802098438191,customer_507@example.com,507,Customer 507,,,,,,,,,,,,2024-12-03 15:07:02 -0500,1,Rise of Tribes: Beast and Bronze Expansion (Base Game Required),25.0,BGZ111557,0,,,,,,,,,Breaking Games,,
#42802098438191,customer_507@example.com,507,Customer 507,,,,,,,,,,,,2024-12-03 15:07:02 -0500,1,Rise of Tribes: The Mesa Hex Tile (Base Game Required),6.99,BGZ110793,0,,,,,,,,,Breaking Games,,
#42802098438191,customer_507@example.com,507,Customer 507,,,,,,,,,,,,2024-12-03 15:07:02 -0500,1,Rise of Tribes: BONUS Hex Tile Set (Base Game Required),9.99,BGZ115650,0,,,,,,,,,Breaking Games,,
#42802098438191,customer_507@example.com,507,Customer 507,,,,,,,,,,,,2024-12-03 15:07:02 -0500,1,Dwellings of Eldervale - Wooden Upgrade Treasure and Trove Tokens,19.99,BGZ115354,0,,,,,,,,,Breaking Games,,
#42802098438191,customer_507@example.com,507,Customer 507,,,,,,,,,,,,2024-12-03 15:07:02 -0500,1,Dwellings of Eldervale - Shapeshifter Mercenary Mini Expansion,9.99,BGZ115834,0,,,,,,,,,Breaking Games,,
#42802098438191,customer_507@example.com,507,Customer 507,,,,,,,,,,,,2024-12-03 15:07:02 -0500,1,Dwellings of Eldervale - Oracle Hex Tile,6.99,BGZ115833,0,,,,,,,,,Breaking Games,,
#42802098438191,customer_507@example.com,507,Customer 507,,,,,,,,,,,,2024-12-03 15:07:02 -0500,1,Dwellings of Eldervale - Mother of Dragons Miniature,7.99,BGZ116104,0,,,,,,,,,Breaking Games,,
#42750976262191,customer_508@example.com,508,Customer 508,,unfulfilled,yes,USD,40.0,0.0,1.69,41.69,,0.0,Standard,2024-11-24 12:41:07 -0500,2,MIXTAPE,20.0,BGZ110347,0,St. Louis,MO,US,St. Louis,MO,US,Shopify Payments,,Breaking Games,Low,web
#42751509626927,customer_509@example.com,509,Customer 509,,unfulfilled,no,USD,20.0,7.21,1.25,28.46,,0.0,USPS Ground Advantage,2024-11-24 12:32:02 -0500,1,MIXTAPE,20.0,BGZ110347,0,Somerville,MA,US,Somerville,MA,US,Shopify Payments,,Breaking Games,Low,web
#42680336646191,customer_510@example.com,510,Customer 510,,unfulfilled,yes,USD,69.99,0.0,7.16,77.15,,0.0,Standard,2024-11-08 19:35:05 -0500,1,Dwellings of Eldervale - LEGENDARY Upgrade Kit,69.99,BGZ115836,0,Highland,CA,US,Glendora,CA,US,Shopify Payments,,Breaking Games,Low,web
#42633071099951,customer_511@example.com,511,Customer 511,,unfulfilled,yes,USD,6.99,5.13,0.54,12.66,,0.0,USPS Ground Advantage,2024-10-26 13:57:31 -0400,1,Dwellings of Eldervale - Oracle Hex Tile,6.99,BGZ115833,0,San Diego,CA,US,San Diego,CA,US,Shopify Payments,,Breaking Games,Low,web
#41962059628591,customer_512@example.com,512,Customer 512,,unfulfilled,no,USD,39.99,0.0,3.2,43.19,,0.0,Standard,2024-08-09 17:18:36 -0400,1,The Big Box of Magic,39.99,BGZ110269,0,Ulster Park,NY,US,Ulster Park,NY,US,Shopify Payments,,Breaking Games,Low,web
#41937605754927,customer_513@example.com,513,Customer 513,,unfulfilled,yes,USD,60.0,0.0,5.66,65.66,FREE49,20.0,Standard,2024-08-07 00:44:34 -0400,1,Suddenly Drunk: Booster Pack,5.0,BGZ110231,0,Marysville,WA,US,Marysville,WA,US,Shopify Payments,,Breaking Games,Low,web
#41937605754927,customer_513@example.com,513,Customer 513,,,,,,,,,,,,2024-08-07 00:44:34 -0400,1,Suddenly Drunk's Box of Bad Ideas,25.0,BGZ110232,0,,,,,,,,,Breaking Games,,
#41937605754927,customer_513@example.com,513,Customer 513,,,,,,,,,,,,2024-08-07 00:44:34 -0400,1,Suddenly Drunk: Gross Expansion,10.0,BGZ110105,0,,,,,,,,,Breaking Games,,
#41937605754927,customer_513@example.com,513,Customer 513,,,,,,,,,,,,2024-08-07 00:44:34 -0400,1,Suddenly Drunk: Hardcore Expansion,10.0,BGZ1371,0,,,,,,,,,Breaking Games,,
#41937605754927,customer_513@example.com,513,Customer 513,,,,,,,,,,,,2024-08-07 00:44:34 -0400,1,Suddenly Stoned,10.0,BGZ110265,0,,,,,,,,,Breaking Games,,
#41937605754927,customer_513@example.com,513,Customer 513,,,,,,,,,,,,2024-08-07 00:44:34 -0400,1,The Game of 49 | Family Friendly Strategy Board Game | 2-5 Players,20.0,BGZ1049,0,,,,,,,,,Breaking Games,,
#41919334711343,customer_514@example.com,514,Customer 514,,unfulfilled,yes,USD,10.0,4.83,0.63,15.46,,0.0,USPS Ground Advantage,2024-08-04 23:37:32 -0400,1,Pocket Dungeon Quest: Don't Go Alone Expansion,10.0,BGZ110138,0,Randolph,MA,US,Randolph,MA,US,Shopify Payments,,Breaking Games,Low,web
#41807864234031,customer_515@example.com,515,Customer 515,,unfulfilled,yes,USD,20.0,7.09,1.97,29.06,,0.0,USPS Ground Advantage,2024-07-23 21:18:00 -0400,1,MIXTAPE,20.0,BGZ110347,0,Ironton,OH,US,Ironton,OH,US,Shopify Payments,,Breaking Games,Low,web
#41747319160879,customer_516@example.com,516,Customer 516,,unfulfilled,yes,USD,69.99,0.0,5.42,75.41,,0.0,Standard,2024-07-17 18:03:36 -0400,1,Dwellings of Eldervale - LEGENDARY Upgrade Kit,69.99,BGZ115836,0,Lake Forest,CA,US,Lake Forest,CA,US,Shopify Payments,,Breaking Games,Low,web
#41529095356463,customer_517@example.com,517,Customer 517,,unfulfilled,yes,USD,47.98,0.0,2.88,50.86,FREE49,20.0,Standard,2024-06-27 07:00:12 -0400,1,Rise of Tribes: The Vul'Keth Invasion Expansion (Base Game Required),12.99,BGZ111558,0,Line Lexington,PA,US,Line Lexington,PA,US,Shopify Payments,,Breaking Games,Low,web
#41529095356463,customer_517@example.com,517,Customer 517,,,,,,,,,,,,2024-06-27 07:00:12 -0400,1,The Game of 49 | Family Friendly Strategy Board Game | 2-5 Players,20.0,BGZ1049,0,,,,,,,,,Breaking Games,,
#41529095356463,customer_517@example.com,517,Customer 517,,,,,,,,,,,,2024-06-27 07:00:12 -0400,1,Rise of Tribes: BONUS Hex Tile Set (Base Game Required),9.99,BGZ115650,0,,,,,,,,,Breaking Games,,
#41529095356463,customer_517@example.com,517,Customer 517,,,,,,,,,,,,2024-06-27 07:00:12 -0400,1,Rise of Tribes - Deluxe Upgrade (Base Game Required),25.0,BGZ110348,0,,,,,,,,,Breaking Games,,
#41471742148655,customer_518@example.com,518,Customer 518,,unfulfilled,yes,USD,20.0,5.96,0.0,25.96,,0.0,USPS First Class Mail,2024-06-20 17:15:01 -0400,1,Poop: Brown Bag Combo | Family Friendly Card Game | 2-10 Players,20.0,BGZ115886,0,JACKSONVILLE,AR,US,JACKSONVILLE,AR,US,Shopify Payments,,Breaking Games,Low,web
#40670532108335,customer_519@example.com,519,Customer 519,,unfulfilled,yes,USD,69.99,14.87,5.25,75.24,FREESHIP,14.87,FedEx Ground*,2024-04-05 13:59:31 -0400,1,Dwellings of Eldervale - LEGENDARY Upgrade Kit,69.99,BGZ115836,0,Valrico,FL,US,Valrico,FL,US,Shopify Payments,,Breaking Games,Low,web
#40517522227247,customer_520@example.com,520,Customer 520,,unfulfilled,no,USD,69.99,14.92,6.64,91.55,,0.0,FedEx Ground*,2024-03-20 11:34:34 -0400,1,Dwellings of Eldervale - LEGENDARY Upgrade Kit,69.99,BGZ115836,0,Santa Clarita,CA,US,Santa Clarita,CA,US,Shopify Payments,,Breaking Games,Low,web
#40271431827503,customer_521@example.com,521,Customer 521,,unfulfilled,yes,USD,10.0,9.88,0.0,19.88,,0.0,Under 4lbs Fully Tracked,2024-02-25 14:15:02 -0500,1,Rise of Tribes: The Vul'Keth Invasion Expansion (Base Game Required),10.0,BGZ111558,0,FROENINGEN,,FR,FROENINGEN,,FR,PayPal Express Checkout,,Breaking Games,Low,web
#40064917372975,customer_522@example.com,522,Customer 522,,unfulfilled,yes,USD,35.0,16.68,0.0,51.68,,0.0,Under 4lbs Fully Tracked,2024-02-10 04:43:06 -0500,1,We're Doomed! | Party Game | 4-10 Players,35.0,BGZ110345,0,Paris,,FR,Paris,,FR,Shopify Payments,,Breaking Games,Low,web
#39965529014319,customer_523@example.com,523,Customer 523,,unfulfilled,yes,USD,79.98,21.19,0.0,101.17,,0.0,FedEx International Connect Plus®,2024-02-02 11:11:09 -0500,1,Dwellings of Eldervale - Minotaur Mercenary Mini Expansion,9.99,BGZ115360,0,Toronto,ON,CA,Toronto,ON,CA,Shopify Payments,,Breaking Games,Low,web
#39965529014319,customer_523@example.com,523,Customer 523,,,,,,,,,,,,2024-02-02 11:11:09 -0500,1,Dwellings of Eldervale - LEGENDARY Upgrade Kit,69.99,BGZ115836,0,,,,,,,,,Breaking Games,,
#39601590960175,customer_524@example.com,524,Customer 524,,unfulfilled,yes,USD,69.99,22.71,0.0,92.7,,0.0,Under 4lbs Fully Tracked,2024-01-07 11:20:04 -0500,1,Dwellings of Eldervale - LEGENDARY Upgrade Kit,69.99,BGZ115836,0,Ostrava-jih,,CZ,Ostrava-jih,,CZ,Shopify Payments,,Breaking Games,Low,web
#39509819129903,customer_525@example.com,525,Customer 525,,unfulfilled,yes,USD,20.0,8.61,2.08,30.69,,0.0,USPS Priority Mail,2023-12-31 11:18:31 -0500,1,The Game of 49 | Family Friendly Strategy Board Game | 2-5 Players,20.0,BGZ1049,0,SAINT PARIS,OH,US,SAINT PARIS,OH,US,Shopify Payments,,Breaking Games,Low,web
#39442479677487,customer_526@example.com,526,Customer 526,,unfulfilled,yes,USD,35.0,12.01,0.0,47.01,,0.0,USPS Priority Mail,2023-12-26 15:24:30 -0500,1,We're Doomed! | Party Game | 4-10 Players,35.0,BGZ110345,0,Mandan,ND,US,Mandan,ND,US,PayPal Express Checkout,,Breaking Games,Low,web
#39353588416559,customer_527@example.com,527,Customer 527,,unfulfilled,yes,USD,89.98,27.72,0.0,117.7,,0.0,FedEx International Connect Plus®,2023-12-20 20:57:07 -0500,1,Dwellings of Eldervale - LEGENDARY Upgrade Kit,69.99,BGZ115836,0,부천시,KR-41,KR,부천시,KR-41,KR,PayPal Express Checkout,,Breaking Games,Low,web
#39353588416559,customer_527@example.com,527,Customer 527,,,,,,,,,,,,2023-12-20 20:57:07 -0500,1,Dwellings of Eldervale - Wooden Upgrade Treasure and Trove Tokens,19.99,BGZ115354,0,,,,,,,,,Breaking Games,,
#39344998776879,customer_528@example.com,528,Customer 528,,unfulfilled,yes,USD,20.0,6.08,2.15,28.23,,0.0,USPS First Class Mail,2023-12-20 08:27:38 -0500,1,Poop: Brown Bag Combo | Family Friendly Card Game | 2-10 Players,20.0,BGZ115886,0,Arlington,TX,US,Arlington,TX,US,Shopify Payments,,Breaking Games,Low,web
#39291640348719,customer_529@example.com,529,Customer 529,,unfulfilled,no,USD,35.0,15.18,2.67,52.85,FREE49,20.0,FedEx Ground*,2023-12-16 23:08:04 -0500,1,We're Doomed! | Party Game | 4-10 Players,35.0,BGZ110345,0,Brighton,CO,US,Brighton,CO,US,Shopify Payments,,Breaking Games,Low,web
#39291640348719,customer_529@example.com,529,Customer 529,,,,,,,,,,,,2023-12-16 23:08:04 -0500,1,The Game of 49 | Family Friendly Strategy Board Game | 2-5 Players,20.0,BGZ1049,0,,,,,,,,,Breaking Games,,
#39285330968623,customer_530@example.com,530,Customer 530,,unfulfilled,yes,USD,25.0,8.61,2.28,35.89,,0.0,USPS Priority Mail,2023-12-16 13:37:02 -0500,1,Trellis | Family Strategy Game | 2-4 Players,25.0,BGZ110039,0,Milford,OH,US,Milford,OH,US,Shopify Payments,,Breaking Games,Low,web
#39226391822383,customer_531@example.com,531,Customer 531,,unfulfilled,yes,USD,39.98,11.58,2.84,54.4,,0.0,USPS Priority Mail,2023-12-13 15:14:08 -0500,2,We're Doomed: Meritocracy Expansion Pack | Party Game | 4-10 Players,19.99,BGZ117683,0,Verona,WI,US,Verona,WI,US,Shopify Payments,,Breaking Games,Low,web
#39207967326255,customer_532@example.com,532,Customer 532,,unfulfilled,yes,USD,35.0,10.65,2.86,48.51,,0.0,USPS Priority Mail,2023-12-12 21:23:33 -0500,1,We're Doomed! | Party Game | 4-10 Players,35.0,BGZ110345,0,West Chicago,IL,US,West Chicago,IL,US,Shopify Payments,,Breaking Games,Low,web
#39128821989423,customer_533@example.com,533,Customer 533,,unfulfilled,yes,USD,35.0,15.07,0.0,50.07,,0.0,Under 4lbs Fully Tracked,2023-12-09 17:08:37 -0500,1,We're Doomed! | Party Game | 4-10 Players,35.0,BGZ110345,0,Lévis,QC,CA,Québec,QC,CA,Shopify Payments,,Breaking Games,Low,web
#38957249921071,customer_534@example.com,534,Customer 534,,unfulfilled,yes,USD,16.98,5.64,0.0,22.62,,0.0,Under 4lbs Fully Tracked,2023-12-02 11:32:34 -0500,1,Dwellings of Eldervale - Oracle Hex Tile,6.99,BGZ115833,0,Poznań,,PL,Poznań,,PL,Shopify Payments,,Breaking Games,Low,web
#38957249921071,customer_534@example.com,534,Customer 534,,,,,,,,,,,,2023-12-02 11:32:34 -0500,1,Dwellings of Eldervale - Minotaur Mercenary Mini Expansion,9.99,BGZ115360,0,,,,,,,,,Breaking Games,,
#38922182787119,customer_535@example.com,535,Customer 535,,unfulfilled,yes,USD,61.98,18.0,0.0,79.98,,0.0,Under 4lbs Fully Tracked,2023-12-01 01:24:11 -0500,1,Dwellings of Eldervale - Oracle Hex Tile,6.99,BGZ115833,0,Québec,QC,CA,Québec,QC,CA,Shopify Payments,,Breaking Games,Low,web
#38922182787119,customer_535@example.com,535,Customer 535,,,,,,,,,,,,2023-12-01 01:24:11 -0500,1,Dwellings of Eldervale - DELUXE Upgrade Kit,54.99,BGZ115835,0,,,,,,,,,Breaking Games,,
#38578211684399,customer_536@example.com,536,Customer 536,,unfulfilled,yes,USD,21.25,9.14,0.0,30.39,Black15,3.75,Not Fully Tracked,2023-11-21 05:19:31 -0500,1,Rise of Tribes - Beast and Bronze Expansion (Base Game Required),25.0,BGZ111557,0,Todmorden,ENG,GB,Todmorden,ENG,GB,Shopify Payments,,Breaking Games,Low,web
#36667724333103,customer_537@example.com,537,Customer 537,,unfulfilled,yes,USD,65.0,27.55,0.0,92.55,,0.0,FedEx International Connect Plus®,2023-07-31 13:45:07 -0400,1,Rise of Tribes - Deluxe Upgrade (Base Game Required),25.0,BGZ110348,0,KANGASALA,,FI,KANGASALA,,FI,Shopify Payments,,Breaking Games,Low,web
#36667724333103,customer_537@example.com,537,Customer 537,,,,,,,,,,,,2023-07-31 13:45:07 -0400,1,Rise of Tribes - Beast and Bronze Expansion (Base Game Required),25.0,BGZ111557,0,,,,,,,,,Breaking Games,,
#36667724333103,customer_537@example.com,537,Customer 537,,,,,,,,,,,,2023-07-31 13:45:07 -0400,1,Rise of Tribes: BONUS Hex Tile Set (Base Game Required),5.0,BGZ115650,0,,,,,,,,,Breaking Games,,
#36667724333103,customer_537@example.com,537,Customer 537,,,,,,,,,,,,2023-07-31 13:45:07 -0400,1,Rise of Tribes: The Vul'Keth Invasion Expansion (Base Game Required),10.0,BGZ111558,0,,,,,,,,,Breaking Games,,
#36312374083631,customer_538@example.com,538,Customer 538,,unfulfilled,yes,USD,35.0,7.91,0.0,42.91,FREE49,20.0,USPS Priority Mail,2023-07-12 00:56:35 -0400,1,We're Doomed! | Party Game | 4-10 Players,35.0,BGZ110345,0,Lexington,MA,US,Lexington,MA,US,Shopify Payments,0.0,Breaking Games,Low,web
#36312374083631,customer_538@example.com,538,Customer 538,,,,,,,,,,,,2023-07-12 00:56:35 -0400,1,The Game of 49 | Family Friendly Strategy Board Game | 2-5 Players,20.0,BGZ1049,0,,,,,,,,,Breaking Games,,
#35912235417647,customer_539@example.com,539,Customer 539,,unfulfilled,no,USD,10.0,4.63,1.42,16.05,,0.0,USPS First Class Mail,2023-06-15 09:13:11 -0400,1,POOP: The Game | Family Friendly Card Game | 2-5 Players,10.0,BGZ1001,0,Smyrna,TN,US,Smyrna,TN,US,PayPal Express Checkout,1.42,Breaking Games,Low,web
#35801589252143,customer_540@example.com,540,Customer 540,,unfulfilled,yes,USD,40.0,17.73,0.0,57.73,,0.0,Under 4lbs Fully Tracked,2023-06-04 22:37:37 -0400,1,Secret Hitler,40.0,BGZ110577,0,Red Deer County,AB,CA,Red Deer County,AB,CA,Shopify Payments,0.0,Secret Hitler,Low,88312
#35752154038319,customer_541@example.com,541,Customer 541,,unfulfilled,yes,USD,40.0,10.57,5.06,55.63,,0.0,USPS Priority Mail,2023-05-31 02:24:44 -0400,1,Secret Hitler,40.0,BGZ110577,0,Belmont,CA,US,Chicago,IL,US,Shopify Payments,0.0,Secret Hitler,Low,88312
#35423668568111,customer_542@example.com,542,Customer 542,,unfulfilled,no,USD,41.0,13.2,0.0,54.2,,0.0,USPS Priority Mail,2023-04-26 12:10:29 -0400,1,Pairs: Wild West - Blue,6.0,BGZ1340,0,Thornton,CO,US,Thornton,CO,US,Shopify Payments,0.0,Breaking Games,Low,web
#35423668568111,customer_542@example.com,542,Customer 542,,,,,,,,,,,,2023-04-26 12:10:29 -0400,1,The Mandela Effect Game,10.0,BGZ110764,0,,,,,,,,,Breaking Games,,
#35423668568111,customer_542@example.com,542,Customer 542,,,,,,,,,,,,2023-04-26 12:10:29 -0400,1,Mobscenity,15.0,BGZ1140,0,,,,,,,,,Breaking Games,,
#35423668568111,customer_542@example.com,542,Customer 542,,,,,,,,,,,,2023-04-26 12:10:29 -0400,1,POOP: The Game,10.0,BGZ1001,0,,,,,,,,,Breaking Games,,
#35380813168687,customer_543@example.com,543,Customer 543,,unfulfilled,yes,USD,16.0,4.5,0.0,20.5,,0.0,USPS First Class Mail,2023-04-20 10:35:47 -0400,1,Pairs: Wild West - Red,6.0,BGZ1340,0,Warriors Mark,PA,US,Warriors Mark,PA,US,Shopify Payments,0.0,Breaking Games,Low,web
#35380813168687,customer_543@example.com,543,Customer 543,,,,,,,,,,,,2023-04-20 10:35:47 -0400,1,Asking for Trobils Metal Coin Upgrade Pack,10.0,BGZ115727,0,,,,,,,,,Breaking Games,,
#35232886620207,customer_544@example.com,544,Customer 544,,unfulfilled,yes,USD,40.0,20.27,0.0,60.27,,0.0,Under 4lbs Fully Tracked,2023-03-28 21:08:15 -0400,1,Secret Hitler,40.0,BGZ110577,0,Barcelona,B,ES,Barcelona,B,ES,Shopify Payments,0.0,Secret Hitler,Low,88312
#35211043700783,customer_545@example.com,545,Customer 545,,unfulfilled,yes,USD,25.0,8.45,0.0,33.45,,0.0,USPS Priority Mail,2023-03-25 19:12:28 -0400,1,Mansplaining,25.0,BGZ116250,0,Lynchburg,VA,US,Lynchburg,VA,US,Shopify Payments,0.0,Breaking Games,Low,web
#35207883948079,customer_546@example.com,546,Customer 546,,unfulfilled,yes,USD,40.0,19.41,0.0,59.41,,0.0,Under 4lbs Fully Tracked,2023-03-25 06:51:54 -0400,1,Secret Hitler,40.0,BGZ110577,0,Ra'Anana,,IL,Ra'Anana,,IL,Shopify Payments,0.0,Secret Hitler,Low,88312
#35109277204527,customer_547@example.com,547,Customer 547,,unfulfilled,no,USD,25.0,9.26,3.51,37.77,,0.0,USPS Priority Mail,2023-03-12 03:06:18 -0400,1,Rise of Tribes - Beast and Bronze Expansion (Base Game Required),25.0,BGZ111557,0,Wonder lake,IL,US,Wonder lake,IL,US,Shopify Payments,0.0,Breaking Games,Low,web
#35018537893935,customer_548@example.com,548,Customer 548,,unfulfilled,yes,USD,25.0,14.03,2.59,41.62,,0.0,FedEx Ground*,2023-03-01 15:12:57 -0500,1,Mansplaining,25.0,BGZ116250,0,Freehold,NJ,US,Freehold,NJ,US,Shopify Payments,0.0,Breaking Games,Low,web
#34877623566383,customer_549@example.com,549,Customer 549,,unfulfilled,yes,USD,120.0,42.48,0.0,162.48,,0.0,FedEx International Connect Plus®,2023-02-13 04:58:26 -0500,3,Secret Hitler,40.0,BGZ110577,0,Orbe,,CH,Lausanne,,CH,Shopify Payments,0.0,Secret Hitler,Low,88312
#34277511200815,customer_550@example.com,550,Customer 550,,unfulfilled,no,USD,40.0,8.02,0.0,48.02,,0.0,USPS Priority Mail,2023-01-21 13:02:00 -0500,1,Secret Hitler,40.0,BGZ110577,0,Aktau,,KZ,Wilmington,DE,US,Shopify Payments,0.0,Secret Hitler,Low,88312
#33806500167727,customer_551@example.com,551,Customer 551,,unfulfilled,yes,USD,40.0,14.87,0.0,54.87,,0.0,Fully Tracked Under 4lb Globegistics Priority CN22,2022-12-27 07:38:17 -0500,1,Secret Hitler,40.0,BGZ110577,0,Haarlem,,NL,Haarlem,,NL,Shopify Payments,0.0,Secret Hitler,Low,88312
#33474628517935,customer_552@example.com,552,Customer 552,,unfulfilled,yes,USD,40.0,13.12,3.72,56.84,,0.0,FedEx Ground*,2022-12-19 20:27:35 -0500,1,Secret Hitler,40.0,BGZ110577,0,Indianapolis,IN,US,Elkhart,IN,US,PayPal Express Checkout,56.84,Secret Hitler,Low,88312
#32212993081391,customer_553@example.com,553,Customer 553,,unfulfilled,yes,USD,35.0,14.13,3.68,52.81,,0.0,USPS Priority Mail,2022-11-23 13:34:37 -0500,1,Political Animals,35.0,,0,Goldendale,WA,US,Goldendale,WA,US,Shopify Payments,0.0,Breaking Games,Low,web
#32084464369711,customer_554@example.com,554,Customer 554,,unfulfilled,yes,USD,40.0,13.28,3.53,56.81,,0.0,FedEx Ground*,2022-11-20 22:00:35 -0500,1,Secret Hitler,40.0,BGZ110577,0,Winnipeg,MB,CA,Edison,NJ,US,Shopify Payments,0.0,Secret Hitler,Low,88312
#31756384305199,customer_555@example.com,555,Customer 555,,unfulfilled,yes,USD,40.0,11.83,0.0,51.83,,0.0,Fedex Smart Post,2022-11-10 19:15:14 -0500,1,Secret Hitler,40.0,BGZ110577,0,Dahlonega,GA,US,Denver,CO,US,PayPal Express Checkout,0.0,Secret Hitler,Low,88312
#31598338506799,customer_556@example.com,556,Customer 556,,unfulfilled,yes,USD,40.0,11.83,0.0,51.83,,0.0,Fedex Smart Post,2022-11-06 10:11:56 -0500,1,Secret Hitler,40.0,BGZ110577,0,Colorado Springs,CO,US,Colorado Springs,CO,US,Shopify Payments,0.0,Secret Hitler,Low,88312
#31318191013935,customer_557@example.com,557,Customer 557,,unfulfilled,yes,USD,15.0,6.05,0.0,21.05,,0.0,Fully Tracked Under 4lb Globegistics Priority CN22,2022-10-30 13:15:36 -0400,1,Suddenly Drunk: Sexy Expansion,15.0,BGZ1372,0,Rosenheim,,DE,Rosenheim,,DE,PayPal Express Checkout,0.0,Breaking Games,Low,web
#30877236133935,customer_558@example.com,558,Customer 558,,unfulfilled,yes,USD,10.0,21.13,0.0,31.13,,0.0,Fedex International Ground,2022-10-07 23:19:05 -0400,1,Rise of Tribes: The Vul'Keth Invasion Expansion (Base Game Required),10.0,BGZ111558,0,Georgetown,ON,CA,Georgetown,ON,CA,Shopify Payments,0.0,Breaking Games,Low,web
#30700399853615,customer_559@example.com,559,Customer 559,,unfulfilled,yes,USD,40.0,26.28,0.0,66.28,,0.0,Fully Tracked Under 4lb Globegistics Priority CN22,2022-09-25 17:43:48 -0400,1,Secret Hitler,40.0,BGZ110577,0,D.F.,DF,MX,D.F.,DF,MX,Shopify Payments,0.0,Secret Hitler,Low,88312
#30237895786543,customer_560@example.com,560,Customer 560,,unfulfilled,yes,USD,15.0,9.24,0.0,24.24,,0.0,Fully Tracked Under 4lb Globegistics Priority CN22,2022-08-29 12:56:48 -0400,1,Rise of Tribes: BONUS Hex Tile Set (Base Game Required),5.0,BGZ115650,0,Roma,RM,IT,Roma,RM,IT,PayPal Express Checkout,0.0,Breaking Games,Low,web
#30237895786543,customer_560@example.com,560,Customer 560,,,,,,,,,,,,2022-08-29 12:56:48 -0400,1,Rise of Tribes: The Vul'Keth Invasion Expansion (Base Game Required),10.0,BGZ111558,0,,,,,,,,,Breaking Games,,
#30213103484975,customer_561@example.com,561,Customer 561,,unfulfilled,yes,USD,35.0,8.56,0.0,43.56,,0.0,Fedex Smart Post,2022-08-27 20:21:12 -0400,1,Secret Hitler,35.0,BGZ110577,0,Woodbridge,VA,US,Woodbridge,VA,US,Shopify Payments,0.0,Secret Hitler,Low,88312
#30177069269039,customer_562@example.com,562,Customer 562,,unfulfilled,yes,USD,40.0,16.58,0.0,56.58,,0.0,Fully Tracked Under 4lb Globegistics Priority CN22,2022-08-25 11:21:53 -0400,1,Rise of Tribes - Beast and Bronze Expansion (Base Game Required),25.0,BGZ111557,0,Saudarkrokur,,IS,Saudarkrokur,,IS,Shopify Payments,0.0,Breaking Games,Low,web
#30177069269039,customer_562@example.com,562,Customer 562,,,,,,,,,,,,2022-08-25 11:21:53 -0400,1,Rise of Tribes: BONUS Hex Tile Set (Base Game Required),5.0,BGZ115650,0,,,,,,,,,Breaking Games,,
#30177069269039,customer_562@example.com,562,Customer 562,,,,,,,,,,,,2022-08-25 11:21:53 -0400,1,Rise of Tribes: The Vul'Keth Invasion Expansion (Base Game Required),10.0,BGZ111558,0,,,,,,,,,Breaking Games,,
#29649157554223,customer_563@example.com,563,Customer 563,,unfulfilled,yes,USD,35.0,13.66,0.0,48.66,,0.0,Fully Tracked Under 4lb Globegistics Priority CN22,2022-07-24 13:26:44 -0400,1,Secret Hitler,35.0,BGZ110577,0,Marseille,,FR,Marseille,,FR,Shopify Payments,0.0,Secret Hitler,Low,88312
#29158997590063,customer_564@example.com,564,Customer 564,,unfulfilled,yes,USD,35.0,12.75,0.0,47.75,,0.0,Fully Tracked Under 4lb Globegistics Priority CN22,2022-06-25 16:07:32 -0400,1,Secret Hitler,35.0,BGZ110577,0,Bonn,,DE,Bonn,,DE,Shopify Payments,0.0,Secret Hitler,Low,88312
#28373832106031,customer_565@example.com,565,Customer 565,,unfulfilled,yes,USD,35.0,10.09,3.72,48.81,,0.0,Fedex Smart Post,2022-05-11 13:37:04 -0400,1,Secret Hitler,35.0,BGZ110577,0,Lubbock,TX,US,Lubbock,TX,US,Shopify Payments,0.0,Secret Hitler,Low,88312
#28344379768879,customer_566@example.com,566,Customer 566,,unfulfilled,yes,USD,35.0,26.28,0.0,61.28,,0.0,Fully Tracked Under 4lb Globegistics Priority CN22,2022-05-09 13:51:31 -0400,1,Secret Hitler,35.0,BGZ110577,0,Queretaro,QRO,MX,Queretaro,QRO,MX,Shopify Payments,0.0,Secret Hitler,Low,88312
#27893532983343,customer_567@example.com,567,Customer 567,,unfulfilled,yes,USD,35.0,17.4,0.0,52.4,,0.0,Fully Tracked Under 4lb Globegistics Priority CN22,2022-04-11 08:25:21 -0400,1,Secret Hitler,35.0,BGZ110577,0,Cote Saint-Luc,QC,CA,Cote Saint-Luc,QC,CA,Shopify Payments,0.0,Blackbox,Low,88312
#27764553842735,customer_568@example.com,568,Customer 568,,unfulfilled,yes,USD,35.0,7.37,0.0,42.37,,0.0,Fedex Smart Post,2022-04-03 06:47:17 -0400,1,Letter Tycoon,35.0,BGZ1055,0,brooklyn,NY,US,brooklyn,NY,US,Shopify Payments,0.0,Breaking Games,Low,web
#27763379699759,customer_569@example.com,569,Customer 569,,unfulfilled,yes,USD,35.0,26.53,0.0,61.53,,0.0,Fully Tracked Under 4lb Globegistics Priority CN22,2022-04-03 04:58:39 -0400,1,Secret Hitler,35.0,BGZ110577,0,Moscow,MOW,RU,Moscow,MOW,RU,Shopify Payments,0.0,Secret Hitler,Low,88312
#27759433777199,customer_570@example.com,570,Customer 570,,unfulfilled,yes,USD,88.95,19.49,0.0,108.44,,0.0,Fully Tracked Under 4lb Globegistics Priority CN22,2022-04-02 22:47:37 -0400,1,Dwellings of Eldervale - Mother of Dragons Miniature,6.99,BGZ116104,0,Montréal,QC,CA,Montréal,QC,CA,PayPal Express Checkout,0.0,Breaking Games,Low,580111
#27759433777199,customer_570@example.com,570,Customer 570,,,,,,,,,,,,2022-04-02 22:47:37 -0400,1,Dwellings of Eldervale - Oracle Hex Tile,6.99,BGZ115833,0,,,,,,,,,Breaking Games,,
#27759433777199,customer_570@example.com,570,Customer 570,,,,,,,,,,,,2022-04-02 22:47:37 -0400,1,Dwellings of Eldervale - Shapeshifter Mercenary Miniature,9.99,BGZ115834,0,,,,,,,,,Breaking Games,,
#27759433777199,customer_570@example.com,570,Customer 570,,,,,,,,,,,,2022-04-02 22:47:37 -0400,1,Dwellings of Eldervale - Minotaur Mercenary Miniature,9.99,BGZ115360,0,,,,,,,,,Breaking Games,,
#27759433777199,customer_570@example.com,570,Customer 570,,,,,,,,,,,,2022-04-02 22:47:37 -0400,1,Dwellings of Eldervale - DELUXE Upgrade Kit,54.99,BGZ115835,0,,,,,,,,,Breaking Games,,
#27718748536879,customer_571@example.com,571,Customer 571,,unfulfilled,yes,USD,35.0,7.24,0.0,42.24,,0.0,Fedex Smart Post,2022-03-31 10:32:57 -0400,1,Letter Tycoon,35.0,BGZ1055,0,Syracuse,NY,US,Syracuse,NY,US,Shopify Payments,0.0,Breaking Games,Low,web
#27590824460335,customer_572@example.com,572,Customer 572,,unfulfilled,yes,USD,78.96,8.33,0.0,87.29,,0.0,Fedex Smart Post,2022-03-24 14:18:52 -0400,1,Dwellings of Eldervale - Minotaur Mercenary Miniature,9.99,BGZ115360,0,Racine,WI,US,Racine,WI,US,PayPal Express Checkout,0.0,Breaking Games,Low,web
#27590824460335,customer_572@example.com,572,Customer 572,,,,,,,,,,,,2022-03-24 14:18:52 -0400,1,Dwellings of Eldervale - DELUXE Upgrade Kit,54.99,BGZ115835,0,,,,,,,,,Breaking Games,,
#27590824460335,customer_572@example.com,572,Customer 572,,,,,,,,,,,,2022-03-24 14:18:52 -0400,1,Dwellings of Eldervale -  Frost Giant Miniature with Bifröst Bridge Hex Tile,6.99,BGZ116103,0,,,,,,,,,Breaking Games,,
#27590824460335,customer_572@example.com,572,Customer 572,,,,,,,,,,,,2022-03-24 14:18:52 -0400,1,Dwellings of Eldervale - Mother of Dragons Miniature,6.99,BGZ116104,0,,,,,,,,,Breaking Games,,
#27573022621743,customer_573@example.com,573,Customer 573,,unfulfilled,yes,USD,26.97,7.11,0.0,34.08,,0.0,Fully Tracked Under 4lb Globegistics Priority CN22,2022-03-23 15:04:13 -0400,1,Dwellings of Eldervale - Shapeshifter Mercenary Miniature,9.99,BGZ115834,0,Porta Westfalica,,DE,Porta Westfalica,,DE,PayPal Express Checkout,0.0,Breaking Games,Low,web
#27573022621743,customer_573@example.com,573,Customer 573,,,,,,,,,,,,2022-03-23 15:04:13 -0400,1,Dwellings of Eldervale - Minotaur Mercenary Miniature,9.99,BGZ115360,0,,,,,,,,,Breaking Games,,
#27573022621743,customer_573@example.com,573,Customer 573,,,,,,,,,,,,2022-03-23 15:04:13 -0400,1,Dwellings of Eldervale -  Frost Giant Miniature with Bifröst Bridge Hex Tile,6.99,BGZ116103,0,,,,,,,,,Breaking Games,,
#27554569584687,customer_574@example.com,574,Customer 574,,unfulfilled,yes,USD,174.99,56.32,0.0,231.31,,0.0,Fully Tracked Over 4lbs Globegistics DelCon CN22,2022-03-22 13:06:37 -0400,1,Asking For Trobils Everything For New Trobil Hunters,125.0,BGZ116180,0,Shuhada,,KW,Shuhada,,KW,Shopify Payments,0.0,Breaking Games,Low,web
#27554569584687,customer_574@example.com,574,Customer 574,,,,,,,,,,,,2022-03-22 13:06:37 -0400,1,Dwellings of Eldervale - Shapeshifter Mercenary Miniature,9.99,BGZ115834,0,,,,,,,,,Breaking Games,,
#27554569584687,customer_574@example.com,574,Customer 574,,,,,,,,,,,,2022-03-22 13:06:37 -0400,1,Rise of Tribes: BONUS Hex Tile Set (Base Game Required),5.0,BGZ115650,0,,,,,,,,,Breaking Games,,
#27554569584687,customer_574@example.com,574,Customer 574,,,,,,,,,,,,2022-03-22 13:06:37 -0400,1,Rise of Tribes - Beast and Bronze Expansion (Base Game Required),25.0,BGZ111557,0,,,,,,,,,Breaking Games,,
#27554569584687,customer_574@example.com,574,Customer 574,,,,,,,,,,,,2022-03-22 13:06:37 -0400,1,Rise of Tribes: The Vul'Keth Invasion Expansion (Base Game Required),10.0,BGZ111558,0,,,,,,,,,Breaking Games,,
#27408862838831,customer_575@example.com,575,Customer 575,,unfulfilled,yes,USD,26.98,9.05,0.0,36.03,,0.0,Fully Tracked Under 4lb Globegistics Priority CN22,2022-03-14 19:25:26 -0400,1,Dwellings of Eldervale - Oracle Hex Tile,6.99,BGZ115833,0,Blackrock,D,IE,Blackrock,D,IE,Shopify Payments,0.0,Breaking Games,Low,web
#27408862838831,customer_575@example.com,575,Customer 575,,,,,,,,,,,,2022-03-14 19:25:26 -0400,1,Dwellings of Eldervale - Wooden Upgrade Treasure and Trove Tokens,19.99,BGZ115354,0,,,,,,,,,Breaking Games,,
#27408124837935,customer_576@example.com,576,Customer 576,,unfulfilled,yes,USD,35.0,8.22,0.0,43.22,,0.0,Fedex Smart Post,2022-03-14 18:38:10 -0400,1,Secret Hitler,35.0,BGZ110577,0,Tulsa,OK,US,Broken Arrow,OK,US,Shopify Payments,0.0,Blackbox,Low,88312
#27402255237167,customer_577@example.com,577,Customer 577,,unfulfilled,yes,USD,26.97,4.36,0.0,31.33,,0.0,USPS First Class Mail,2022-03-14 12:29:33 -0400,1,Dwellings of Eldervale - Oracle Hex Tile,6.99,BGZ115833,0,Orem,UT,US,Orem,UT,US,Shopify Payments,0.0,Breaking Games,Low,web
#27402255237167,customer_577@example.com,577,Customer 577,,,,,,,,,,,,2022-03-14 12:29:33 -0400,1,Dwellings of Eldervale - Minotaur Mercenary Miniature,9.99,BGZ115360,0,,,,,,,,,Breaking Games,,
#27402255237167,customer_577@example.com,577,Customer 577,,,,,,,,,,,,2022-03-14 12:29:33 -0400,1,Dwellings of Eldervale - Shapeshifter Mercenary Miniature,9.99,BGZ115834,0,,,,,,,,,Breaking Games,,
#27357142581295,customer_578@example.com,578,Customer 578,,unfulfilled,yes,USD,116.95,7.62,10.28,134.85,,0.0,Fedex Smart Post,2022-03-12 10:40:25 -0500,1,Dwellings of Eldervale - Oracle Hex Tile,6.99,BGZ115833,0,Fort Worth,TX,US,Fort Worth,TX,US,PayPal Express Checkout,0.0,Breaking Games,Low,web
#27357142581295,customer_578@example.com,578,Customer 578,,,,,,,,,,,,2022-03-12 10:40:25 -0500,1,Dwellings of Eldervale - Minotaur Mercenary Miniature,9.99,BGZ115360,0,,,,,,,,,Breaking Games,,
#27357142581295,customer_578@example.com,578,Customer 578,,,,,,,,,,,,2022-03-12 10:40:25 -0500,1,Dwellings of Eldervale - Shapeshifter Mercenary Miniature,9.99,BGZ115834,0,,,,,,,,,Breaking Games,,
#27357142581295,customer_578@example.com,578,Customer 578,,,,,,,,,,,,2022-03-12 10:40:25 -0500,1,Dwellings of Eldervale - Wooden Upgrade Treasure and Trove Tokens,19.99,BGZ115354,0,,,,,,,,,Breaking Games,,
#27357142581295,customer_578@example.com,578,Customer 578,,,,,,,,,,,,2022-03-12 10:40:25 -0500,1,Dwellings of Eldervale - LEGENDARY Upgrade Kit,69.99,BGZ115836,0,,,,,,,,,Breaking Games,,
#27316999192623,customer_579@example.com,579,Customer 579,,unfulfilled,yes,USD,35.0,11.1,0.0,46.1,,0.0,Fully Tracked Under 4lb Globegistics Priority CN22,2022-03-10 16:11:45 -0500,1,Secret Hitler,35.0,BGZ110577,0,Berlin,,DE,Berlin,,DE,Shopify Payments,0.0,Blackbox,Low,88312
#27302358122543,customer_580@example.com,580,Customer 580,,unfulfilled,yes,USD,35.0,12.95,0.0,47.95,,0.0,FedEx Ground*,2022-03-09 22:38:02 -0500,1,Secret Hitler,35.0,BGZ110577,0,Guayaquil,,EC,Miami,FL,US,Shopify Payments,0.0,Blackbox,Low,88312
#27170155069487,customer_581@example.com,581,Customer 581,,unfulfilled,yes,USD,35.0,7.69,0.0,42.69,,0.0,Fedex Smart Post,2022-03-03 22:02:31 -0500,1,Secret Hitler,35.0,BGZ110577,0,Liverpool,ENG,GB,Palm Harbor,FL,US,Shopify Payments,0.0,Blackbox,Low,88312
#26657359790127,customer_582@example.com,582,Customer 582,,unfulfilled,yes,USD,30.0,7.02,0.0,37.02,,0.0,Fedex Smart Post,2022-02-08 23:31:34 -0500,1,Rise of Tribes: BONUES Hex Tile Set (Base Game Required),5.0,BGZ115650,0,Knoxville,TN,US,Knoxville,TN,US,Shopify Payments,0.0,Breaking Games,Low,web
#26657359790127,customer_582@example.com,582,Customer 582,,,,,,,,,,,,2022-02-08 23:31:34 -0500,1,Rise of Tribes - Beast and Bronze Expansion (Base Game Required),25.0,BGZ111557,0,,,,,,,,,Breaking Games,,
#26566816759855,customer_583@example.com,583,Customer 583,,unfulfilled,yes,USD,35.0,11.93,0.0,46.93,,0.0,Not Fully Tracked Globegistics eCom ISAL,2022-02-04 23:51:54 -0500,1,Secret Hitler,35.0,BGZ110577,0,Zapopan,JAL,MX,Zapopan,JAL,MX,Shopify Payments,0.0,Blackbox,Low,88312
#26355207405615,customer_584@example.com,584,Customer 584,,unfulfilled,yes,USD,35.0,11.9,0.0,46.9,,0.0,Not Fully Tracked Globegistics eCom ISAL,2022-01-26 12:28:31 -0500,1,Secret Hitler,35.0,BGZ110577,0,Holice v Cechach,,CZ,Holice v Cechach,,CZ,Shopify Payments,0.0,Blackbox,Low,88312
#26313795731503,customer_585@example.com,585,Customer 585,,unfulfilled,yes,USD,35.0,45.62,0.0,80.62,,0.0,FedEx International Economy,2022-01-24 06:07:59 -0500,1,Secret Hitler,35.0,BGZ110577,0,Orzesze,,PL,Orzesze,,PL,Shopify Payments,0.0,Blackbox,Low,88312
#26270090395695,customer_586@example.com,586,Customer 586,,unfulfilled,yes,USD,35.0,9.5,0.0,44.5,,0.0,Not Fully Tracked Globegistics eCom ISAL,2022-01-21 18:29:56 -0500,1,Secret Hitler,35.0,BGZ110577,0,Hauzenberg,,DE,Hauzenberg,,DE,PayPal Express Checkout,0.0,Blackbox,Low,88312
#26213402083375,customer_587@example.com,587,Customer 587,,unfulfilled,yes,USD,40.0,8.8,0.0,48.8,,0.0,Fedex Smart Post,2022-01-18 13:07:01 -0500,1,Inhuman Conditions,40.0,BGZ110880,0,Albuquerque,NM,US,Albuquerque,NM,US,PayPal Express Checkout,0.0,Blackbox,Low,88312
#26100710572079,customer_588@example.com,588,Customer 588,,unfulfilled,yes,USD,35.0,9.68,0.0,44.68,,0.0,Fedex Smart Post,2022-01-11 20:10:10 -0500,1,Secret Hitler,35.0,BGZ110577,0,Maumelle,AR,US,Maumelle,AR,US,PayPal Express Checkout,0.0,Blackbox,Low,88312
#25970107482159,customer_589@example.com,589,Customer 589,,unfulfilled,yes,USD,76.49,23.78,5.55,105.82,BGNLST15,13.49,FedEx Home Delivery,2022-01-04 00:46:45 -0500,1,Dwellings of Eldervale - MINOTAUR MINIATURE,9.99,BGZ115360,0,San Luis Obispo,CA,US,San Luis Obispo,CA,US,PayPal Express Checkout,0.0,Breaking Games,Low,web
#25970107482159,customer_589@example.com,589,Customer 589,,,,,,,,,,,,2022-01-04 00:46:45 -0500,1,Dwellings of Eldervale - CUSTOM GAME MAT,79.99,BGZ115116,0,,,,,,,,,Breaking Games,,
#25936761618479,customer_590@example.com,590,Customer 590,,unfulfilled,yes,USD,40.0,13.6,0.0,53.6,,0.0,Fully Tracked Under 4lb Globegistics Priority CN22,2022-01-01 21:25:33 -0500,1,Inhuman Conditions,40.0,BGZ110880,0,Farnborough,ENG,GB,Farnborough,ENG,GB,PayPal Express Checkout,0.0,Blackbox,Low,88312
#25873770315823,customer_591@example.com,591,Customer 591,,unfulfilled,yes,USD,40.0,14.01,0.0,54.01,,0.0,Fully Tracked Under 4lb Globegistics Priority CN22,2021-12-28 18:19:57 -0500,1,Inhuman Conditions,40.0,BGZ110880,0,Katzwinkel,,DE,Katzwinkel,,DE,PayPal Express Checkout,0.0,Blackbox,Low,88312
#25778352619567,customer_592@example.com,592,Customer 592,,unfulfilled,yes,USD,35.0,20.04,0.0,55.04,,0.0,Not Fully Tracked Globegistics eCom ISAL,2021-12-22 10:51:16 -0500,1,Secret Hitler,35.0,BGZ110577,0,Lusk,D,IE,Lusk,D,IE,Shopify Payments,0.0,Blackbox,Low,88312
#25748840153135,customer_593@example.com,593,Customer 593,,unfulfilled,yes,USD,35.0,11.93,0.0,46.93,,0.0,Not Fully Tracked Globegistics eCom ISAL,2021-12-20 12:49:30 -0500,1,Secret Hitler,35.0,BGZ110577,0,Madero,TAMPS,MX,Madero,TAMPS,MX,Shopify Payments,35.0,Blackbox,Low,88312
#25559980441647,customer_594@example.com,594,Customer 594,,unfulfilled,yes,USD,40.0,13.6,0.0,53.6,,0.0,Fully Tracked Under 4lb Globegistics Priority CN22,2021-12-09 19:08:28 -0500,1,Inhuman Conditions,40.0,BGZ110880,0,LONDON,ENG,GB,LONDON,ENG,GB,Shopify Payments,0.0,Blackbox,Low,88312
#25541685477423,customer_595@example.com,595,Customer 595,,unfulfilled,yes,USD,35.0,9.07,0.0,44.07,,0.0,USPS Priority Mail,2021-12-09 00:31:37 -0500,1,Secret Hitler,35.0,BGZ110577,0,Portland,OR,US,Ellicott City,MD,US,Shopify Payments,0.0,Blackbox,Low,88312
#25476599939119,customer_596@example.com,596,Customer 596,,unfulfilled,yes,USD,15.0,11.77,0.0,26.77,,0.0,FedEx Ground*,2021-12-06 20:52:50 -0500,1,Stripes,15.0,BGZ110339,0,Holladay,UT,US,Holladay,UT,US,Shopify Payments,0.0,Breaking Games,Low,web
#25473803681839,customer_597@example.com,597,Customer 597,,unfulfilled,yes,USD,9.99,3.76,0.0,13.75,,0.0,USPS First Class Mail,2021-12-06 19:31:53 -0500,1,Dwellings of Eldervale - MINOTAUR MINIATURE,9.99,BGZ115360,0,Ankeny,IA,US,Ankeny,IA,US,PayPal Express Checkout,0.0,Breaking Games,Low,web
#25472060882991,customer_598@example.com,598,Customer 598,,unfulfilled,yes,USD,35.0,23.28,0.0,58.28,,0.0,Fedex International Ground,2021-12-06 18:06:49 -0500,1,Secret Hitler,35.0,BGZ110577,0,Toronto,ON,CA,Toronto,ON,CA,PayPal Express Checkout,0.0,Blackbox,Low,88312
#25447955628079,customer_599@example.com,599,Customer 599,,unfulfilled,yes,USD,35.0,23.28,0.0,58.28,,0.0,Fedex International Ground,2021-12-05 13:05:38 -0500,1,Secret Hitler,35.0,BGZ110577,0,Winnipeg,MB,CA,Winnipeg,MB,CA,Shopify Payments,0.0,Blackbox,Low,88312
#25344515473455,customer_600@example.com,600,Customer 600,,unfulfilled,yes,USD,40.0,21.68,2.9,64.58,,0.0,USPS Priority Mail,2021-11-30 03:30:39 -0500,1,Inhuman Conditions,40.0,BGZ110880,0,San Francisco,CA,US,San Francisco,CA,US,Shopify Payments,0.0,Blackbox,Low,88312
#25336766660655,customer_601@example.com,601,Customer 601,,unfulfilled,yes,USD,35.0,11.43,0.0,46.43,,0.0,USPS Priority Mail,2021-11-29 20:24:19 -0500,1,Secret Hitler,35.0,BGZ110577,0,Madisonville,KY,US,Madisonville,KY,US,Shopify Payments,0.0,Blackbox,Low,88312
#25252223549487,customer_602@example.com,602,Customer 602,,unfulfilled,yes,USD,35.0,13.32,0.0,48.32,,0.0,International Fully Tracked Under 4lbs,2021-11-25 16:10:53 -0500,1,Secret Hitler,35.0,BGZ110577,0,Massonnens,,CH,Massonnens,,CH,Shopify Payments,0.0,Blackbox,Low,88312
#25176130551855,customer_603@example.com,603,Customer 603,,unfulfilled,yes,USD,35.0,23.33,0.0,58.33,,0.0,Fedex International Ground,2021-11-21 03:59:09 -0500,1,Secret Hitler,35.0,BGZ110577,0,Candiac,QC,CA,Candiac,QC,CA,PayPal Express Checkout,0.0,Blackbox,Low,88312
#25164402491439,customer_604@example.com,604,Customer 604,,unfulfilled,yes,USD,40.0,13.6,0.0,53.6,,0.0,Fully Tracked Under 4lb Globegistics Priority CN22,2021-11-20 10:31:52 -0500,1,Inhuman Conditions,40.0,BGZ110880,0,SAFFRON WALDEN,ENG,GB,SAFFRON WALDEN,ENG,GB,Shopify Payments,0.0,Blackbox,Low,88312
#25133810286639,customer_605@example.com,605,Customer 605,,unfulfilled,yes,USD,20.0,11.77,2.55,34.32,,0.0,FedEx Ground*,2021-11-18 14:41:04 -0500,1,Spin The Dreidel,20.0,BGZ110360,0,Lafayette Hill,PA,US,Lafayette Hill,PA,US,Shopify Payments,0.0,Breaking Games,Low,web
#24995179397167,customer_606@example.com,606,Customer 606,,unfulfilled,yes,USD,40.0,9.83,4.11,53.94,,0.0,Fedex Smart Post,2021-11-09 13:10:41 -0500,1,Inhuman Conditions,40.0,BGZ110880,0,Flower Mound,TX,US,Flower Mound,TX,US,Shopify Payments,0.0,Blackbox,Low,88312
#24959879086127,customer_607@example.com,607,Customer 607,,unfulfilled,yes,USD,35.0,50.95,0.0,85.95,,0.0,Fedex International Priority,2021-11-07 05:31:04 -0500,1,Secret Hitler,35.0,BGZ110577,0,Zurich,,CH,Zurich,,CH,Shopify Payments,0.0,Blackbox,Low,88312
#24938585129007,customer_608@example.com,608,Customer 608,,unfulfilled,yes,USD,35.0,50.48,0.0,85.48,,0.0,Fedex International Priority,2021-11-05 19:20:58 -0400,1,Secret Hitler,35.0,BGZ110577,0,Auckland,,NZ,Auckland,,NZ,Shopify Payments,0.0,Blackbox,Low,88312
#24870626754607,customer_609@example.com,609,Customer 609,,unfulfilled,yes,USD,40.0,50.14,0.0,90.14,,0.0,Fedex International Priority,2021-11-01 17:02:35 -0400,1,Inhuman Conditions,40.0,BGZ110880,0,dundee,SCT,GB,EDINBURGH,SCT,GB,Shopify Payments,0.0,Blackbox,Low,88312
#24854100049967,customer_610@example.com,610,Customer 610,,unfulfilled,yes,USD,35.0,11.1,0.0,46.1,,0.0,Fully Tracked Under 4lb Globegistics Priority CN22,2021-10-31 18:00:29 -0400,1,Secret Hitler,35.0,BGZ110577,0,Bingen,,DE,Bingen,,DE,PayPal Express Checkout,0.0,Blackbox,Low,88312
#24786024955951,customer_611@example.com,611,Customer 611,,unfulfilled,yes,USD,19.99,18.41,0.0,38.4,,0.0,USPS First Class Mail International,2021-10-28 09:43:23 -0400,1,Dwellings of Eldervale - WOODEN UPGRADE TREASURE AND TROVE TOKENS,19.99,BGZ115354,0,Vallentuna (Stockholm),,SE,Vallentuna (Stockholm),,SE,Shopify Payments,0.0,Breaking Games,Low,web
#24757204287535,customer_612@example.com,612,Customer 612,,unfulfilled,yes,USD,35.0,8.47,0.0,43.47,,0.0,Fedex Smart Post,2021-10-26 17:30:40 -0400,1,Secret Hitler,35.0,BGZ110577,0,Baltimore,MD,US,Baltimore,MD,US,Shopify Payments,0.0,Blackbox,Low,88312
#24620233490479,customer_613@example.com,613,Customer 613,,unfulfilled,yes,USD,40.0,50.36,0.0,90.36,,0.0,Fedex International Priority,2021-10-19 05:28:02 -0400,1,Inhuman Conditions,40.0,BGZ110880,0,Nancy,,FR,Nancy,,FR,PayPal Express Checkout,0.0,Blackbox,Low,88312
#24615335428143,customer_614@example.com,614,Customer 614,,unfulfilled,no,USD,35.0,22.92,0.0,57.92,CHARMCITY75,0.0,Fedex International Ground,2021-10-18 23:00:37 -0400,1,Secret Hitler,35.0,BGZ110577,0,Brampton,ON,CA,Brampton,ON,CA,PayPal Express Checkout,0.0,Blackbox,Low,88312
#24611441475631,customer_615@example.com,615,Customer 615,,unfulfilled,no,USD,35.0,12.02,2.72,49.74,,0.0,FedEx Home Delivery,2021-10-18 17:38:02 -0400,1,Secret Hitler,35.0,BGZ110577,0,San Diego,CA,US,San Diego,CA,US,Shopify Payments,0.0,Blackbox,Low,88312
#24559167504431,customer_616@example.com,616,Customer 616,,unfulfilled,no,USD,35.0,9.78,0.0,44.78,,0.0,Fedex Smart Post,2021-10-15 20:45:33 -0400,1,Secret Hitler,35.0,BGZ110577,0,Taylorsville,KY,US,Taylorsville,KY,US,Shopify Payments,0.0,Blackbox,Low,88312
#24495450161199,customer_617@example.com,617,Customer 617,,unfulfilled,yes,USD,35.0,50.61,0.0,85.61,,0.0,Fedex International Priority,2021-10-12 11:33:23 -0400,1,Secret Hitler,35.0,BGZ110577,0,Algodonales,CA,ES,Algodonales,CA,ES,PayPal Express Checkout,0.0,Blackbox,Low,88312
#24473094684719,customer_618@example.com,618,Customer 618,,unfulfilled,no,USD,35.0,43.25,0.0,78.25,,0.0,Fedex International Priority,2021-10-11 07:42:56 -0400,1,Secret Hitler,35.0,BGZ110577,0,Abu Dhabi,AZ,AE,Sheffield,ENG,GB,Shopify Payments,0.0,Blackbox,Low,88312
#24471451205679,customer_619@example.com,619,Customer 619,,unfulfilled,no,USD,40.0,50.02,0.0,90.02,,0.0,Fedex International Priority,2021-10-11 05:35:20 -0400,1,Inhuman Conditions,40.0,BGZ110880,0,Christchurch,CAN,NZ,Leeds,ENG,GB,PayPal Express Checkout,0.0,Blackbox,Low,88312
#24345799098415,customer_620@example.com,620,Customer 620,,unfulfilled,yes,USD,35.0,6.46,0.0,41.46,,0.0,Fedex Smart Post,2021-10-04 10:31:25 -0400,1,Secret Hitler,35.0,BGZ110577,0,Bethesda,MD,US,Bethesda,MD,US,Shopify Payments,0.0,Blackbox,Low,88312
#24333363380271,customer_621@example.com,621,Customer 621,,unfulfilled,yes,USD,40.0,49.69,0.0,89.69,,0.0,Fedex International Priority,2021-10-03 16:09:45 -0400,1,Inhuman Conditions,40.0,BGZ110880,0,Swindon,ENG,GB,Swindon,ENG,GB,Shopify Payments,0.0,Blackbox,Low,88312
#24218413203503,customer_622@example.com,622,Customer 622,,unfulfilled,yes,USD,35.0,8.02,0.0,43.02,,0.0,Fedex Smart Post,2021-09-27 12:26:55 -0400,1,Secret Hitler,35.0,BGZ110577,0,Las Vegas,NV,US,Flagstaff,AZ,US,Shopify Payments,0.0,Blackbox,Low,88312
#23974953091119,customer_623@example.com,623,Customer 623,,unfulfilled,yes,USD,15.0,18.11,0.0,33.11,,0.0,USPS First Class Mail International,2021-09-15 06:20:31 -0400,1,The Stars Align,15.0,BGZ110453,0,Wattana,TH-10,TH,Wattana,TH-10,TH,Shopify Payments,0.0,Breaking Games,Low,web
#23957399863343,customer_624@example.com,624,Customer 624,,unfulfilled,yes,USD,40.0,24.4,0.0,64.4,,0.0,Fedex International Ground,2021-09-14 10:33:01 -0400,1,Inhuman Conditions,40.0,BGZ110880,0,Russell,ON,CA,Russell,ON,CA,PayPal Express Checkout,0.0,Blackbox,Low,88312
#23872851345455,customer_625@example.com,625,Customer 625,,unfulfilled,yes,USD,9.99,3.31,0.88,14.18,,0.0,USPS First Class Mail,2021-09-10 12:08:28 -0400,1,Dwellings of Eldervale - MINOTAUR MINIATURE,9.99,BGZ115360,0,Port Reading,NJ,US,Port Reading,NJ,US,PayPal Express Checkout,0.0,Breaking Games,Low,web
#23753757294639,customer_626@example.com,626,Customer 626,,unfulfilled,no,USD,40.0,6.45,0.0,46.45,,0.0,Fedex Smart Post,2021-09-04 21:12:48 -0400,1,Inhuman Conditions,40.0,BGZ110880,0,Poughkeepsie,NY,US,Poughkeepsie,NY,US,Shopify Payments,0.0,Blackbox,Low,88312
#23572529938479,customer_627@example.com,627,Customer 627,,unfulfilled,yes,USD,35.0,49.7,0.0,84.7,,0.0,Fedex International Priority,2021-08-27 07:45:57 -0400,1,Secret Hitler,35.0,BGZ110577,0,Glattbrugg,,CH,Glattbrugg,,CH,Shopify Payments,0.0,Blackbox,Low,88312
#23563158093871,customer_628@example.com,628,Customer 628,,unfulfilled,yes,USD,25.0,9.73,0.0,34.73,,0.0,USPS Priority Mail,2021-08-26 20:38:39 -0400,1,Rise of Tribes - Deluxe Upgrade (Base Game Required),25.0,BGZ110348,0,Blackshear,GA,US,Blackshear,GA,US,Shopify Payments,0.0,Breaking Games,Low,web
#23492770627631,customer_629@example.com,629,Customer 629,,unfulfilled,no,USD,35.0,47.5,0.0,82.5,,0.0,USPS First Class Mail International,2021-08-23 12:51:26 -0400,1,Secret Hitler,35.0,BGZ110577,0,Worms,,DE,Worms,,DE,PayPal Express Checkout,0.0,Blackbox,Low,88312
#23343700312111,customer_630@example.com,630,Customer 630,,unfulfilled,yes,USD,35.0,8.8,2.19,45.99,,0.0,USPS Priority Mail,2021-08-16 21:36:18 -0400,1,Secret Hitler,35.0,BGZ110577,0,Natick,MA,US,Natick,MA,US,Shopify Payments,0.0,Blackbox,Low,88312
#23332452106287,customer_631@example.com,631,Customer 631,,unfulfilled,yes,USD,35.0,6.45,0.0,41.45,,0.0,Fedex Smart Post,2021-08-16 09:49:39 -0400,1,Secret Hitler,35.0,BGZ110577,0,Croton-on-Hudson,NY,US,Croton-on-Hudson,NY,US,Shopify Payments,0.0,Blackbox,Low,88312
#23293844226095,customer_632@example.com,632,Customer 632,,unfulfilled,yes,USD,70.0,66.29,0.0,136.29,,0.0,Fedex International Priority,2021-08-14 17:12:11 -0400,2,Secret Hitler,35.0,BGZ110577,0,Rudolfstetten-Friedlisberg,,CH,Rudolfstetten-Friedlisberg,,CH,Shopify Payments,0.0,Blackbox,Low,88312
#23277126680623,customer_633@example.com,633,Customer 633,,unfulfilled,yes,USD,40.0,9.44,2.5,51.94,,0.0,USPS Priority Mail,2021-08-13 23:05:26 -0400,1,Inhuman Conditions,40.0,BGZ110880,0,Smithers,BC,CA,Beverly,MA,US,PayPal Express Checkout,0.0,Blackbox,Low,88312
#23004595093551,customer_634@example.com,634,Customer 634,,unfulfilled,no,USD,40.0,56.62,0.0,96.62,,0.0,Fedex International Priority,2021-08-02 03:34:14 -0400,1,Inhuman Conditions,40.0,BGZ110880,0,IVANHOE,VIC,AU,IVANHOE,VIC,AU,Shopify Payments,0.0,Blackbox,Low,88312
#22983029162031,customer_635@example.com,635,Customer 635,,unfulfilled,yes,USD,40.0,56.09,0.0,96.09,,0.0,Fedex International Priority,2021-08-01 03:03:16 -0400,1,Inhuman Conditions,40.0,BGZ110880,0,Helsinki,,FI,Helsinki,,FI,Shopify Payments,0.0,Blackbox,Low,88312
#22856721858607,customer_636@example.com,636,Customer 636,,unfulfilled,no,USD,9.99,17.22,0.0,27.21,,0.0,USPS First Class Mail International,2021-07-26 12:48:51 -0400,1,Dwellings of Eldervale - MINOTAUR MINIATURE,9.99,BGZ115360,0,Vilnius,,LT,Vilnius,,LT,Shopify Payments,0.0,Breaking Games,Low,web
#22821809127471,customer_637@example.com,637,Customer 637,,unfulfilled,no,USD,35.0,8.58,0.0,43.58,,0.0,Fedex Smart Post,2021-07-25 00:46:37 -0400,1,Letter Tycoon,35.0,BGZ1055,0,Portland,OR,US,Portland,OR,US,PayPal Express Checkout,0.0,Breaking Games,Low,web
#22813848633391,customer_638@example.com,638,Customer 638,,unfulfilled,yes,USD,9.99,3.54,0.0,13.53,,0.0,USPS First Class Mail,2021-07-24 16:48:31 -0400,1,Dwellings of Eldervale - MINOTAUR MINIATURE,9.99,BGZ115360,0,Smithville,MO,US,Smithville,MO,US,PayPal Express Checkout,0.0,Breaking Games,Low,580111
#22768969777199,customer_639@example.com,639,Customer 639,,unfulfilled,yes,USD,9.99,19.3,0.0,29.29,,0.0,USPS First Class Mail International,2021-07-22 19:59:27 -0400,1,Dwellings of Eldervale - MINOTAUR MINIATURE,9.99,BGZ115360,0,Camponogara,VE,IT,Camponogara,VE,IT,PayPal Express Checkout,0.0,Breaking Games,Low,580111
#22719576965167,customer_640@example.com,640,Customer 640,,unfulfilled,yes,USD,105.0,8.41,11.63,125.04,,0.0,Fedex Smart Post,2021-07-20 19:30:47 -0400,3,Secret Hitler,35.0,BGZ110577,0,Wilmette,IL,US,Wilmette,IL,US,Shopify Payments,0.0,Blackbox,Low,88312
#22672433217583,customer_641@example.com,641,Customer 641,,unfulfilled,no,USD,38.0,7.15,3.72,48.87,,0.0,Fedex Smart Post,2021-07-18 19:54:38 -0400,1,Sparkle*Kitty Nights: Safe Words Pack Expansion,8.0,BGZ110717,0,Abilene,TX,US,Abilene,TX,US,Shopify Payments,0.0,Breaking Games,Low,web
#22672433217583,customer_641@example.com,641,Customer 641,,,,,,,,,,,,2021-07-18 19:54:38 -0400,1,Sparkle*Kitty Princess Palette Card,2.0,BGZ110342,0,,,,,,,,,Breaking Games,,
#22672433217583,customer_641@example.com,641,Customer 641,,,,,,,,,,,,2021-07-18 19:54:38 -0400,1,Sparkle*Kitty Quantum Pack,8.0,BGZ110718,0,,,,,,,,,Breaking Games,,
#22672433217583,customer_641@example.com,641,Customer 641,,,,,,,,,,,,2021-07-18 19:54:38 -0400,1,Sparkle*Kitty Nights,20.0,BGZ110716,0,,,,,,,,,Breaking Games,,
#22648759222319,customer_642@example.com,642,Customer 642,,unfulfilled,yes,USD,40.0,49.35,0.0,89.35,,0.0,Fedex International Priority,2021-07-17 19:42:00 -0400,1,Inhuman Conditions,40.0,BGZ110880,0,Chesterfield,ENG,GB,Chesterfield,ENG,GB,PayPal Express Checkout,0.0,Blackbox,Low,88312
#22458173063215,customer_643@example.com,643,Customer 643,,unfulfilled,yes,USD,35.0,10.6,0.0,45.6,,0.0,USPS Priority Mail,2021-07-09 22:20:02 -0400,1,Secret Hitler,35.0,BGZ110577,0,Farmington,MN,US,Farmington,MN,US,Shopify Payments,0.0,Blackbox,Low,88312
#22454952493103,customer_644@example.com,644,Customer 644,,unfulfilled,yes,USD,35.0,7.63,3.51,46.14,,0.0,Fedex Smart Post,2021-07-09 19:22:34 -0400,1,Secret Hitler,35.0,BGZ110577,0,SAN ANTONIO,TX,US,SAN ANTONIO,TX,US,Shopify Payments,0.0,Blackbox,Low,88312
#22420856832047,customer_645@example.com,645,Customer 645,,unfulfilled,yes,USD,40.0,24.33,0.0,64.33,,0.0,Fedex International Ground,2021-07-08 11:20:50 -0400,1,Inhuman Conditions,40.0,BGZ110880,0,Ottawa,ON,CA,Ottawa,ON,CA,Shopify Payments,0.0,Blackbox,Low,88312
#22418310397999,customer_646@example.com,646,Customer 646,,unfulfilled,no,USD,40.0,49.46,0.0,89.46,,0.0,Fedex International Priority,2021-07-08 08:49:27 -0400,1,Inhuman Conditions,40.0,BGZ110880,0,Hannover,,DE,Hannover,,DE,PayPal Express Checkout,0.0,Blackbox,Low,88312
#22398252646447,customer_647@example.com,647,Customer 647,,unfulfilled,no,USD,40.0,37.65,0.0,77.65,,0.0,Fedex International Priority,2021-07-07 13:26:19 -0400,1,Inhuman Conditions,40.0,BGZ110880,0,Mexico City,DF,MX,Mexico City,DF,MX,PayPal Express Checkout,0.0,Blackbox,Low,88312
#22391943430191,customer_648@example.com,648,Customer 648,,unfulfilled,no,USD,35.0,42.76,0.0,77.76,,0.0,Fedex International Priority,2021-07-07 07:23:10 -0400,1,Secret Hitler,35.0,BGZ110577,0,Schwabach,,DE,Schwabach,,DE,PayPal Express Checkout,0.0,Blackbox,Low,88312
#22318589116463,customer_649@example.com,649,Customer 649,,unfulfilled,no,USD,40.0,56.89,0.0,96.89,,0.0,Fedex International Priority,2021-07-04 11:56:40 -0400,1,Inhuman Conditions,40.0,BGZ110880,0,Ringwood East,VIC,AU,Ringwood East,VIC,AU,Shopify Payments,0.0,Blackbox,Low,88312
#22245091278895,customer_650@example.com,650,Customer 650,,unfulfilled,yes,USD,9.99,17.22,0.0,27.21,,0.0,USPS First Class Mail International,2021-07-01 14:15:23 -0400,1,Dwellings of Eldervale - MINOTAUR MINIATURE,9.99,BGZ115360,0,Vilnius,,LT,Vilnius,,LT,PayPal Express Checkout,0.0,Breaking Games,Low,web
#22209100382255,customer_651@example.com,651,Customer 651,,unfulfilled,yes,USD,9.99,17.22,0.0,27.21,,0.0,USPS First Class Mail International,2021-06-30 02:33:53 -0400,1,Dwellings of Eldervale - MINOTAUR MINIATURE,9.99,BGZ115360,0,Bissendorf,,DE,Bissendorf,,DE,PayPal Express Checkout,0.0,Breaking Games,Low,web
#22105536233519,customer_652@example.com,652,Customer 652,,unfulfilled,yes,USD,9.99,18.11,0.0,28.1,,0.0,USPS First Class Mail International,2021-06-26 07:13:48 -0400,1,Dwellings of Eldervale - MINOTAUR MINIATURE,9.99,BGZ115360,0,Singapore,,SG,Singapore,,SG,PayPal Express Checkout,0.0,Breaking Games,Low,web
#22091847696431,customer_653@example.com,653,Customer 653,,unfulfilled,yes,USD,9.99,17.22,0.0,27.21,,0.0,USPS First Class Mail International,2021-06-25 16:29:06 -0400,1,Dwellings of Eldervale - MINOTAUR MINIATURE,9.99,BGZ115360,0,Teltow,,DE,Teltow,,DE,PayPal Express Checkout,0.0,Breaking Games,Low,web
#22058416406575,customer_654@example.com,654,Customer 654,,unfulfilled,no,USD,35.0,13.02,2.19,50.21,,0.0,FedEx Home Delivery®,2021-06-24 06:38:26 -0400,1,Secret Hitler,35.0,BGZ110577,0,Brookline,MA,US,Brookline,MA,US,PayPal Express Checkout,0.0,Blackbox,Low,88312
#21989825904687,customer_655@example.com,655,Customer 655,,unfulfilled,yes,USD,199.99,41.8,0.0,241.79,,0.0,Fedex International Ground,2021-06-21 16:36:54 -0400,1,Dwellings of Eldervale - LEGENDARY EDITION ELEMENT COVER,199.99,BGZ111014,0,Chambly,QC,CA,Chambly,QC,CA,Shopify Payments,241.79,Breaking Games,Low,web
#21946431307823,customer_656@example.com,656,Customer 656,,unfulfilled,yes,USD,65.0,9.53,5.04,79.57,,0.0,Fedex Smart Post,2021-06-19 19:16:39 -0400,1,The Game of 49,15.0,BGZ1049,0,El Cajon,CA,US,El Cajon,CA,US,Shopify Payments,0.0,Breaking Games,Low,web
#21946431307823,customer_656@example.com,656,Customer 656,,,,,,,,,,,,2021-06-19 19:16:39 -0400,1,The Stars Align,15.0,BGZ110453,0,,,,,,,,,Breaking Games,,
#21946431307823,customer_656@example.com,656,Customer 656,,,,,,,,,,,,2021-06-19 19:16:39 -0400,1,Letter Tycoon,35.0,BGZ1055,0,,,,,,,,,Breaking Games,,
#21918782717999,customer_657@example.com,657,Customer 657,,unfulfilled,yes,USD,79.99,23.82,0.0,103.81,,0.0,FedEx Home Delivery®,2021-06-18 11:46:16 -0400,1,Dwellings of Eldervale - CUSTOM GAME MAT,79.99,BGZ115116,0,Gering,NE,US,Gering,NE,US,Shopify Payments,0.0,Breaking Games,Low,web
#21905596645423,customer_658@example.com,658,Customer 658,,unfulfilled,yes,USD,79.99,22.94,0.0,102.93,,0.0,FedEx Home Delivery®,2021-06-17 19:46:10 -0400,1,Dwellings of Eldervale - CUSTOM GAME MAT,79.99,BGZ115116,0,Gilbert,AZ,US,Gilbert,AZ,US,Shopify Payments,0.0,Breaking Games,Low,web
#21888127238191,customer_659@example.com,659,Customer 659,,unfulfilled,no,USD,35.0,7.63,3.51,46.14,,0.0,Fedex Smart Post,2021-06-16 22:19:38 -0400,1,Secret Hitler,35.0,BGZ110577,0,Weslaco,TX,US,Weslaco,TX,US,Shopify Payments,0.0,Blackbox,Low,88312
#21881863340079,customer_660@example.com,660,Customer 660,,unfulfilled,yes,USD,20.0,9.73,0.0,29.73,,0.0,USPS Priority Mail,2021-06-16 15:02:10 -0400,1,Sparkle*Kitty,20.0,BGZ110378,0,EDEN PRAIRIE,MN,US,EDEN PRAIRIE,MN,US,Shopify Payments,0.0,Breaking Games,Low,web
#21763424845871,customer_661@example.com,661,Customer 661,,unfulfilled,yes,USD,174.99,24.07,0.0,199.06,,0.0,FedEx Home Delivery®,2021-06-10 15:00:39 -0400,1,Dwellings of Eldervale - DELUXE EDITION CROC COVER,174.99,BGZ115356,0,PARACHUTE,CO,US,PARACHUTE,CO,US,Shopify Payments,0.0,Breaking Games,Low,web
#21734068486191,customer_662@example.com,662,Customer 662,,unfulfilled,yes,USD,79.99,13.08,5.0,98.07,,0.0,FedEx Home Delivery®,2021-06-09 01:19:18 -0400,1,Dwellings of Eldervale - CUSTOM GAME MAT,79.99,BGZ115116,0,DEDHAM,MA,US,DEDHAM,MA,US,PayPal Express Checkout,0.0,Breaking Games,Low,web
#21731446095919,customer_663@example.com,663,Customer 663,,unfulfilled,yes,USD,199.99,19.31,0.0,219.3,,0.0,FedEx Ground®,2021-06-08 22:03:19 -0400,1,Dwellings of Eldervale - LEGENDARY EDITION ELEMENT COVER,199.99,BGZ111014,0,RAF Northolt,BFP,GB,Portland,OR,US,Shopify Payments,0.0,Breaking Games,Low,web
#21731094495279,customer_664@example.com,664,Customer 664,,unfulfilled,yes,USD,89.98,26.17,0.0,116.15,,0.0,FedEx Home Delivery®,2021-06-08 21:37:55 -0400,1,Dwellings of Eldervale - MINOTAUR MINIATURE,9.99,BGZ115360,0,Bozeman,MT,US,Bozeman,MT,US,Shopify Payments,0.0,Breaking Games,Low,web
#21731094495279,customer_664@example.com,664,Customer 664,,,,,,,,,,,,2021-06-08 21:37:55 -0400,1,Dwellings of Eldervale - CUSTOM GAME MAT,79.99,BGZ115116,0,,,,,,,,,Breaking Games,,
#21728875773999,customer_665@example.com,665,Customer 665,,unfulfilled,no,USD,35.0,10.6,4.67,50.27,,0.0,USPS First Class Mail,2021-06-08 18:55:31 -0400,1,Secret Hitler,35.0,BGZ110577,0,Wood River,IL,US,Wood River,IL,US,Shopify Payments,0.0,Blackbox,Low,88312
#21728016891951,customer_666@example.com,666,Customer 666,,unfulfilled,yes,USD,76.49,27.22,0.0,103.71,KR15MAVP,13.49,FedEx Home Delivery®,2021-06-08 17:53:22 -0400,1,Dwellings of Eldervale - CUSTOM GAME MAT,79.99,BGZ115116,0,Whitehall,MT,US,Whitehall,MT,US,PayPal Express Checkout,0.0,Breaking Games,Low,web
#21728016891951,customer_666@example.com,666,Customer 666,,,,,,,,,,,,2021-06-08 17:53:22 -0400,1,Dwellings of Eldervale - MINOTAUR MINIATURE,9.99,BGZ115360,0,,,,,,,,,Breaking Games,,
#21726747000879,customer_667@example.com,667,Customer 667,,unfulfilled,yes,USD,199.99,115.52,0.0,315.51,,0.0,Fedex International Priority,2021-06-08 16:21:56 -0400,1,Dwellings of Eldervale - LEGENDARY EDITION ELEMENT COVER,199.99,BGZ111014,0,Oslo,,NO,Oslo,,NO,Shopify Payments,0.0,Breaking Games,Low,web
#21726589321263,customer_668@example.com,668,Customer 668,,unfulfilled,yes,USD,209.98,16.91,0.0,226.89,,0.0,FedEx Home Delivery®,2021-06-08 16:10:40 -0400,1,Dwellings of Eldervale - MINOTAUR MINIATURE,9.99,BGZ115360,0,Woodford,VA,US,Woodford,VA,US,Shopify Payments,0.0,Breaking Games,Low,web
#21726589321263,customer_668@example.com,668,Customer 668,,,,,,,,,,,,2021-06-08 16:10:40 -0400,1,Dwellings of Eldervale - LEGENDARY EDITION ELEMENT COVER,199.99,BGZ111014,0,,,,,,,,,Breaking Games,,
#21725782016047,customer_669@example.com,669,Customer 669,,unfulfilled,no,USD,79.99,17.62,8.05,105.66,,0.0,FedEx Home Delivery®,2021-06-08 15:13:52 -0400,1,Dwellings of Eldervale - CUSTOM GAME MAT,79.99,BGZ115116,0,McGregor,TX,US,McGregor,TX,US,Shopify Payments,0.0,Breaking Games,Low,web
#21725412327471,customer_670@example.com,670,Customer 670,,unfulfilled,yes,USD,489.96,16.68,33.56,540.2,,0.0,FedEx Home Delivery®,2021-06-08 14:47:33 -0400,1,Dwellings of Eldervale - MINOTAUR MINIATURE,9.99,BGZ115360,0,Morristown,NJ,US,Morristown,NJ,US,Shopify Payments,0.0,Breaking Games,Low,web
#21725412327471,customer_670@example.com,670,Customer 670,,,,,,,,,,,,2021-06-08 14:47:33 -0400,2,Dwellings of Eldervale - LEGENDARY EDITION ELEMENT COVER,199.99,BGZ111014,0,,,,,,,,,Breaking Games,,
#21725412327471,customer_670@example.com,670,Customer 670,,,,,,,,,,,,2021-06-08 14:47:33 -0400,1,Dwellings of Eldervale - CUSTOM GAME MAT,79.99,BGZ115116,0,,,,,,,,,Breaking Games,,
#21725388898351,customer_671@example.com,671,Customer 671,,unfulfilled,yes,USD,199.99,187.32,0.0,387.31,,0.0,Fedex International Priority,2021-06-08 14:45:54 -0400,1,Dwellings of Eldervale - LEGENDARY EDITION ELEMENT COVER,199.99,BGZ111014,0,Kielczow,,PL,Kielczow,,PL,PayPal Express Checkout,0.0,Breaking Games,Low,web
#21724545318959,customer_672@example.com,672,Customer 672,,unfulfilled,yes,USD,29.99,9.17,3.23,42.39,,0.0,USPS First Class Mail,2021-06-08 13:49:14 -0400,1,Dwellings of Eldervale - 100 PIECE WOODEN RESOURCE UPGRADE KIT,29.99,BGZ115699,0,Fort Worth,TX,US,Fort Worth,TX,US,Shopify Payments,0.0,Breaking Games,Low,web
#21724351627311,customer_673@example.com,673,Customer 673,,unfulfilled,yes,USD,170.0,16.87,0.0,186.87,KR15MAVP,29.99,FedEx Home Delivery®,2021-06-08 13:36:09 -0400,1,Dwellings of Eldervale - LEGENDARY EDITION ELEMENT COVER,199.99,BGZ111014,0,Omaha,NE,US,Omaha,NE,US,Shopify Payments,0.0,Breaking Games,Low,web
#21724062384175,customer_674@example.com,674,Customer 674,,unfulfilled,yes,USD,79.99,13.3,6.53,99.82,,0.0,FedEx Home Delivery®,2021-06-08 13:16:24 -0400,1,Dwellings of Eldervale - CUSTOM GAME MAT,79.99,BGZ115116,0,Zionsville,IN,US,Zionsville,IN,US,Shopify Payments,0.0,Breaking Games,Low,web
#21723999338543,customer_675@example.com,675,Customer 675,,unfulfilled,no,USD,239.97,40.25,0.0,280.22,,0.0,Fedex International Ground,2021-06-08 13:12:11 -0400,1,Dwellings of Eldervale - MINOTAUR MINIATURE,9.99,BGZ115360,0,Surrey,BC,CA,Surrey,BC,CA,PayPal Express Checkout,0.0,Breaking Games,Low,web
#21723999338543,customer_675@example.com,675,Customer 675,,,,,,,,,,,,2021-06-08 13:12:11 -0400,1,Dwellings of Eldervale - LEGENDARY EDITION ELEMENT COVER,199.99,BGZ111014,0,,,,,,,,,Breaking Games,,
#21723999338543,customer_675@example.com,675,Customer 675,,,,,,,,,,,,2021-06-08 13:12:11 -0400,1,Dwellings of Eldervale - 100 PIECE WOODEN RESOURCE UPGRADE KIT,29.99,BGZ115699,0,,,,,,,,,Breaking Games,,
#21723869184047,customer_676@example.com,676,Customer 676,,unfulfilled,yes,USD,234.98,122.88,0.0,357.86,,0.0,Fedex International Priority,2021-06-08 13:03:38 -0400,1,Dwellings of Eldervale - LEGENDARY EDITION CROC COVER,224.99,BGZ115358,0,Kuwait,,KW,Kuwait,,KW,Shopify Payments,0.0,Breaking Games,Low,web
#21723869184047,customer_676@example.com,676,Customer 676,,,,,,,,,,,,2021-06-08 13:03:38 -0400,1,Dwellings of Eldervale - MINOTAUR MINIATURE,9.99,BGZ115360,0,,,,,,,,,Breaking Games,,
#21723839987759,customer_677@example.com,677,Customer 677,,unfulfilled,yes,USD,304.98,58.73,0.0,363.71,,0.0,Fedex International Ground,2021-06-08 13:01:45 -0400,1,Dwellings of Eldervale - CUSTOM GAME MAT,79.99,BGZ115116,0,Toronto,ON,CA,Toronto,ON,CA,PayPal Express Checkout,224.99,Breaking Games,Low,web
#21723839987759,customer_677@example.com,677,Customer 677,,,,,,,,,,,,2021-06-08 13:01:45 -0400,1,Dwellings of Eldervale - LEGENDARY EDITION CROC COVER,224.99,BGZ115358,0,,,,,,,,,Breaking Games,,
#21722702905391,customer_678@example.com,678,Customer 678,,unfulfilled,yes,USD,19.99,7.88,1.85,29.72,,0.0,USPS First Class Mail,2021-06-08 11:43:46 -0400,1,Dwellings of Eldervale - WOODEN UPGRADE TREASURE AND TROVE TOKENS,19.99,BGZ115354,0,MILLBURN,NJ,US,MILLBURN,NJ,US,Shopify Payments,0.0,Breaking Games,Low,web
#21721677070383,customer_679@example.com,679,Customer 679,,unfulfilled,yes,USD,234.98,19.38,0.0,254.36,,0.0,FedEx Home Delivery®,2021-06-08 10:32:29 -0400,1,Dwellings of Eldervale - LEGENDARY EDITION CROC COVER,224.99,BGZ115358,0,Rio Rancho,NM,US,Rio Rancho,NM,US,Shopify Payments,254.36,Breaking Games,Low,web
#21721677070383,customer_679@example.com,679,Customer 679,,,,,,,,,,,,2021-06-08 10:32:29 -0400,1,Dwellings of Eldervale - MINOTAUR MINIATURE,9.99,BGZ115360,0,,,,,,,,,Breaking Games,,
#21721656295471,customer_680@example.com,680,Customer 680,,unfulfilled,yes,USD,149.99,12.86,0.0,162.85,,0.0,FedEx Home Delivery®,2021-06-08 10:30:59 -0400,1,Dwellings of Eldervale - DELUXE EDITION ELEMENT COVER,149.99,BGZ111012,0,Bellbrook,OH,US,Bellbrook,OH,US,PayPal Express Checkout,0.0,Breaking Games,Low,web
#21720783093807,customer_681@example.com,681,Customer 681,,unfulfilled,yes,USD,19.99,8.44,2.28,30.71,,0.0,USPS First Class Mail,2021-06-08 09:28:57 -0400,1,Dwellings of Eldervale - WOODEN UPGRADE TREASURE AND TROVE TOKENS,19.99,BGZ115354,0,MONROEVILLE,PA,US,MONROEVILLE,PA,US,Shopify Payments,0.0,Breaking Games,Low,web
#21719033839663,customer_682@example.com,682,Customer 682,,unfulfilled,yes,USD,49.99,29.1,0.0,79.09,,0.0,USPS First Class Mail International,2021-06-08 07:20:14 -0400,1,Boogie Dice - Black Dice,49.99,BGZ110237,0,Corroios,PT-15,PT,Corroios,PT-15,PT,Shopify Payments,0.0,Breaking Games,Low,web
#21714429214767,customer_683@example.com,683,Customer 683,,unfulfilled,yes,USD,99.99,20.36,0.0,120.35,,0.0,FedEx Home Delivery®,2021-06-08 01:27:42 -0400,1,Dwellings of Eldervale: STANDARD EDITION ELEMENT COVER,99.99,BGZ110860,0,Hillsboro,OR,US,Hillsboro,OR,US,PayPal Express Checkout,0.0,Breaking Games,Low,web
#21704403058735,customer_684@example.com,684,Customer 684,,unfulfilled,no,USD,80.0,66.25,0.0,146.25,,0.0,Fedex International Priority,2021-06-07 13:44:33 -0400,2,Inhuman Conditions,40.0,BGZ110880,0,High Wycombe,ENG,GB,High Wycombe,ENG,GB,Shopify Payments,0.0,Blackbox,Low,88312
#21703965835311,customer_685@example.com,685,Customer 685,,unfulfilled,yes,USD,135.99,20.36,16.02,172.37,KR15MAVP,23.99,FedEx Home Delivery®,2021-06-07 13:16:11 -0400,1,Dwellings of Eldervale - DELUXE EDITION ELEMENT COVER,149.99,BGZ111012,0,Seattle,WA,US,Seattle,WA,US,Shopify Payments,172.37,Breaking Games,Low,web
#21703965835311,customer_685@example.com,685,Customer 685,,,,,,,,,,,,2021-06-07 13:16:11 -0400,1,Dwellings of Eldervale - MINOTAUR MINIATURE,9.99,BGZ115360,0,,,,,,,,,Breaking Games,,
#21623617617967,customer_686@example.com,686,Customer 686,,unfulfilled,yes,USD,19.99,9.68,0.0,29.67,,0.0,USPS First Class Mail,2021-06-03 19:50:29 -0400,1,Dwellings of Eldervale - WOODEN UPGRADE TREASURE AND TROVE TOKENS,19.99,BGZ115354,0,Philomath,OR,US,Philomath,OR,US,Shopify Payments,0.0,Breaking Games,Low,web
#21581859356719,customer_687@example.com,687,Customer 687,,unfulfilled,yes,USD,35.0,41.99,0.0,76.99,,0.0,Fedex International Priority,2021-06-01 18:58:06 -0400,1,Secret Hitler,35.0,BGZ110577,0,Lugo,RA,IT,Lugo,RA,IT,PayPal Express Checkout,0.0,Blackbox,Low,88312
#21579806638127,customer_688@example.com,688,Customer 688,,unfulfilled,yes,USD,149.99,12.86,10.79,173.64,,0.0,FedEx Home Delivery®,2021-06-01 16:37:20 -0400,1,Dwellings of Eldervale - DELUXE EDITION ELEMENT COVER,149.99,BGZ111012,0,Kryvyi Rih,,UA,East Hanover,NJ,US,PayPal Express Checkout,0.0,Breaking Games,Low,web
#21406332256303,customer_689@example.com,689,Customer 689,,unfulfilled,yes,USD,9.99,18.11,0.0,28.1,,0.0,USPS First Class Mail International,2021-05-24 11:01:06 -0400,1,Dwellings of Eldervale - MINOTAUR MINIATURE,9.99,BGZ115360,0,Jakarta,JK,ID,Jakarta,JK,ID,Shopify Payments,0.0,Breaking Games,Low,web
#21405980819503,customer_690@example.com,690,Customer 690,,unfulfilled,yes,USD,40.0,8.91,0.0,48.91,,0.0,USPS First Class Mail,2021-05-24 10:37:27 -0400,1,Inhuman Conditions,40.0,BGZ110880,0,clara,OY,IE,wallingford,CT,US,Shopify Payments,0.0,Blackbox,Low,88312
#20991954190383,customer_691@example.com,691,Customer 691,,unfulfilled,no,USD,35.0,10.6,0.0,45.6,,0.0,USPS Priority Mail,2021-05-03 16:54:05 -0400,1,Secret Hitler,35.0,BGZ110577,0,fitchburg,WI,US,Fitchburg,WI,US,Shopify Payments,0.0,Blackbox,Low,88312
#20962008072239,customer_692@example.com,692,Customer 692,,unfulfilled,no,USD,35.0,7.89,3.65,46.54,,0.0,Fedex Smart Post,2021-05-02 04:54:10 -0400,1,Secret Hitler,35.0,BGZ110577,0,Vancouver,WA,US,Vancouver,WA,US,Shopify Payments,0.0,Blackbox,Low,88312
#20783026962479,customer_693@example.com,693,Customer 693,,unfulfilled,no,USD,40.0,11.08,0.0,51.08,,0.0,Fedex Smart Post,2021-04-23 11:32:25 -0400,1,Inhuman Conditions,40.0,BGZ110880,0,Shickley,NE,US,Shickley,NE,US,Shopify Payments,0.0,Blackbox,Low,88312
#20765202677807,customer_694@example.com,694,Customer 694,,unfulfilled,yes,USD,40.0,48.22,0.0,88.22,,0.0,Fedex International Priority,2021-04-22 13:16:57 -0400,1,Inhuman Conditions,40.0,BGZ110880,0,Berlin,,DE,Berlin,,DE,PayPal Express Checkout,0.0,Blackbox,Low,88312
#20759164059695,customer_695@example.com,695,Customer 695,,unfulfilled,yes,USD,40.0,8.45,2.9,51.35,,0.0,Fedex Smart Post,2021-04-22 03:22:37 -0400,1,Inhuman Conditions,40.0,BGZ110880,0,Monrovia,CA,US,Monrovia,CA,US,PayPal Express Checkout,0.0,Blackbox,Low,88312
#20620783058991,customer_696@example.com,696,Customer 696,,unfulfilled,yes,USD,40.0,7.38,4.85,52.23,,0.0,Fedex Smart Post,2021-04-14 13:18:53 -0400,1,Inhuman Conditions,40.0,BGZ110880,0,LAKE IN THE HILLS,IL,US,LAKE IN THE HILLS,IL,US,Shopify Payments,0.0,Blackbox,Low,88312
#20613277220911,customer_697@example.com,697,Customer 697,,unfulfilled,no,USD,70.0,64.48,0.0,134.48,,0.0,Fedex International Priority,2021-04-14 03:36:48 -0400,2,Secret Hitler,35.0,BGZ110577,0,Lonay,,CH,Lonay,,CH,PayPal Express Checkout,0.0,Blackbox,Low,88312
#20590311866415,customer_698@example.com,698,Customer 698,,unfulfilled,yes,USD,35.0,6.35,0.0,41.35,,0.0,Fedex Smart Post,2021-04-12 21:05:49 -0400,1,Secret Hitler,35.0,BGZ110577,0,Coventry,RI,US,Coventry,RI,US,Shopify Payments,0.0,Blackbox,Low,88312
#20584857108527,customer_699@example.com,699,Customer 699,,unfulfilled,no,USD,35.0,7.38,0.0,42.38,,0.0,Fedex Smart Post,2021-04-12 14:21:05 -0400,1,Letter Tycoon,35.0,BGZ1055,0,New Berlin,WI,US,New Berlin,WI,US,PayPal Express Checkout,0.0,Breaking Games,Low,web
#20581381275695,customer_700@example.com,700,Customer 700,,unfulfilled,yes,USD,157.24,12.84,0.0,170.08,KR15MAVP,27.74,FedEx Home Delivery®,2021-04-12 09:57:57 -0400,1,Dwellings of Eldervale - MINOTAUR MINIATURE,9.99,BGZ115360,0,Waldorf,MD,US,Waldorf,MD,US,PayPal Express Checkout,0.0,Breaking Games,Low,web
#20581381275695,customer_700@example.com,700,Customer 700,,,,,,,,,,,,2021-04-12 09:57:57 -0400,1,Dwellings of Eldervale - DELUXE EDITION CROC COVER,174.99,BGZ115356,0,,,,,,,,,Breaking Games,,
#20550735527983,customer_701@example.com,701,Customer 701,,unfulfilled,yes,USD,40.0,6.35,0.0,46.35,,0.0,Fedex Smart Post,2021-04-10 19:39:47 -0400,1,Inhuman Conditions,40.0,BGZ110880,0,Brooklyn,NY,US,Brooklyn,NY,US,PayPal Express Checkout,0.0,Blackbox,Low,88312
#20528906108975,customer_702@example.com,702,Customer 702,,unfulfilled,no,USD,184.98,113.85,0.0,298.83,,0.0,Fedex International Priority,2021-04-09 16:48:53 -0400,1,Dwellings of Eldervale - MINOTAUR MINIATURE,9.99,BGZ115360,0,Bettlach,,CH,Bettlach,,CH,Shopify Payments,0.0,Breaking Games,Low,web
#20528906108975,customer_702@example.com,702,Customer 702,,,,,,,,,,,,2021-04-09 16:48:53 -0400,1,Dwellings of Eldervale - DELUXE EDITION CROC COVER,174.99,BGZ115356,0,,,,,,,,,Breaking Games,,
#20510939906095,customer_703@example.com,703,Customer 703,,unfulfilled,no,USD,35.0,6.35,0.0,41.35,,0.0,Fedex Smart Post,2021-04-08 18:52:46 -0400,1,Letter Tycoon,35.0,BGZ1055,0,New York,NY,US,New York,NY,US,Shopify Payments,0.0,Breaking Games,Low,web
#20509901127727,customer_704@example.com,704,Customer 704,,unfulfilled,no,USD,35.0,10.86,0.0,45.86,,0.0,Fedex Smart Post,2021-04-08 17:38:31 -0400,1,Letter Tycoon,35.0,BGZ1055,0,Amherst,MA,US,Alamogordo,NM,US,PayPal Express Checkout,0.0,Breaking Games,Low,web
#20501791506479,customer_705@example.com,705,Customer 705,,unfulfilled,yes,USD,40.0,48.11,0.0,88.11,,0.0,Fedex International Priority,2021-04-08 08:06:19 -0400,1,Inhuman Conditions,40.0,BGZ110880,0,Leamington Spa,,GB,Leamington Spa,,GB,PayPal Express Checkout,0.0,Blackbox,Low,88312
#20492155322415,customer_706@example.com,706,Customer 706,,unfulfilled,no,USD,35.0,7.89,2.54,45.43,,0.0,Fedex Smart Post,2021-04-07 19:57:34 -0400,1,Secret Hitler,35.0,BGZ110577,0,Bakersfield,CA,US,Bakersfield,CA,US,Shopify Payments,0.0,Blackbox,Low,88312
#20487608107055,customer_707@example.com,707,Customer 707,,unfulfilled,yes,USD,174.99,14.31,0.0,189.3,,0.0,FedEx Home Delivery®,2021-04-07 14:24:29 -0400,1,Dwellings of Eldervale - DELUXE EDITION CROC COVER,174.99,BGZ115356,0,Grand Island,NE,US,Grand Island,NE,US,Shopify Payments,0.0,Breaking Games,Low,web
#20456287764527,customer_708@example.com,708,Customer 708,,unfulfilled,yes,USD,35.0,7.29,0.0,42.29,,0.0,Fedex Smart Post,2021-04-06 00:11:38 -0400,1,Secret Hitler,35.0,BGZ110577,0,Muldrow,OK,US,Fort Smith,AR,US,Shopify Payments,0.0,Blackbox,Low,88312
#20406461825071,customer_709@example.com,709,Customer 709,,unfulfilled,yes,USD,174.99,109.46,0.0,284.45,,0.0,Fedex International Priority,2021-04-03 16:51:54 -0400,1,Dwellings of Eldervale - DELUXE EDITION CROC COVER,174.99,BGZ115356,0,Uppsala,,SE,Uppsala,,SE,Shopify Payments,0.0,Breaking Games,Low,web
#20405111226415,customer_710@example.com,710,Customer 710,,unfulfilled,yes,USD,174.99,93.27,0.0,268.26,,0.0,Fedex International Priority,2021-04-03 15:16:44 -0400,1,Dwellings of Eldervale - DELUXE EDITION CROC COVER,174.99,BGZ115356,0,München,,DE,München,,DE,PayPal Express Checkout,0.0,Breaking Games,Low,web
#20391634927663,customer_711@example.com,711,Customer 711,,unfulfilled,yes,USD,174.99,16.68,0.0,191.67,,0.0,FedEx Home Delivery®,2021-04-02 22:43:34 -0400,1,Dwellings of Eldervale - DELUXE EDITION CROC COVER,174.99,BGZ115356,0,West Bend,WI,US,West Bend,WI,US,Shopify Payments,0.0,Breaking Games,Low,web
#20332952125487,customer_712@example.com,712,Customer 712,,unfulfilled,yes,USD,174.99,36.58,0.0,211.57,,0.0,Fedex International Ground,2021-03-30 23:31:34 -0400,1,Dwellings of Eldervale - DELUXE EDITION CROC COVER,174.99,BGZ115356,0,Laval,QC,CA,Laval,QC,CA,PayPal Express Checkout,25.0,Breaking Games,Low,web
#20307383910447,customer_713@example.com,713,Customer 713,,unfulfilled,yes,USD,629.94,19.6,0.0,649.54,,0.0,FedEx Home Delivery®,2021-03-29 15:56:51 -0400,3,Dwellings of Eldervale - MINOTAUR MINIATURE,9.99,BGZ115360,0,REMINDERVILLE,OH,US,REMINDERVILLE,OH,US,PayPal Express Checkout,0.0,Breaking Games,Low,web
#20307383910447,customer_713@example.com,713,Customer 713,,,,,,,,,,,,2021-03-29 15:56:51 -0400,3,Dwellings of Eldervale - LEGENDARY EDITION ELEMENT COVER,199.99,BGZ111014,0,,,,,,,,,Breaking Games,,
#20306072600623,customer_714@example.com,714,Customer 714,,unfulfilled,yes,USD,209.98,12.77,0.0,222.75,,0.0,FedEx Home Delivery®,2021-03-29 14:29:11 -0400,1,Dwellings of Eldervale - MINOTAUR MINIATURE,9.99,BGZ115360,0,Des Moines,IA,US,Des Moines,IA,US,Shopify Payments,0.0,Breaking Games,Low,web
#20306072600623,customer_714@example.com,714,Customer 714,,,,,,,,,,,,2021-03-29 14:29:11 -0400,1,Dwellings of Eldervale - LEGENDARY EDITION ELEMENT COVER,199.99,BGZ111014,0,,,,,,,,,Breaking Games,,
#20305594155055,customer_715@example.com,715,Customer 715,,unfulfilled,no,USD,199.99,12.42,0.0,212.41,,0.0,FedEx Home Delivery®,2021-03-29 13:59:43 -0400,1,Dwellings of Eldervale - LEGENDARY EDITION ELEMENT COVER,199.99,BGZ111014,0,Atlanta,GA,US,Atlanta,GA,US,Shopify Payments,0.0,Breaking Games,Low,web
#20305494081583,customer_716@example.com,716,Customer 716,,unfulfilled,yes,USD,199.99,30.29,0.0,230.28,,0.0,Fedex International Ground,2021-03-29 13:53:37 -0400,1,Dwellings of Eldervale - LEGENDARY EDITION ELEMENT COVER,199.99,BGZ111014,0,Montréal,QC,CA,Montréal,QC,CA,Shopify Payments,0.0,Breaking Games,Low,web
#20301886783535,customer_717@example.com,717,Customer 717,,unfulfilled,yes,USD,199.99,13.72,0.0,213.71,,0.0,FedEx Home Delivery®,2021-03-29 09:46:48 -0400,1,Dwellings of Eldervale - LEGENDARY EDITION ELEMENT COVER,199.99,BGZ111014,0,LIBERTY,MO,US,LIBERTY,MO,US,Shopify Payments,0.0,Breaking Games,Low,web
#20300697665583,customer_718@example.com,718,Customer 718,,unfulfilled,yes,USD,199.99,140.3,0.0,340.29,,0.0,Fedex International Priority,2021-03-29 08:19:00 -0400,1,Dwellings of Eldervale - LEGENDARY EDITION ELEMENT COVER,199.99,BGZ111014,0,Zagreb,,HR,Zagreb,,HR,PayPal Express Checkout,0.0,Breaking Games,Low,web
#20288471171119,customer_719@example.com,719,Customer 719,,unfulfilled,yes,USD,149.99,13.18,0.0,163.17,,0.0,Fedex Smart Post,2021-03-28 16:55:12 -0400,1,Dwellings of Eldervale - DELUXE EDITION ELEMENT COVER,149.99,BGZ111012,0,Castle Rock,CO,US,Castle Rock,CO,US,PayPal Express Checkout,0.0,Breaking Games,Low,web
#20287622316079,customer_720@example.com,720,Customer 720,,unfulfilled,yes,USD,239.97,11.79,0.0,251.76,,0.0,FedEx Home Delivery®,2021-03-28 15:55:06 -0400,1,Dwellings of Eldervale - 100 PIECE WOODEN RESOURCE UPGRADE KIT,29.99,BGZ115699,0,Canton,OH,US,Canton,OH,US,Shopify Payments,0.0,Breaking Games,Low,web
#20287622316079,customer_720@example.com,720,Customer 720,,,,,,,,,,,,2021-03-28 15:55:06 -0400,1,Dwellings of Eldervale - LEGENDARY EDITION ELEMENT COVER,199.99,BGZ111014,0,,,,,,,,,Breaking Games,,
#20287622316079,customer_720@example.com,720,Customer 720,,,,,,,,,,,,2021-03-28 15:55:06 -0400,1,Dwellings of Eldervale - MINOTAUR MINIATURE,9.99,BGZ115360,0,,,,,,,,,Breaking Games,,
#20237582860335,customer_721@example.com,721,Customer 721,,unfulfilled,yes,USD,39.98,14.89,0.0,54.87,,0.0,USPS First Class Mail International,2021-03-26 06:23:14 -0400,1,Dwellings of Eldervale - 100 PIECE WOODEN RESOURCE UPGRADE KIT,29.99,BGZ115699,0,Airdrie,AB,CA,Airdrie,AB,CA,PayPal Express Checkout,0.0,Breaking Games,Low,web
#20237582860335,customer_721@example.com,721,Customer 721,,,,,,,,,,,,2021-03-26 06:23:14 -0400,1,Dwellings of Eldervale - MINOTAUR MINIATURE,9.99,BGZ115360,0,,,,,,,,,Breaking Games,,
#20221562978351,customer_657@example.com,657,Customer 657,,unfulfilled,yes,USD,99.99,15.98,0.0,115.97,,0.0,Fedex Smart Post,2021-03-25 10:30:59 -0400,1,Dwellings of Eldervale: STANDARD EDITION ELEMENT COVER,99.99,BGZ110860,0,Gering,NE,US,Gering,NE,US,Shopify Payments,0.0,Breaking Games,Low,web
#20213170798639,customer_722@example.com,722,Customer 722,,unfulfilled,yes,USD,10.0,9.68,0.73,20.41,,0.0,USPS First Class Mail,2021-03-25 00:14:05 -0400,1,Sparkle*Kitty Princess Palette Card,2.0,BGZ110342,0,San Francisco,CA,US,San Francisco,CA,US,Shopify Payments,0.0,Breaking Games,Low,web
#20213170798639,customer_722@example.com,722,Customer 722,,,,,,,,,,,,2021-03-25 00:14:05 -0400,1,Sparkle*Kitty Quantum Pack,8.0,BGZ110718,0,,,,,,,,,Breaking Games,,
#20199331758127,customer_723@example.com,723,Customer 723,,unfulfilled,yes,USD,157.24,14.18,14.14,185.56,KR15MAVP,27.74,FedEx Home Delivery®,2021-03-24 05:35:11 -0400,1,Dwellings of Eldervale - MINOTAUR MINIATURE,9.99,BGZ115360,0,HUIXQUILUCAN,MEX,MX,SAN ANTONIO,TX,US,PayPal Express Checkout,0.0,Breaking Games,Low,web
#20199331758127,customer_723@example.com,723,Customer 723,,,,,,,,,,,,2021-03-24 05:35:11 -0400,1,Dwellings of Eldervale - DELUXE EDITION CROC COVER,174.99,BGZ115356,0,,,,,,,,,Breaking Games,,
#20174728953903,customer_724@example.com,724,Customer 724,,unfulfilled,no,USD,70.0,71.4,0.0,141.4,,0.0,Fedex International Priority,2021-03-22 18:42:49 -0400,1,Flick Wars,70.0,BGZ110986,0,Sao Paulo,SP,BR,Sao Paulo,SP,BR,PayPal Express Checkout,141.4,Breaking Games,Low,web
#20108054855727,customer_725@example.com,725,Customer 725,,unfulfilled,yes,USD,210.0,85.64,0.0,295.64,,0.0,Fedex International Priority,2021-03-18 21:45:03 -0400,6,Secret Hitler,35.0,BGZ110577,0,Compiègne,,FR,Compiègne,,FR,PayPal Express Checkout,0.0,Blackbox,Low,88312
#19890335580207,customer_726@example.com,726,Customer 726,,unfulfilled,no,USD,35.0,11.74,3.85,50.59,,0.0,FedEx Home Delivery®,2021-03-06 10:38:50 -0500,1,Secret Hitler,35.0,BGZ110577,0,Heath,TX,US,Heath,TX,US,Shopify Payments,0.0,Blackbox,Low,88312
#19876093952047,customer_727@example.com,727,Customer 727,,unfulfilled,yes,USD,10.0,15.15,0.0,25.15,KR15MAVP,0.0,USPS First Class Mail International,2021-03-05 13:12:21 -0500,1,Pocket Dungeon Quest: Don't Go Alone Expansion,10.0,BGZ110138,0,Erlangen,,DE,Erlangen,,DE,PayPal Express Checkout,0.0,Breaking Games,Low,web
#19857430151215,customer_727@example.com,727,Customer 727,,unfulfilled,yes,USD,21.25,25.6,0.0,46.85,KR15MAVP,3.75,USPS First Class Mail International,2021-03-04 08:43:15 -0500,1,Pocket Dungeon Quest,25.0,BGZ110228,0,Erlangen,,DE,Erlangen,,DE,PayPal Express Checkout,0.0,Breaking Games,Low,web
#19783207649327,customer_728@example.com,728,Customer 728,,unfulfilled,yes,USD,9.99,25.6,0.0,35.59,,0.0,USPS First Class Mail International,2021-02-27 18:09:55 -0500,1,Dwellings of Eldervale: MINOTAUR MINIATURE,9.99,BGZ115360,0,Rielasingen-Worblingen,,DE,Rielasingen-Worblingen,,DE,PayPal Express Checkout,0.0,Breaking Games,Low,web
#19737440747567,customer_729@example.com,729,Customer 729,,unfulfilled,yes,USD,40.0,8.1,0.0,48.1,,0.0,USPS Priority Mail,2021-02-24 22:27:08 -0500,1,Inhuman Conditions,40.0,BGZ110880,0,Colchester,CT,US,Colchester,CT,US,Shopify Payments,0.0,Blackbox,Low,88312
#16339037159471,customer_730@example.com,730,Customer 730,,unfulfilled,yes,USD,35.0,7.75,2.54,45.29,,0.0,Fedex Smart Post,2021-02-23 08:24:32 -0500,1,Secret Hitler,35.0,BGZ110577,0,Mountain View,CA,US,Mountain View,CA,US,Shopify Payments,0.0,Blackbox,Low,88312
#16328377696303,customer_731@example.com,731,Customer 731,,unfulfilled,yes,USD,40.0,8.1,3.85,51.95,,0.0,USPS Priority Mail,2021-02-22 16:04:18 -0500,1,Inhuman Conditions,40.0,BGZ110880,0,Kutztown,PA,US,Kutztown,PA,US,PayPal Express Checkout,0.0,Blackbox,Low,88312
#16263587004463,customer_732@example.com,732,Customer 732,,unfulfilled,yes,USD,70.0,64.48,0.0,134.48,,0.0,Fedex International Priority,2021-02-18 14:33:00 -0500,2,Secret Hitler,35.0,BGZ110577,0,Nes,,FO,Nes,,FO,Shopify Payments,0.0,Blackbox,Low,88312
#16245156577327,customer_733@example.com,733,Customer 733,,unfulfilled,no,USD,69.0,42.24,0.0,111.24,,0.0,Fedex International Priority,2021-02-17 11:12:36 -0500,1,Sparkle*Kitty Nights Safe Words Pack,8.0,BGZ110717,0,Kiel,,DE,Kiel,,DE,PayPal Express Checkout,0.0,Breaking Games,Low,web
#16245156577327,customer_733@example.com,733,Customer 733,,,,,,,,,,,,2021-02-17 11:12:36 -0500,1,Sparkle*Kitty Adventure Pack,8.0,BGZ110354,0,,,,,,,,,Breaking Games,,
#16245156577327,customer_733@example.com,733,Customer 733,,,,,,,,,,,,2021-02-17 11:12:36 -0500,1,Sparkle*Kitty Quantum Pack,8.0,BGZ110718,0,,,,,,,,,Breaking Games,,
#16245156577327,customer_733@example.com,733,Customer 733,,,,,,,,,,,,2021-02-17 11:12:36 -0500,1,Sparkle*Kitty Nights,20.0,BGZ110716,0,,,,,,,,,Breaking Games,,
#16245156577327,customer_733@example.com,733,Customer 733,,,,,,,,,,,,2021-02-17 11:12:36 -0500,1,Shadow*Kitty,25.0,BGZ110722,0,,,,,,,,,Breaking Games,,
#16243999801391,customer_734@example.com,734,Customer 734,,unfulfilled,yes,USD,40.0,42.24,0.0,82.24,,0.0,Fedex International Priority,2021-02-17 09:30:08 -0500,1,Inhuman Conditions,40.0,BGZ110880,0,BOXFORD,,GB,BOXFORD,,GB,PayPal Express Checkout,0.0,Blackbox,Low,88312
#16230318932015,customer_735@example.com,735,Customer 735,,unfulfilled,no,USD,35.0,42.73,0.0,77.73,,0.0,Fedex International Priority,2021-02-16 13:11:00 -0500,1,Secret Hitler,35.0,BGZ110577,0,Zürich,,CH,Bern,,CH,PayPal Express Checkout,0.0,Blackbox,Low,88312
#16134562906159,customer_736@example.com,736,Customer 736,,unfulfilled,yes,USD,40.0,22.36,0.0,62.36,,0.0,FedEx International Ground®,2021-02-10 14:43:47 -0500,1,Inhuman Conditions,40.0,BGZ110880,0,Montreal,QC,CA,Montreal,QC,CA,PayPal Express Checkout,0.0,Blackbox,Low,88312
#16118742941743,customer_737@example.com,737,Customer 737,,unfulfilled,no,USD,35.0,55.49,0.0,90.49,,0.0,USPS Priority Mail International,2021-02-09 16:06:07 -0500,1,Secret Hitler,35.0,BGZ110577,0,Queretaro,QRO,MX,Queretaro,QRO,MX,Shopify Payments,0.0,Blackbox,Low,88312
#16118730948655,customer_738@example.com,738,Customer 738,,unfulfilled,yes,USD,35.0,9.59,0.0,44.59,,0.0,Priority Mail,2021-02-09 16:05:11 -0500,1,Secret Hitler,35.0,BGZ110577,0,LANCASTER,OH,US,LANCASTER,OH,US,Shopify Payments,0.0,Blackbox,Low,88312
#16083506429999,customer_739@example.com,739,Customer 739,,unfulfilled,yes,USD,174.99,14.69,15.65,205.33,,0.0,FedEx Home Delivery®,2021-02-07 12:03:15 -0500,1,Dwellings of Eldervale: ALL EDITIONS - Deluxe (Limited CROC Cover) - $174.99,174.99,BGZ115356,0,El Paso,TX,US,El Paso,TX,US,PayPal Express Checkout,0.0,Breaking Games,Low,web
#16082476761135,customer_740@example.com,740,Customer 740,,unfulfilled,yes,USD,35.0,48.78,0.0,83.78,,0.0,Fedex International Priority,2021-02-07 10:36:32 -0500,1,Secret Hitler,35.0,BGZ110577,0,Lisboa,PT-11,PT,Lisboa,PT-11,PT,Shopify Payments,0.0,Blackbox,Low,88312
#16066844950575,customer_741@example.com,741,Customer 741,,unfulfilled,yes,USD,199.99,11.63,14.02,225.64,,0.0,FedEx Home Delivery®,2021-02-06 11:40:31 -0500,1,Dwellings of Eldervale: ALL EDITIONS - Legendary - $199.99,199.99,BGZ111014,0,Parlin,NJ,US,Parlin,NJ,US,PayPal Express Checkout,0.0,Breaking Games,Low,web
#16062642454575,customer_742@example.com,742,Customer 742,,unfulfilled,yes,USD,174.99,11.17,0.0,186.16,,0.0,Priority Mail,2021-02-06 05:28:16 -0500,1,Dwellings of Eldervale: ALL EDITIONS - Deluxe (Limited CROC Cover) - $174.99,174.99,BGZ115356,0,Flushing,NY,US,Flushing,NY,US,PayPal Express Checkout,0.0,Breaking Games,Low,web
#16059159347247,customer_743@example.com,743,Customer 743,,unfulfilled,no,USD,199.99,11.63,0.0,211.62,,0.0,FedEx Home Delivery®,2021-02-06 00:10:04 -0500,1,Dwellings of Eldervale: ALL EDITIONS - Legendary - $199.99,199.99,BGZ111014,0,West Hartford,CT,US,West Hartford,CT,US,PayPal Express Checkout,211.62,Breaking Games,Low,web
#16053389787183,customer_744@example.com,744,Customer 744,,unfulfilled,yes,USD,9.99,4.5,0.0,14.49,,0.0,First Class Package,2021-02-05 15:57:27 -0500,1,Dwellings of Eldervale: MINOTAUR MINIATURE,9.99,BGZ115360,0,Hampton,VA,US,Hampton,VA,US,PayPal Express Checkout,0.0,Breaking Games,Low,web
#16038320144431,customer_745@example.com,745,Customer 745,,unfulfilled,no,USD,199.99,14.77,8.0,222.76,,0.0,FedEx Home Delivery®,2021-02-04 19:36:11 -0500,1,Dwellings of Eldervale: ALL EDITIONS - Legendary - $199.99,199.99,BGZ111014,0,Robertsdale,AL,US,Robertsdale,AL,US,Shopify Payments,8.0,Breaking Games,Low,web
#16033109344303,customer_746@example.com,746,Customer 746,,unfulfilled,yes,USD,199.99,11.63,0.0,211.62,,0.0,FedEx Home Delivery®,2021-02-04 12:16:50 -0500,1,Dwellings of Eldervale: ALL EDITIONS - Legendary - $199.99,199.99,BGZ111014,0,Ashtabula,OH,US,Ashtabula,OH,US,Shopify Payments,0.0,Breaking Games,Low,web
#16008486813743,customer_747@example.com,747,Customer 747,,unfulfilled,yes,USD,209.98,18.11,15.22,243.31,,0.0,FedEx Home Delivery®,2021-02-03 00:10:53 -0500,1,Dwellings of Eldervale: ALL EDITIONS - Legendary - $199.99,199.99,BGZ111014,0,Folsom,CA,US,Folsom,CA,US,PayPal Express Checkout,0.0,Breaking Games,Low,web
#16008486813743,customer_747@example.com,747,Customer 747,,,,,,,,,,,,2021-02-03 00:10:53 -0500,1,Dwellings of Eldervale: MINOTAUR MINIATURE,9.99,BGZ115360,0,,,,,,,,,Breaking Games,,
#16007876509743,customer_748@example.com,748,Customer 748,,unfulfilled,no,USD,199.99,12.25,0.0,212.24,,0.0,FedEx Home Delivery®,2021-02-02 23:26:38 -0500,1,Dwellings of Eldervale: ALL EDITIONS - Legendary - $199.99,199.99,BGZ111014,0,Rochester,MN,US,Rochester,MN,US,Shopify Payments,0.0,Breaking Games,Low,web
#15991242817583,customer_749@example.com,749,Customer 749,,unfulfilled,no,USD,209.98,15.11,0.0,225.09,,0.0,FedEx Home Delivery®,2021-02-01 23:52:09 -0500,1,Dwellings of Eldervale: MINOTAUR MINIATURE,9.99,BGZ115360,0,Atoka,TN,US,Atoka,TN,US,PayPal Express Checkout,0.0,Breaking Games,Low,web
#15991242817583,customer_749@example.com,749,Customer 749,,,,,,,,,,,,2021-02-01 23:52:09 -0500,1,Dwellings of Eldervale: ALL EDITIONS - Legendary - $199.99,199.99,BGZ111014,0,,,,,,,,,Breaking Games,,
#15989899100207,customer_750@example.com,750,Customer 750,,unfulfilled,no,USD,20.0,11.63,1.45,33.08,,0.0,FedEx Home Delivery®,2021-02-01 21:54:57 -0500,1,MIXTAPE,20.0,BGZ110347,0,Columbia,MO,US,Ventura,CA,US,Shopify Payments,0.0,Breaking Games,Low,web
#15988306444335,customer_751@example.com,751,Customer 751,,unfulfilled,yes,USD,159.98,107.06,0.0,267.04,,0.0,Priority Mail International,2021-02-01 19:36:14 -0500,1,Dwellings of Eldervale: MINOTAUR MINIATURE,9.99,BGZ115360,0,Bridgnorth,,GB,Bridgnorth,,GB,PayPal Express Checkout,0.0,Breaking Games,Low,web
#15988306444335,customer_751@example.com,751,Customer 751,,,,,,,,,,,,2021-02-01 19:36:14 -0500,1,Dwellings of Eldervale: ALL EDITIONS - Deluxe - $149.99,149.99,BGZ111012,0,,,,,,,,,Breaking Games,,
#15983430631471,customer_752@example.com,752,Customer 752,,unfulfilled,yes,USD,149.99,17.2,13.71,180.9,,0.0,FedEx Home Delivery®,2021-02-01 12:45:58 -0500,1,Dwellings of Eldervale: ALL EDITIONS - Deluxe - $149.99,149.99,BGZ111012,0,Centralia,WA,US,Centralia,WA,US,Shopify Payments,0.0,Breaking Games,Low,web
#15982140325935,customer_753@example.com,753,Customer 753,,unfulfilled,no,USD,149.99,14.69,0.0,164.68,,0.0,FedEx Home Delivery®,2021-02-01 10:57:05 -0500,1,Dwellings of Eldervale: ALL EDITIONS - Deluxe - $149.99,149.99,BGZ111012,0,Portland,OR,US,Portland,OR,US,Shopify Payments,0.0,Breaking Games,Low,web
#15975353188399,customer_754@example.com,754,Customer 754,,unfulfilled,yes,USD,149.99,12.33,0.0,162.32,,0.0,FedEx Home Delivery®,2021-02-01 00:42:55 -0500,1,Dwellings of Eldervale: ALL EDITIONS - Deluxe - $149.99,149.99,BGZ111012,0,Omaha,NE,US,Omaha,NE,US,Shopify Payments,0.0,Breaking Games,Low,web
#15968607666223,customer_755@example.com,755,Customer 755,,unfulfilled,yes,USD,209.98,11.63,0.0,221.61,,0.0,FedEx Home Delivery®,2021-01-31 14:55:06 -0500,1,Dwellings of Eldervale: MINOTAUR MINIATURE,9.99,BGZ115360,0,ALBANY,NY,US,ALBANY,NY,US,Shopify Payments,0.0,Breaking Games,Low,web
#15968607666223,customer_755@example.com,755,Customer 755,,,,,,,,,,,,2021-01-31 14:55:06 -0500,1,Dwellings of Eldervale: ALL EDITIONS - Legendary - $199.99,199.99,BGZ111014,0,,,,,,,,,Breaking Games,,
#15957067792431,customer_756@example.com,756,Customer 756,,unfulfilled,yes,USD,209.98,11.63,0.0,221.61,,0.0,FedEx Home Delivery®,2021-01-30 21:53:07 -0500,1,Dwellings of Eldervale: ALL EDITIONS - Legendary - $199.99,199.99,BGZ111014,0,Wyandotte,MI,US,Wyandotte,MI,US,PayPal Express Checkout,0.0,Breaking Games,Low,web
#15957067792431,customer_756@example.com,756,Customer 756,,,,,,,,,,,,2021-01-30 21:53:07 -0500,1,Dwellings of Eldervale: MINOTAUR MINIATURE,9.99,BGZ115360,0,,,,,,,,,Breaking Games,,
#15953941856303,customer_757@example.com,757,Customer 757,,unfulfilled,yes,USD,209.98,11.63,0.0,221.61,,0.0,FedEx Home Delivery®,2021-01-30 17:19:16 -0500,1,Dwellings of Eldervale: MINOTAUR MINIATURE,9.99,BGZ115360,0,Louisville,KY,US,Louisville,KY,US,PayPal Express Checkout,0.0,Breaking Games,Low,web
#15953941856303,customer_757@example.com,757,Customer 757,,,,,,,,,,,,2021-01-30 17:19:16 -0500,1,Dwellings of Eldervale: ALL EDITIONS - Legendary - $199.99,199.99,BGZ111014,0,,,,,,,,,Breaking Games,,
#15953173970991,customer_758@example.com,758,Customer 758,,unfulfilled,no,USD,149.99,90.34,0.0,240.33,,0.0,Priority Mail International,2021-01-30 16:14:16 -0500,1,Dwellings of Eldervale: ALL EDITIONS - Deluxe - $149.99,149.99,BGZ111012,0,Grub am Forst,,DE,Grub am Forst,,DE,PayPal Express Checkout,0.0,Breaking Games,Low,web
#15950838923311,customer_759@example.com,759,Customer 759,,unfulfilled,yes,USD,149.99,14.69,10.87,175.55,,0.0,FedEx Home Delivery®,2021-01-30 13:00:05 -0500,1,Dwellings of Eldervale: ALL EDITIONS - Deluxe - $149.99,149.99,BGZ111012,0,Bakersfield,CA,US,Bakersfield,CA,US,Shopify Payments,0.0,Breaking Games,Low,web
#15938996371503,customer_760@example.com,760,Customer 760,,unfulfilled,no,USD,20.0,8.76,0.0,28.76,,0.0,Priority Mail,2021-01-29 19:51:13 -0500,1,MIXTAPE,20.0,BGZ110347,0,Fairport,NY,US,Fairport,NY,US,Shopify Payments,0.0,Breaking Games,Low,web
#15939980099631,customer_761@example.com,761,Customer 761,,unfulfilled,no,USD,159.98,11.63,0.0,171.61,,0.0,FedEx Home Delivery®,2021-01-29 21:16:55 -0500,1,Dwellings of Eldervale: MINOTAUR MINIATURE,9.99,BGZ115360,0,Loveland,OH,US,Loveland,OH,US,PayPal Express Checkout,0.0,Breaking Games,Low,web
#15939980099631,customer_761@example.com,761,Customer 761,,,,,,,,,,,,2021-01-29 21:16:55 -0500,1,Dwellings of Eldervale: ALL EDITIONS - Deluxe - $149.99,149.99,BGZ111012,0,,,,,,,,,Breaking Games,,
#15937492811823,customer_762@example.com,762,Customer 762,,unfulfilled,yes,USD,209.98,18.11,0.0,228.09,,0.0,FedEx Home Delivery®,2021-01-29 17:42:17 -0500,1,Dwellings of Eldervale: MINOTAUR MINIATURE,9.99,BGZ115360,0,North Ogden,UT,US,North Ogden,UT,US,Shopify Payments,0.0,Breaking Games,Low,web
#15937492811823,customer_762@example.com,762,Customer 762,,,,,,,,,,,,2021-01-29 17:42:17 -0500,1,Dwellings of Eldervale: ALL EDITIONS - Legendary - $199.99,199.99,BGZ111014,0,,,,,,,,,Breaking Games,,
#15924068352047,customer_763@example.com,763,Customer 763,,unfulfilled,no,USD,209.98,14.14,0.0,224.12,,0.0,FedEx Home Delivery®,2021-01-28 22:13:45 -0500,1,Dwellings of Eldervale: ALL EDITIONS - Legendary - $199.99,199.99,BGZ111014,0,Maize,KS,US,Maize,KS,US,Shopify Payments,0.0,Breaking Games,Low,web
#15924068352047,customer_763@example.com,763,Customer 763,,,,,,,,,,,,2021-01-28 22:13:45 -0500,1,Dwellings of Eldervale: MINOTAUR MINIATURE,9.99,BGZ115360,0,,,,,,,,,Breaking Games,,
#15919389638703,customer_764@example.com,764,Customer 764,,unfulfilled,yes,USD,149.99,90.34,0.0,240.33,,0.0,Priority Mail International,2021-01-28 15:40:11 -0500,1,Dwellings of Eldervale: ALL EDITIONS - Deluxe - $149.99,149.99,BGZ111012,0,Eichenzell,,DE,Eichenzell,,DE,Shopify Payments,0.0,Breaking Games,Low,web
#15916735365167,customer_765@example.com,765,Customer 765,,unfulfilled,yes,USD,40.0,48.33,0.0,88.33,,0.0,Fedex International Priority,2021-01-28 12:31:17 -0500,1,Inhuman Conditions,40.0,BGZ110880,0,York,,GB,York,,GB,Shopify Payments,0.0,Blackbox,Low,88312
#15916345557039,customer_766@example.com,766,Customer 766,,unfulfilled,yes,USD,159.98,14.23,0.0,174.21,,0.0,FedEx Home Delivery®,2021-01-28 12:00:16 -0500,1,Dwellings of Eldervale: MINOTAUR MINIATURE,9.99,BGZ115360,0,HASTINGS,MN,US,HASTINGS,MN,US,PayPal Express Checkout,0.0,Breaking Games,Low,web
#15916345557039,customer_766@example.com,766,Customer 766,,,,,,,,,,,,2021-01-28 12:00:16 -0500,1,Dwellings of Eldervale: ALL EDITIONS - Deluxe - $149.99,149.99,BGZ111012,0,,,,,,,,,Breaking Games,,
#15913582264367,customer_767@example.com,767,Customer 767,,unfulfilled,yes,USD,209.98,10.45,0.0,220.43,,0.0,FedEx Ground®,2021-01-28 08:01:09 -0500,1,Dwellings of Eldervale: MINOTAUR MINIATURE,9.99,BGZ115360,0,Derby,,GB,Sarasota,FL,US,PayPal Express Checkout,0.0,Breaking Games,Low,web
#15913582264367,customer_767@example.com,767,Customer 767,,,,,,,,,,,,2021-01-28 08:01:09 -0500,1,Dwellings of Eldervale: ALL EDITIONS - Legendary - $199.99,199.99,BGZ111014,0,,,,,,,,,Breaking Games,,
#15897573326895,customer_768@example.com,768,Customer 768,,unfulfilled,no,USD,209.98,105.24,0.0,315.22,,0.0,Priority Mail International,2021-01-27 08:55:52 -0500,1,Dwellings of Eldervale: MINOTAUR MINIATURE,9.99,BGZ115360,0,Halmstad,,SE,Halmstad,,SE,Shopify Payments,0.0,Breaking Games,Low,web
#15897573326895,customer_768@example.com,768,Customer 768,,,,,,,,,,,,2021-01-27 08:55:52 -0500,1,Dwellings of Eldervale: ALL EDITIONS - Legendary - $199.99,199.99,BGZ111014,0,,,,,,,,,Breaking Games,,
#15896918425647,customer_769@example.com,769,Customer 769,,unfulfilled,yes,USD,209.98,18.11,15.22,243.31,,0.0,FedEx Home Delivery®,2021-01-27 07:58:45 -0500,1,Dwellings of Eldervale: MINOTAUR MINIATURE,9.99,BGZ115360,0,Burbank,CA,US,Burbank,CA,US,Shopify Payments,0.0,Breaking Games,Low,web
#15896918425647,customer_769@example.com,769,Customer 769,,,,,,,,,,,,2021-01-27 07:58:45 -0500,1,Dwellings of Eldervale: ALL EDITIONS - Legendary - $199.99,199.99,BGZ111014,0,,,,,,,,,Breaking Games,,
#15892732837935,customer_770@example.com,770,Customer 770,,unfulfilled,yes,USD,209.98,14.14,0.0,224.12,,0.0,FedEx Home Delivery®,2021-01-27 02:00:58 -0500,1,Dwellings of Eldervale: MINOTAUR MINIATURE,9.99,BGZ115360,0,Bellevue,NE,US,Bellevue,NE,US,Shopify Payments,0.0,Breaking Games,Low,web
#15892732837935,customer_770@example.com,770,Customer 770,,,,,,,,,,,,2021-01-27 02:00:58 -0500,1,Dwellings of Eldervale: ALL EDITIONS - Legendary - $199.99,199.99,BGZ111014,0,,,,,,,,,Breaking Games,,
#15890474467375,customer_771@example.com,771,Customer 771,,unfulfilled,yes,USD,224.99,120.18,0.0,345.17,,0.0,Priority Mail International,2021-01-26 22:50:47 -0500,1,Dwellings of Eldervale: ALL EDITIONS - Legendary (Limited CROC Cover) - $224.99,224.99,BGZ115358,0,臺北市,,TW,臺北市,,TW,Shopify Payments,0.0,Breaking Games,Low,web
#15889324539951,customer_772@example.com,772,Customer 772,,unfulfilled,yes,USD,20.0,9.06,2.03,31.09,,0.0,Priority Mail,2021-01-26 21:16:33 -0500,1,MIXTAPE,20.0,BGZ110347,0,Fort Wayne,IN,US,Fort Wayne,IN,US,PayPal Express Checkout,0.0,Breaking Games,Low,web
#15884934578223,customer_773@example.com,773,Customer 773,,unfulfilled,yes,USD,99.99,11.77,0.0,111.76,,0.0,FedEx Home Delivery®,2021-01-26 15:11:15 -0500,1,Dwellings of Eldervale: ALL EDITIONS - Standard - $99.99,99.99,BGZ110860,0,Statesboro,GA,US,Statesboro,GA,US,Shopify Payments,0.0,Breaking Games,Low,web
#15884665585711,customer_774@example.com,774,Customer 774,,unfulfilled,yes,USD,199.99,101.73,0.0,301.72,,0.0,Priority Mail International,2021-01-26 14:49:43 -0500,1,Dwellings of Eldervale: ALL EDITIONS - Legendary - $199.99,199.99,BGZ111014,0,Moehlin,,CH,Moehlin,,CH,PayPal Express Checkout,0.0,Breaking Games,Low,web
#15883043897391,customer_775@example.com,775,Customer 775,,unfulfilled,no,USD,209.98,11.63,0.0,221.61,,0.0,FedEx Home Delivery®,2021-01-26 12:39:13 -0500,1,Dwellings of Eldervale: MINOTAUR MINIATURE,9.99,BGZ115360,0,Louisville,KY,US,Louisville,KY,US,Shopify Payments,0.0,Breaking Games,Low,web
#15883043897391,customer_775@example.com,775,Customer 775,,,,,,,,,,,,2021-01-26 12:39:13 -0500,1,Dwellings of Eldervale: ALL EDITIONS - Legendary - $199.99,199.99,BGZ111014,0,,,,,,,,,Breaking Games,,
#15882946773039,customer_776@example.com,776,Customer 776,,unfulfilled,yes,USD,209.98,33.04,0.0,243.02,,0.0,FedEx International Ground®,2021-01-26 12:31:25 -0500,1,Dwellings of Eldervale: MINOTAUR MINIATURE,9.99,BGZ115360,0,Guelph,ON,CA,Kitchener,ON,CA,PayPal Express Checkout,0.0,Breaking Games,Low,web
#15882946773039,customer_776@example.com,776,Customer 776,,,,,,,,,,,,2021-01-26 12:31:25 -0500,1,Dwellings of Eldervale: ALL EDITIONS - Legendary - $199.99,199.99,BGZ111014,0,,,,,,,,,Breaking Games,,
#15879149420591,customer_777@example.com,777,Customer 777,,unfulfilled,no,USD,199.99,13.53,0.0,213.52,,0.0,FedEx Home Delivery®,2021-01-26 07:10:32 -0500,1,Dwellings of Eldervale: ALL EDITIONS - Legendary - $199.99,199.99,BGZ111014,0,Sherwood,AR,US,Sherwood,AR,US,Shopify Payments,0.0,Breaking Games,Low,web
#15809835302959,customer_778@example.com,778,Customer 778,,unfulfilled,no,USD,209.98,11.63,0.0,221.61,,0.0,FedEx Home Delivery®,2021-01-22 12:08:21 -0500,1,Dwellings of Eldervale: MINOTAUR MINIATURE,9.99,BGZ115360,0,Glen Burnie,MD,US,Glen Burnie,MD,US,Shopify Payments,0.0,Breaking Games,Low,web
#15809835302959,customer_778@example.com,778,Customer 778,,,,,,,,,,,,2021-01-22 12:08:21 -0500,1,Dwellings of Eldervale: ALL EDITIONS - Legendary - $199.99,199.99,BGZ111014,0,,,,,,,,,Breaking Games,,
#15864640340015,customer_779@example.com,779,Customer 779,,unfulfilled,yes,USD,20.0,9.74,0.0,29.74,,0.0,Priority Mail,2021-01-25 11:28:33 -0500,1,MIXTAPE,20.0,BGZ110347,0,Atlanta,GA,US,Atlanta,GA,US,Shopify Payments,0.0,Breaking Games,Low,web
#15856513318959,customer_780@example.com,780,Customer 780,,unfulfilled,yes,USD,199.99,10.26,0.0,210.25,,0.0,FedEx Ground®,2021-01-25 00:25:21 -0500,1,Dwellings of Eldervale: ALL EDITIONS - Legendary - $199.99,199.99,BGZ111014,0,Taoyuan,,TW,New Castle,DE,US,PayPal Express Checkout,0.0,Breaking Games,Low,web
#15847307083823,customer_781@example.com,781,Customer 781,,unfulfilled,yes,USD,209.98,12.6,15.58,238.16,,0.0,FedEx Home Delivery®,2021-01-24 12:45:00 -0500,1,Dwellings of Eldervale: MINOTAUR MINIATURE,9.99,BGZ115360,0,Terre Haute,IN,US,Terre Haute,IN,US,Shopify Payments,0.0,Breaking Games,Low,web
#15847307083823,customer_781@example.com,781,Customer 781,,,,,,,,,,,,2021-01-24 12:45:00 -0500,1,Dwellings of Eldervale: ALL EDITIONS - Legendary - $199.99,199.99,BGZ111014,0,,,,,,,,,Breaking Games,,
#15846930284591,customer_782@example.com,782,Customer 782,,unfulfilled,yes,USD,159.98,10.26,13.61,183.85,,0.0,FedEx Ground®,2021-01-24 12:17:46 -0500,1,Dwellings of Eldervale: MINOTAUR MINIATURE,9.99,BGZ115360,0,New Eagle,PA,US,Pittsburgh,PA,US,PayPal Express Checkout,0.0,Breaking Games,Low,web
#15846930284591,customer_782@example.com,782,Customer 782,,,,,,,,,,,,2021-01-24 12:17:46 -0500,1,Dwellings of Eldervale: ALL EDITIONS - Deluxe - $149.99,149.99,BGZ111012,0,,,,,,,,,Breaking Games,,
#15843754770479,customer_783@example.com,783,Customer 783,,unfulfilled,yes,USD,199.99,15.71,0.0,215.7,,0.0,FedEx Home Delivery®,2021-01-24 08:20:23 -0500,1,Dwellings of Eldervale: ALL EDITIONS - Legendary - $199.99,199.99,BGZ111014,0,Crivitz,WI,US,Crivitz,WI,US,PayPal Express Checkout,0.0,Breaking Games,Low,web
#15841455996975,customer_784@example.com,784,Customer 784,,unfulfilled,yes,USD,149.99,87.47,0.0,237.46,,0.0,Priority Mail International,2021-01-24 05:18:16 -0500,1,Dwellings of Eldervale: ALL EDITIONS - Deluxe - $149.99,149.99,BGZ111012,0,petach tikva,,IL,petach tikva,,IL,Shopify Payments,237.46,Breaking Games,Low,web
#15840544489519,customer_785@example.com,785,Customer 785,,unfulfilled,yes,USD,199.99,101.27,0.0,301.26,,0.0,Priority Mail International,2021-01-24 04:04:56 -0500,1,Dwellings of Eldervale: ALL EDITIONS - Legendary - $199.99,199.99,BGZ111014,0,קרית ספר מודיעין עילית,,IL,קרית ספר מודיעין עילית,,IL,Shopify Payments,0.0,Breaking Games,Low,web
#15833972211759,customer_786@example.com,786,Customer 786,,unfulfilled,yes,USD,149.99,12.05,0.0,162.04,,0.0,FedEx Home Delivery®,2021-01-23 19:36:25 -0500,1,Dwellings of Eldervale: ALL EDITIONS - Deluxe - $149.99,149.99,BGZ111012,0,Saint Louis,MO,US,Saint Louis,MO,US,Shopify Payments,0.0,Breaking Games,Low,web
#15830371401775,customer_787@example.com,787,Customer 787,,unfulfilled,no,USD,199.99,11.63,0.0,211.62,,0.0,FedEx Home Delivery®,2021-01-23 15:16:09 -0500,1,Dwellings of Eldervale: ALL EDITIONS - Legendary - $199.99,199.99,BGZ111014,0,Sterling Heights,MI,US,Sterling Heights,MI,US,Shopify Payments,0.0,Breaking Games,Low,web
#15826773835823,customer_788@example.com,788,Customer 788,,unfulfilled,yes,USD,574.97,239.04,0.0,814.01,,0.0,Priority Mail International,2021-01-23 11:26:33 -0500,1,Dwellings of Eldervale: ALL EDITIONS - Legendary (Limited CROC Cover) - $224.99,224.99,BGZ115358,0,Kuwait,,KW,Kuwait,,KW,Shopify Payments,0.0,Breaking Games,Low,web
#15826773835823,customer_788@example.com,788,Customer 788,,,,,,,,,,,,2021-01-23 11:26:33 -0500,1,Dwellings of Eldervale: ALL EDITIONS - Legendary - $199.99,199.99,BGZ111014,0,,,,,,,,,Breaking Games,,
#15826773835823,customer_788@example.com,788,Customer 788,,,,,,,,,,,,2021-01-23 11:26:33 -0500,1,Dwellings of Eldervale: ALL EDITIONS - Deluxe - $149.99,149.99,BGZ111012,0,,,,,,,,,Breaking Games,,
#15825729519663,customer_789@example.com,789,Customer 789,,unfulfilled,yes,USD,199.99,14.77,0.0,214.76,,0.0,FedEx Home Delivery®,2021-01-23 10:10:12 -0500,1,Dwellings of Eldervale: ALL EDITIONS - Legendary - $199.99,199.99,BGZ111014,0,DeWitt,IA,US,DeWitt,IA,US,PayPal Express Checkout,0.0,Breaking Games,Low,web
#15825700749359,customer_790@example.com,790,Customer 790,,unfulfilled,yes,USD,199.99,101.27,0.0,301.26,,0.0,Priority Mail International,2021-01-23 10:08:36 -0500,1,Dwellings of Eldervale: ALL EDITIONS - Legendary - $199.99,199.99,BGZ111014,0,IJmuiden,,NL,IJmuiden,,NL,Shopify Payments,0.0,Breaking Games,Low,web
#15819806081071,customer_791@example.com,791,Customer 791,,unfulfilled,yes,USD,209.98,10.26,0.0,220.24,,0.0,FedEx Ground®,2021-01-23 02:27:42 -0500,1,Dwellings of Eldervale: ALL EDITIONS - Legendary - $199.99,199.99,BGZ111014,0,New Castle,DE,US,New Castle,DE,US,PayPal Express Checkout,0.0,Breaking Games,Low,web
#15819806081071,customer_791@example.com,791,Customer 791,,,,,,,,,,,,2021-01-23 02:27:42 -0500,1,Dwellings of Eldervale: MINOTAUR MINIATURE,9.99,BGZ115360,0,,,,,,,,,Breaking Games,,
#15817123463215,customer_792@example.com,792,Customer 792,,unfulfilled,yes,USD,199.99,17.35,21.95,239.29,,0.0,FedEx Home Delivery®,2021-01-22 22:28:03 -0500,1,Dwellings of Eldervale: ALL EDITIONS - Legendary - $199.99,199.99,BGZ111014,0,Seattle,WA,US,Seattle,WA,US,Shopify Payments,0.0,Breaking Games,Low,web
#15816317796399,customer_793@example.com,793,Customer 793,,unfulfilled,no,USD,20.0,9.64,0.0,29.64,,0.0,Priority Mail,2021-01-22 21:18:10 -0500,1,MIXTAPE,20.0,BGZ110347,0,Milwaukee,WI,US,Milwaukee,WI,US,Shopify Payments,0.0,Breaking Games,Low,web
#15814433013807,customer_794@example.com,794,Customer 794,,unfulfilled,yes,USD,209.98,18.11,0.0,228.09,,0.0,FedEx Home Delivery®,2021-01-22 18:35:31 -0500,1,Dwellings of Eldervale: ALL EDITIONS - Legendary - $199.99,199.99,BGZ111014,0,Scottsdale,AZ,US,Scottsdale,AZ,US,PayPal Express Checkout,0.0,Breaking Games,Low,web
#15814433013807,customer_794@example.com,794,Customer 794,,,,,,,,,,,,2021-01-22 18:35:31 -0500,1,Dwellings of Eldervale: MINOTAUR MINIATURE,9.99,BGZ115360,0,,,,,,,,,Breaking Games,,
#15811868786735,customer_795@example.com,795,Customer 795,,unfulfilled,yes,USD,444.96,17.72,47.42,510.1,,0.0,FedEx Home Delivery®,2021-01-22 15:00:26 -0500,1,Dwellings of Eldervale: ALL EDITIONS - Legendary - $199.99,199.99,BGZ111014,0,Naperville,IL,US,Naperville,IL,US,Shopify Payments,0.0,Breaking Games,Low,web
#15811868786735,customer_795@example.com,795,Customer 795,,,,,,,,,,,,2021-01-22 15:00:26 -0500,2,Dwellings of Eldervale - MINOTAUR MINIATURE,9.99,BGZ115360,0,,,,,,,,,Breaking Games,,
#15811868786735,customer_795@example.com,795,Customer 795,,,,,,,,,,,,2021-01-22 15:00:26 -0500,1,Dwellings of Eldervale: ALL EDITIONS - Legendary (Limited CROC Cover) - $224.99,224.99,BGZ115358,0,,,,,,,,,Breaking Games,,
#15811367993391,customer_796@example.com,796,Customer 796,,unfulfilled,yes,USD,199.99,101.27,0.0,301.26,,0.0,Priority Mail International,2021-01-22 14:18:35 -0500,1,Dwellings of Eldervale: ALL EDITIONS - Legendary - $199.99,199.99,BGZ111014,0,Trento,TN,IT,Trento,TN,IT,Shopify Payments,0.0,Breaking Games,Low,web
#15811298394159,customer_728@example.com,728,Customer 728,,unfulfilled,yes,USD,199.99,102.98,0.0,302.97,CHARMCITY75,0.0,Priority Mail International,2021-01-22 14:12:51 -0500,1,Dwellings of Eldervale: ALL EDITIONS - Legendary - $199.99,199.99,BGZ111014,0,Rielasingen-Worblingen,,DE,Rielasingen-Worblingen,,DE,PayPal Express Checkout,0.0,Breaking Games,Low,web
#15811211690031,customer_797@example.com,797,Customer 797,,unfulfilled,no,USD,199.99,96.46,0.0,296.45,,0.0,Priority Mail International,2021-01-22 14:05:34 -0500,1,Dwellings of Eldervale: ALL EDITIONS - Legendary - $199.99,199.99,BGZ111014,0,Wien,,AT,Wien,,AT,Shopify Payments,0.0,Breaking Games,Low,web
#15811133079599,customer_798@example.com,798,Customer 798,,unfulfilled,yes,USD,234.98,11.63,19.73,266.34,,0.0,FedEx Home Delivery®,2021-01-22 13:59:04 -0500,1,Dwellings of Eldervale: MINOTAUR MINIATURE,9.99,BGZ115360,0,GREENSBURG,PA,US,GREENSBURG,PA,US,PayPal Express Checkout,0.0,Breaking Games,Low,web
#15811133079599,customer_798@example.com,798,Customer 798,,,,,,,,,,,,2021-01-22 13:59:04 -0500,1,Dwellings of Eldervale: ALL EDITIONS - Legendary (Limited CROC Cover) - $224.99,224.99,BGZ115358,0,,,,,,,,,Breaking Games,,
#15810724069423,customer_799@example.com,799,Customer 799,,unfulfilled,yes,USD,149.99,14.15,11.49,175.63,,0.0,FedEx Home Delivery®,2021-01-22 13:19:34 -0500,1,Dwellings of Eldervale: ALL EDITIONS - Deluxe - $149.99,149.99,BGZ111012,0,Shelbyville,IN,US,Shelbyville,IN,US,Shopify Payments,0.0,Breaking Games,Low,web
#15810566488111,customer_800@example.com,800,Customer 800,,unfulfilled,no,USD,209.98,10.26,0.0,220.24,CHARMCITY75,0.0,FedEx Ground®,2021-01-22 13:04:59 -0500,1,Dwellings of Eldervale: MINOTAUR MINIATURE,9.99,BGZ115360,0,Chekhov,MOS,RU,Wilmington,DE,US,Shopify Payments,0.0,Breaking Games,Low,web
#15810566488111,customer_800@example.com,800,Customer 800,,,,,,,,,,,,2021-01-22 13:04:59 -0500,1,Dwellings of Eldervale: ALL EDITIONS - Legendary - $199.99,199.99,BGZ111014,0,,,,,,,,,Breaking Games,,
#15810519826479,customer_801@example.com,801,Customer 801,,unfulfilled,no,USD,149.99,11.63,0.0,161.62,,0.0,FedEx Home Delivery®,2021-01-22 13:02:06 -0500,1,Dwellings of Eldervale: ALL EDITIONS - Deluxe - $149.99,149.99,BGZ111012,0,Girard,OH,US,Girard,OH,US,Shopify Payments,0.0,Breaking Games,Low,web
#15810282258479,customer_802@example.com,802,Customer 802,,unfulfilled,no,USD,149.99,17.2,0.0,167.19,,0.0,FedEx Home Delivery®,2021-01-22 12:44:00 -0500,1,Dwellings of Eldervale: ALL EDITIONS - Deluxe - $149.99,149.99,BGZ111012,0,Cary,NC,US,LAKE POINT,UT,US,Shopify Payments,167.19,Breaking Games,Low,web
#15810141552687,customer_803@example.com,803,Customer 803,,unfulfilled,yes,USD,149.99,83.81,0.0,233.8,,0.0,Priority Mail International,2021-01-22 12:32:36 -0500,1,Dwellings of Eldervale: ALL EDITIONS - Deluxe - $149.99,149.99,BGZ111012,0,Chexbres,,CH,Chexbres,,CH,Shopify Payments,0.0,Breaking Games,Low,web
#15809959919663,customer_804@example.com,804,Customer 804,,unfulfilled,yes,USD,199.99,15.08,0.0,215.07,,0.0,FedEx Home Delivery®,2021-01-22 12:18:08 -0500,1,Dwellings of Eldervale: ALL EDITIONS - Legendary - $199.99,199.99,BGZ111014,0,Clayville,RI,US,Clayville,RI,US,PayPal Express Checkout,0.0,Breaking Games,Low,web
#15808560627759,customer_805@example.com,805,Customer 805,,unfulfilled,yes,USD,99.99,14.29,0.0,114.28,,0.0,FedEx Home Delivery®,2021-01-22 10:29:53 -0500,1,Dwellings of Eldervale: ALL EDITIONS - Standard - $99.99,99.99,BGZ110860,0,Saint Cloud,FL,US,Saint Cloud,FL,US,Shopify Payments,0.0,Breaking Games,Low,web
#15809843003439,customer_806@example.com,806,Customer 806,,unfulfilled,yes,USD,149.99,83.81,0.0,233.8,,0.0,Priority Mail International,2021-01-22 12:08:56 -0500,1,Dwellings of Eldervale: ALL EDITIONS - Deluxe - $149.99,149.99,BGZ111012,0,Aarhus N,,DK,Aarhus N,,DK,Shopify Payments,0.0,Breaking Games,Low,web
#15809774125103,customer_807@example.com,807,Customer 807,,unfulfilled,yes,USD,149.99,11.17,12.89,174.05,,0.0,Priority Mail,2021-01-22 12:03:43 -0500,1,Dwellings of Eldervale: ALL EDITIONS - Deluxe - $149.99,149.99,BGZ111012,0,Bloomsburg,PA,US,Bloomsburg,PA,US,Shopify Payments,0.0,Breaking Games,Low,web
#15809699774511,customer_808@example.com,808,Customer 808,,unfulfilled,no,USD,234.98,104.71,0.0,339.69,,0.0,Priority Mail International,2021-01-22 11:59:09 -0500,1,Dwellings of Eldervale: MINOTAUR MINIATURE,9.99,BGZ115360,0,Rotterdam,,NL,Rotterdam,,NL,PayPal Express Checkout,0.0,Breaking Games,Low,web
#15809699774511,customer_808@example.com,808,Customer 808,,,,,,,,,,,,2021-01-22 11:59:09 -0500,1,Dwellings of Eldervale: ALL EDITIONS - Legendary (Limited CROC Cover) - $224.99,224.99,BGZ115358,0,,,,,,,,,Breaking Games,,
#15809745354799,customer_809@example.com,809,Customer 809,,unfulfilled,yes,USD,209.98,10.45,0.0,220.43,,0.0,FedEx Ground®,2021-01-22 12:01:38 -0500,1,Dwellings of Eldervale: MINOTAUR MINIATURE,9.99,BGZ115360,0,Arlington,VA,US,Jackson,TN,US,PayPal Express Checkout,0.0,Breaking Games,Low,web
#15809745354799,customer_809@example.com,809,Customer 809,,,,,,,,,,,,2021-01-22 12:01:38 -0500,1,Dwellings of Eldervale: ALL EDITIONS - Legendary - $199.99,199.99,BGZ111014,0,,,,,,,,,Breaking Games,,
#15809737228335,customer_810@example.com,810,Customer 810,,unfulfilled,yes,USD,159.98,11.63,13.73,185.34,,0.0,FedEx Home Delivery®,2021-01-22 12:01:07 -0500,1,Dwellings of Eldervale: ALL EDITIONS - Deluxe - $149.99,149.99,BGZ111012,0,Royersford,PA,US,Royersford,PA,US,Shopify Payments,0.0,Breaking Games,Low,web
#15809737228335,customer_810@example.com,810,Customer 810,,,,,,,,,,,,2021-01-22 12:01:07 -0500,1,Dwellings of Eldervale: MINOTAUR MINIATURE,9.99,BGZ115360,0,,,,,,,,,Breaking Games,,
#15809725235247,customer_811@example.com,811,Customer 811,,unfulfilled,yes,USD,149.99,27.92,0.0,177.91,,0.0,FedEx International Ground®,2021-01-22 12:00:23 -0500,1,Dwellings of Eldervale: ALL EDITIONS - Deluxe - $149.99,149.99,BGZ111012,0,St-hubert,QC,CA,St-hubert,QC,CA,PayPal Express Checkout,0.0,Breaking Games,Low,web
#15809685553199,customer_812@example.com,812,Customer 812,,unfulfilled,yes,USD,149.99,11.63,0.0,161.62,,0.0,FedEx Home Delivery®,2021-01-22 11:58:27 -0500,1,Dwellings of Eldervale: ALL EDITIONS - Deluxe,149.99,BGZ111012,0,Singapore,,SG,Knoxville,TN,US,Shopify Payments,0.0,Breaking Games,Low,web
#15808532447279,customer_813@example.com,813,Customer 813,,unfulfilled,yes,USD,209.98,33.04,0.0,243.02,,0.0,FedEx International Ground®,2021-01-22 10:27:34 -0500,1,Dwellings of Eldervale: ALL EDITIONS - Legendary,199.99,BGZ111014,0,Montreal,QC,CA,Montreal,QC,CA,Shopify Payments,0.0,Breaking Games,Low,web
#15808532447279,customer_813@example.com,813,Customer 813,,,,,,,,,,,,2021-01-22 10:27:34 -0500,1,Dwellings of Eldervale: MINOTAUR MINIATURE,9.99,BGZ115360,0,,,,,,,,,Breaking Games,,
#15808465698863,customer_814@example.com,814,Customer 814,,unfulfilled,yes,USD,234.98,18.11,0.0,253.09,,0.0,FedEx Home Delivery®,2021-01-22 10:22:00 -0500,1,Dwellings of Eldervale: MINOTAUR MINIATURE,9.99,BGZ115360,0,Mesa,AZ,US,Mesa,AZ,US,PayPal Express Checkout,0.0,Breaking Games,Low,web
#15808465698863,customer_814@example.com,814,Customer 814,,,,,,,,,,,,2021-01-22 10:22:00 -0500,1,Dwellings of Eldervale: ALL EDITIONS - Legendary (Limited CROC Cover),224.99,BGZ115358,0,,,,,,,,,Breaking Games,,
#15791545221167,customer_815@example.com,815,Customer 815,,unfulfilled,yes,USD,119.99,11.72,0.0,131.71,,0.0,FedEx Home Delivery®,2021-01-21 09:46:09 -0500,1,Dwellings of Eldervale: ALL EDITIONS - Standard,99.99,BGZ110860,0,Clive,IA,US,Clive,IA,US,Shopify Payments,11.72,Breaking Games,Low,web
#15791545221167,customer_815@example.com,815,Customer 815,,,,,,,,,,,,2021-01-21 09:46:09 -0500,1,Infinite Jonathans,20.0,BGZ111544,0,,,,,,,,,Breaking Games,,
#15808104038447,customer_816@example.com,816,Customer 816,,unfulfilled,yes,USD,199.99,12.25,0.0,212.24,,0.0,FedEx Home Delivery®,2021-01-22 09:52:10 -0500,1,Dwellings of Eldervale: ALL EDITIONS - Legendary,199.99,BGZ111014,0,land o lakes,FL,US,land o lakes,FL,US,Shopify Payments,0.0,Breaking Games,Low,web
#15787134484527,customer_817@example.com,817,Customer 817,,unfulfilled,yes,USD,209.98,14.14,18.49,242.61,,0.0,FedEx Home Delivery®,2021-01-21 03:09:43 -0500,1,Dwellings of Eldervale: MINOTAUR MINIATURE,9.99,BGZ115360,0,DALLAS,TX,US,DALLAS,TX,US,PayPal Express Checkout,0.0,Breaking Games,Low,web
#15787134484527,customer_817@example.com,817,Customer 817,,,,,,,,,,,,2021-01-21 03:09:43 -0500,1,Dwellings of Eldervale: ALL EDITIONS - Legendary,199.99,BGZ111014,0,,,,,,,,,Breaking Games,,
#15801955909679,customer_818@example.com,818,Customer 818,,unfulfilled,yes,USD,234.98,11.63,0.0,246.61,,0.0,FedEx Home Delivery®,2021-01-22 00:35:33 -0500,1,Dwellings of Eldervale: MINOTAUR MINIATURE,9.99,BGZ115360,0,Astoria,NY,US,Astoria,NY,US,Shopify Payments,0.0,Breaking Games,Low,web
#15801955909679,customer_818@example.com,818,Customer 818,,,,,,,,,,,,2021-01-22 00:35:33 -0500,1,Dwellings of Eldervale: ALL EDITIONS - Legendary (Limited CROC Cover),224.99,BGZ115358,0,,,,,,,,,Breaking Games,,
#15801413599279,customer_819@example.com,819,Customer 819,,unfulfilled,yes,USD,149.99,13.38,0.0,163.37,,0.0,Priority Mail,2021-01-21 23:46:35 -0500,1,Dwellings of Eldervale: ALL EDITIONS - Deluxe,149.99,BGZ111012,0,North Muskegon,MI,US,North Muskegon,MI,US,Shopify Payments,163.37,Breaking Games,Low,web
#15800276910127,customer_820@example.com,820,Customer 820,,unfulfilled,yes,USD,149.99,11.63,0.0,161.62,,0.0,FedEx Home Delivery®,2021-01-21 22:05:36 -0500,1,Dwellings of Eldervale: ALL EDITIONS - Deluxe,149.99,BGZ111012,0,Christiansburg,VA,US,Christiansburg,VA,US,Shopify Payments,0.0,Breaking Games,Low,web
#15799370711087,customer_821@example.com,821,Customer 821,,unfulfilled,yes,USD,199.99,32.27,0.0,232.26,,0.0,FedEx International Ground®,2021-01-21 20:47:19 -0500,1,Dwellings of Eldervale: ALL EDITIONS - Legendary,199.99,BGZ111014,0,Airdrie,AB,CA,Airdrie,AB,CA,Shopify Payments,0.0,Breaking Games,Low,web
#15798643884079,customer_822@example.com,822,Customer 822,,unfulfilled,yes,USD,199.99,17.35,0.0,217.34,,0.0,FedEx Home Delivery®,2021-01-21 19:45:22 -0500,1,Dwellings of Eldervale: ALL EDITIONS - Legendary,199.99,BGZ111014,0,Peoria,AZ,US,MESA,AZ,US,Shopify Payments,0.0,Breaking Games,Low,web
#15797914861615,customer_823@example.com,823,Customer 823,,unfulfilled,yes,USD,149.99,14.69,0.0,164.68,CHARMCITY75,0.0,FedEx Home Delivery®,2021-01-21 18:42:36 -0500,1,Dwellings of Eldervale: ALL EDITIONS - Deluxe,149.99,BGZ111012,0,Tigard,OR,US,Tigard,OR,US,Shopify Payments,0.0,Breaking Games,Low,web
#15797727559727,customer_824@example.com,824,Customer 824,,unfulfilled,yes,USD,199.99,12.25,21.76,234.0,,0.0,FedEx Home Delivery®,2021-01-21 18:26:23 -0500,1,Dwellings of Eldervale: ALL EDITIONS - Legendary,199.99,BGZ111014,0,Normal,IL,US,Normal,IL,US,Shopify Payments,0.0,Breaking Games,Low,web
#15797631451183,customer_825@example.com,825,Customer 825,,unfulfilled,yes,USD,224.99,13.53,0.0,238.52,,0.0,FedEx Home Delivery®,2021-01-21 18:17:56 -0500,1,Dwellings of Eldervale: ALL EDITIONS - Legendary (Limited CROC Cover),224.99,BGZ115358,0,Nixa,MO,US,Nixa,MO,US,Shopify Payments,0.0,Breaking Games,Low,web
#15795271729199,customer_826@example.com,826,Customer 826,,unfulfilled,yes,USD,209.98,11.63,0.0,221.61,,0.0,FedEx Home Delivery®,2021-01-21 14:52:29 -0500,1,Dwellings of Eldervale: MINOTAUR MINIATURE,9.99,BGZ115360,0,Virginia Beach,VA,US,Virginia Beach,VA,US,Shopify Payments,0.0,Breaking Games,Low,web
#15795271729199,customer_826@example.com,826,Customer 826,,,,,,,,,,,,2021-01-21 14:52:29 -0500,1,Dwellings of Eldervale: ALL EDITIONS - Legendary,199.99,BGZ111014,0,,,,,,,,,Breaking Games,,
#15791569338415,customer_827@example.com,827,Customer 827,,unfulfilled,yes,USD,127.5,14.15,0.0,141.65,BGNLST15,22.49,FedEx Home Delivery®,2021-01-21 09:48:11 -0500,1,Dwellings of Eldervale: ALL EDITIONS - Deluxe - $149.99,149.99,BGZ111012,0,Forest Hill,MD,US,Forest Hill,MD,US,Shopify Payments,141.65,Breaking Games,Low,web
#15709358260271,customer_828@example.com,828,Customer 828,,unfulfilled,yes,USD,149.99,10.71,0.0,160.7,,0.0,FedEx Ground®,2021-01-16 12:47:44 -0500,1,Dwellings of Eldervale: ALL EDITIONS - Deluxe,149.99,BGZ111012,0,Miami,FL,US,Miami,FL,US,Shopify Payments,0.0,Breaking Games,Low,web
#15784763490351,customer_829@example.com,829,Customer 829,,unfulfilled,yes,USD,129.99,14.74,11.94,156.67,,0.0,FedEx Home Delivery®,2021-01-20 23:33:06 -0500,1,Dwellings of Eldervale: ALL EDITIONS - Standard (Limited CROC Cover),129.99,BGZ115361,0,Houston,TX,US,Houston,TX,US,Shopify Payments,0.0,Breaking Games,Low,web
#15781561106479,customer_830@example.com,830,Customer 830,,unfulfilled,no,USD,20.0,11.63,1.45,33.08,,0.0,FedEx Home Delivery®,2021-01-20 18:54:21 -0500,1,MIXTAPE,20.0,BGZ110347,0,Fontana,CA,US,Fontana,CA,US,Shopify Payments,0.0,Breaking Games,Low,web
#15779838558255,customer_831@example.com,831,Customer 831,,unfulfilled,yes,USD,149.99,83.81,0.0,233.8,,0.0,Priority Mail International,2021-01-20 16:25:22 -0500,1,Dwellings of Eldervale: ALL EDITIONS - Deluxe,149.99,BGZ111012,0,Wevelgem,,BE,Wevelgem,,BE,PayPal Express Checkout,0.0,Breaking Games,Low,web
#15777995751471,customer_832@example.com,832,Customer 832,,unfulfilled,no,USD,209.98,18.11,15.22,243.31,,0.0,FedEx Home Delivery®,2021-01-20 13:52:22 -0500,1,Dwellings of Eldervale: MINOTAUR MINIATURE,9.99,BGZ115360,0,Long Beach,CA,US,Long Beach,CA,US,Shopify Payments,0.0,Breaking Games,Low,web
#15777995751471,customer_832@example.com,832,Customer 832,,,,,,,,,,,,2021-01-20 13:52:22 -0500,1,Dwellings of Eldervale: ALL EDITIONS - Legendary,199.99,BGZ111014,0,,,,,,,,,Breaking Games,,
#15777715814447,customer_833@example.com,833,Customer 833,,unfulfilled,yes,USD,209.98,33.04,0.0,243.02,,0.0,FedEx International Ground®,2021-01-20 13:28:40 -0500,1,Dwellings of Eldervale: MINOTAUR MINIATURE,9.99,BGZ115360,0,Richmond Hill,ON,CA,Richmond Hill,ON,CA,Shopify Payments,0.0,Breaking Games,Low,web
#15777715814447,customer_833@example.com,833,Customer 833,,,,,,,,,,,,2021-01-20 13:28:40 -0500,1,Dwellings of Eldervale: ALL EDITIONS - Legendary,199.99,BGZ111014,0,,,,,,,,,Breaking Games,,
#15777567047727,customer_834@example.com,834,Customer 834,,unfulfilled,yes,USD,99.99,37.84,0.0,137.83,,0.0,Priority Mail,2021-01-20 13:16:00 -0500,1,Dwellings of Eldervale: ALL EDITIONS - Standard,99.99,BGZ110860,0,Wahiawa,HI,US,Wahiawa,HI,US,Shopify Payments,0.0,Breaking Games,Low,web
#15777498791983,customer_835@example.com,835,Customer 835,,unfulfilled,yes,USD,199.99,13.53,0.0,213.52,,0.0,FedEx Home Delivery®,2021-01-20 13:10:21 -0500,1,Dwellings of Eldervale: ALL EDITIONS - Legendary,199.99,BGZ111014,0,Kansas City,MO,US,Kansas City,MO,US,PayPal Express Checkout,0.0,Breaking Games,Low,web
#15749602050095,customer_836@example.com,836,Customer 836,,unfulfilled,yes,USD,209.98,20.63,19.37,249.98,,0.0,FedEx Home Delivery®,2021-01-18 23:18:33 -0500,1,Dwellings of Eldervale: MINOTAUR MINIATURE,9.99,BGZ115360,0,Ridgefield,WA,US,Ridgefield,WA,US,Shopify Payments,0.0,Breaking Games,Low,web
#15749602050095,customer_836@example.com,836,Customer 836,,,,,,,,,,,,2021-01-18 23:18:33 -0500,1,Dwellings of Eldervale: ALL EDITIONS - Legendary,199.99,BGZ111014,0,,,,,,,,,Breaking Games,,
#15738956939311,customer_837@example.com,837,Customer 837,,unfulfilled,yes,USD,309.97,16.49,26.93,353.39,,0.0,FedEx Home Delivery®,2021-01-18 08:16:51 -0500,1,Dwellings of Eldervale: MINOTAUR MINIATURE,9.99,BGZ115360,0,Fort Worth,TX,US,Fort Worth,TX,US,PayPal Express Checkout,0.0,Breaking Games,Low,web
#15738956939311,customer_837@example.com,837,Customer 837,,,,,,,,,,,,2021-01-18 08:16:51 -0500,1,Dwellings of Eldervale: CUSTOM GAME MAT,74.99,BGZ115116,0,,,,,,,,,Breaking Games,,
#15738956939311,customer_837@example.com,837,Customer 837,,,,,,,,,,,,2021-01-18 08:16:51 -0500,1,Dwellings of Eldervale: ALL EDITIONS - Legendary (Limited CROC Cover),224.99,BGZ115358,0,,,,,,,,,Breaking Games,,
#15736935743535,customer_838@example.com,838,Customer 838,,unfulfilled,yes,USD,209.98,12.6,0.0,222.58,,0.0,FedEx Home Delivery®,2021-01-18 05:12:55 -0500,1,Dwellings of Eldervale: MINOTAUR MINIATURE,9.99,BGZ115360,0,Lake Mary,FL,US,Lake Mary,FL,US,Shopify Payments,0.0,Breaking Games,Low,web
#15736935743535,customer_838@example.com,838,Customer 838,,,,,,,,,,,,2021-01-18 05:12:55 -0500,1,Dwellings of Eldervale: ALL EDITIONS - Legendary,199.99,BGZ111014,0,,,,,,,,,Breaking Games,,
#15720067301423,customer_839@example.com,839,Customer 839,,unfulfilled,yes,USD,209.98,54.87,0.0,264.85,,0.0,Priority Mail,2021-01-17 04:28:35 -0500,1,Dwellings of Eldervale: MINOTAUR MINIATURE,9.99,BGZ115360,0,Mililani,HI,US,Mililani,HI,US,Shopify Payments,0.0,Breaking Games,Low,web
#15720067301423,customer_839@example.com,839,Customer 839,,,,,,,,,,,,2021-01-17 04:28:35 -0500,1,Dwellings of Eldervale: ALL EDITIONS - Legendary,199.99,BGZ111014,0,,,,,,,,,Breaking Games,,
#15709871669295,customer_840@example.com,840,Customer 840,,unfulfilled,yes,USD,149.99,27.92,0.0,177.91,,0.0,FedEx International Ground®,2021-01-16 13:30:32 -0500,1,Dwellings of Eldervale: ALL EDITIONS - Deluxe - $149.99,149.99,BGZ111012,0,Paris,ON,CA,Paris,ON,CA,Shopify Payments,0.0,Breaking Games,Low,web
#15707691122735,customer_841@example.com,841,Customer 841,,unfulfilled,yes,USD,209.98,11.63,0.0,221.61,,0.0,FedEx Home Delivery®,2021-01-16 10:28:39 -0500,1,Dwellings of Eldervale: MINOTAUR MINIATURE,9.99,BGZ115360,0,Jeddah,,SA,Springfield Gardens,NY,US,Shopify Payments,0.0,Breaking Games,Low,web
#15707691122735,customer_841@example.com,841,Customer 841,,,,,,,,,,,,2021-01-16 10:28:39 -0500,1,Dwellings of Eldervale: ALL EDITIONS - Legendary,199.99,BGZ111014,0,,,,,,,,,Breaking Games,,
#15705920733231,customer_842@example.com,842,Customer 842,,unfulfilled,no,USD,20.0,8.4,2.27,30.67,,0.0,Priority Mail,2021-01-16 07:46:04 -0500,1,MIXTAPE,20.0,BGZ110347,0,Browndale,PA,US,Browndale,PA,US,Shopify Payments,0.0,Breaking Games,Low,web
#15705582764079,customer_843@example.com,843,Customer 843,,unfulfilled,yes,USD,35.0,38.84,0.0,73.84,,0.0,First Class Package International,2021-01-16 07:13:19 -0500,1,Secret Hitler,35.0,BGZ110577,0,Montreuil,,FR,Montreuil,,FR,PayPal Express Checkout,0.0,Blackbox,Low,88312
#15700733919279,customer_844@example.com,844,Customer 844,,unfulfilled,yes,USD,209.98,11.63,0.0,221.61,,0.0,FedEx Home Delivery®,2021-01-15 23:17:30 -0500,1,Dwellings of Eldervale: MINOTAUR MINIATURE,9.99,BGZ115360,0,Catonsville,MD,US,Catonsville,MD,US,Shopify Payments,221.61,Breaking Games,Low,web
#15700733919279,customer_844@example.com,844,Customer 844,,,,,,,,,,,,2021-01-15 23:17:30 -0500,1,Dwellings of Eldervale: ALL EDITIONS - Legendary,199.99,BGZ111014,0,,,,,,,,,Breaking Games,,
#15700303806511,customer_845@example.com,845,Customer 845,,unfulfilled,yes,USD,209.98,14.14,18.49,242.61,,0.0,FedEx Home Delivery®,2021-01-15 22:36:37 -0500,1,Dwellings of Eldervale: MINOTAUR MINIATURE,9.99,BGZ115360,0,Katy,TX,US,Katy,TX,US,PayPal Express Checkout,0.0,Breaking Games,Low,web
#15700303806511,customer_845@example.com,845,Customer 845,,,,,,,,,,,,2021-01-15 22:36:37 -0500,1,Dwellings of Eldervale: ALL EDITIONS - Legendary,199.99,BGZ111014,0,,,,,,,,,Breaking Games,,
#15699893157935,customer_846@example.com,846,Customer 846,,unfulfilled,yes,USD,209.98,109.1,0.0,319.08,,0.0,Priority Mail International,2021-01-15 21:58:00 -0500,1,Dwellings of Eldervale: MINOTAUR MINIATURE,9.99,BGZ115360,0,Nishio Shi,JP-23,JP,Nishio Shi,JP-23,JP,PayPal Express Checkout,0.0,Breaking Games,Low,web
#15699893157935,customer_846@example.com,846,Customer 846,,,,,,,,,,,,2021-01-15 21:58:00 -0500,1,Dwellings of Eldervale: ALL EDITIONS - Legendary,199.99,BGZ111014,0,,,,,,,,,Breaking Games,,
#15695100772399,customer_847@example.com,847,Customer 847,,unfulfilled,yes,USD,199.99,17.35,22.17,239.51,,0.0,FedEx Home Delivery®,2021-01-15 14:46:04 -0500,1,Dwellings of Eldervale: ALL EDITIONS - Legendary,199.99,BGZ111014,0,Tacoma,WA,US,Tacoma,WA,US,PayPal Express Checkout,0.0,Breaking Games,Low,web
#15694564982831,customer_848@example.com,848,Customer 848,,unfulfilled,yes,USD,99.99,12.47,0.0,112.46,,0.0,FedEx Ground®,2021-01-15 13:59:13 -0500,1,Dwellings of Eldervale: ALL EDITIONS - Standard,99.99,BGZ110860,0,Portland,OR,US,Portland,OR,US,PayPal Express Checkout,0.0,Breaking Games,Low,web
#15694445838383,customer_849@example.com,849,Customer 849,,unfulfilled,yes,USD,224.99,95.1,0.0,320.09,,0.0,Priority Mail International,2021-01-15 13:48:58 -0500,1,Dwellings of Eldervale: ALL EDITIONS - Legendary (Limited CROC Cover) - $224.99,224.99,BGZ115358,0,Reutlingen,,DE,Reutlingen,,DE,Shopify Payments,0.0,Breaking Games,Low,web
#15694271807535,customer_850@example.com,850,Customer 850,,unfulfilled,yes,USD,209.98,15.11,0.0,225.09,,0.0,FedEx Home Delivery®,2021-01-15 13:33:55 -0500,1,Dwellings of Eldervale: ALL EDITIONS - Legendary,199.99,BGZ111014,0,Perryville,MO,US,Perryville,MO,US,Shopify Payments,0.0,Breaking Games,Low,web
#15694271807535,customer_850@example.com,850,Customer 850,,,,,,,,,,,,2021-01-15 13:33:55 -0500,1,Dwellings of Eldervale: MINOTAUR MINIATURE,9.99,BGZ115360,0,,,,,,,,,Breaking Games,,
#15691857362991,customer_851@example.com,851,Customer 851,,unfulfilled,no,USD,20.0,11.62,0.0,31.62,,0.0,FedEx Home Delivery®,2021-01-15 10:08:10 -0500,1,MIXTAPE,20.0,BGZ110347,0,Phoenix,AZ,US,Phoenix,AZ,US,Shopify Payments,0.0,Breaking Games,Low,web
#15683643244591,customer_852@example.com,852,Customer 852,,unfulfilled,yes,USD,35.0,10.26,2.72,47.98,,0.0,FedEx Ground®,2021-01-14 21:01:38 -0500,1,Secret Hitler,35.0,BGZ110577,0,San Ysidro,CA,US,San Ysidro,CA,US,Shopify Payments,0.0,Blackbox,Low,88312
#15683596451887,customer_853@example.com,853,Customer 853,,unfulfilled,yes,USD,40.0,12.31,0.0,52.31,,0.0,Priority Mail,2021-01-14 20:57:27 -0500,1,Swear Jar,20.0,BGZ110761,0,Gilbert,AZ,US,Gilbert,AZ,US,PayPal Express Checkout,0.0,Breaking Games,Low,web
#15683596451887,customer_853@example.com,853,Customer 853,,,,,,,,,,,,2021-01-14 20:57:27 -0500,1,MIXTAPE,20.0,BGZ110347,0,,,,,,,,,Breaking Games,,
#15664084615215,customer_854@example.com,854,Customer 854,,unfulfilled,yes,USD,99.99,11.63,0.0,111.62,,0.0,FedEx Home Delivery®,2021-01-13 14:50:36 -0500,1,Dwellings of Eldervale: ALL EDITIONS - Standard,99.99,BGZ110860,0,Matthews,NC,US,Matthews,NC,US,Shopify Payments,0.0,Breaking Games,Low,web
#15663963340847,customer_855@example.com,855,Customer 855,,unfulfilled,yes,USD,209.98,18.11,0.0,228.09,,0.0,FedEx Home Delivery®,2021-01-13 14:40:05 -0500,1,Dwellings of Eldervale: MINOTAUR MINIATURE,9.99,BGZ115360,0,Henderson,NV,US,Henderson,NV,US,PayPal Express Checkout,0.0,Breaking Games,Low,web
#15663963340847,customer_855@example.com,855,Customer 855,,,,,,,,,,,,2021-01-13 14:40:05 -0500,1,Dwellings of Eldervale: ALL EDITIONS - Legendary,199.99,BGZ111014,0,,,,,,,,,Breaking Games,,
#15600804593711,customer_856@example.com,856,Customer 856,,unfulfilled,yes,USD,35.0,38.84,0.0,73.84,,0.0,First Class Package International,2021-01-09 13:22:01 -0500,1,Secret Hitler,35.0,BGZ110577,0,Cherbourg-en-Cotentin,,FR,Cherbourg-en-Cotentin,,FR,PayPal Express Checkout,0.0,Blackbox,Low,88312
#15644651192367,customer_857@example.com,857,Customer 857,,unfulfilled,no,USD,40.0,11.88,3.1,54.98,,0.0,FedEx Home Delivery®,2021-01-12 09:25:15 -0500,1,Inhuman Conditions,40.0,BGZ110880,0,Lockridge,WA,AU,san diego,CA,US,Shopify Payments,0.0,Blackbox,Low,88312
#15628603490351,customer_858@example.com,858,Customer 858,,unfulfilled,yes,USD,35.0,9.45,0.0,44.45,,0.0,Priority Mail,2021-01-11 08:04:28 -0500,1,Secret Hitler,35.0,BGZ110577,0,Highland Township,MI,US,Highland Township,MI,US,Shopify Payments,0.0,Blackbox,Low,88312
#15621058101295,customer_859@example.com,859,Customer 859,,unfulfilled,no,USD,40.0,10.13,0.0,50.13,,0.0,Priority Mail,2021-01-10 20:01:42 -0500,1,Inhuman Conditions,40.0,BGZ110880,0,Westland,MI,US,Westland,MI,US,Shopify Payments,0.0,Blackbox,Low,88312
#15399736803375,customer_860@example.com,860,Customer 860,,unfulfilled,yes,USD,134.97,15.48,9.79,144.76,,15.48,FedEx Home Delivery®,2020-12-30 01:46:55 -0500,1,Family Adventure Holiday Ice Box,74.99,BGZ115179,0,Fresno,CA,US,Fresno,CA,US,Shopify Payments,0.0,Breaking Games,Low,web
#15399736803375,customer_860@example.com,860,Customer 860,,,,,,,,,,,,2020-12-30 01:46:55 -0500,2,Family Strategy Holiday Ice Box,29.99,BGZ115176,0,,,,,,,,,Breaking Games,,
#15214564868143,customer_861@example.com,861,Customer 861,,unfulfilled,no,USD,18.0,4.0,0.0,22.0,,0.0,First Class Package,2020-12-20 21:46:34 -0500,1,Exclusive Sparkle*Kitty Princess Palette Card,2.0,BGZ110342,0,TOPEKA,KS,US,TOPEKA,KS,US,Shopify Payments,0.0,Breaking Games,Low,web
#15214564868143,customer_861@example.com,861,Customer 861,,,,,,,,,,,,2020-12-20 21:46:34 -0500,1,Sparkle*Kitty Quantum Pack,8.0,BGZ110718,0,,,,,,,,,Breaking Games,,
#15214564868143,customer_861@example.com,861,Customer 861,,,,,,,,,,,,2020-12-20 21:46:34 -0500,1,Sparkle*Kitty Adventure Pack,8.0,BGZ110354,0,,,,,,,,,Breaking Games,,
#15192681316399,customer_862@example.com,862,Customer 862,,unfulfilled,no,USD,15.0,9.89,0.0,24.89,,0.0,Priority Mail,2020-12-19 20:48:42 -0500,1,The Game of 49,15.0,BGZ1049,0,Lynchburg,VA,US,Lynchburg,VA,US,Shopify Payments,0.0,Breaking Games,Low,web
#15191107338287,customer_863@example.com,863,Customer 863,,unfulfilled,yes,USD,25.0,10.08,0.0,35.08,,0.0,Priority Mail,2020-12-19 19:01:32 -0500,1,Shadow*Kitty,25.0,BGZ110722,0,Emmetsburg,IA,US,Emmetsburg,IA,US,Shopify Payments,0.0,Breaking Games,Low,web
#15105010237487,customer_864@example.com,864,Customer 864,,unfulfilled,yes,USD,44.0,10.93,0.0,54.93,,0.0,Priority Mail,2020-12-15 10:59:44 -0500,1,Sparkle*Kitty Quantum Pack,8.0,BGZ110718,0,Greeneville,TN,US,Greeneville,TN,US,PayPal Express Checkout,0.0,Breaking Games,Low,web
#15105010237487,customer_864@example.com,864,Customer 864,,,,,,,,,,,,2020-12-15 10:59:44 -0500,1,Sparkle*Kitty Adventure Pack,8.0,BGZ110354,0,,,,,,,,,Breaking Games,,
#15105010237487,customer_864@example.com,864,Customer 864,,,,,,,,,,,,2020-12-15 10:59:44 -0500,1,Sparkle*Kitty Nights Safe Words Pack,8.0,BGZ110717,0,,,,,,,,,Breaking Games,,
#15105010237487,customer_864@example.com,864,Customer 864,,,,,,,,,,,,2020-12-15 10:59:44 -0500,1,Sparkle*Kitty Nights,20.0,BGZ110716,0,,,,,,,,,Breaking Games,,
#15080406679599,customer_865@example.com,865,Customer 865,,unfulfilled,no,USD,39.0,11.84,0.0,50.84,,0.0,FedEx Home Delivery®,2020-12-14 00:33:49 -0500,1,Klask,39.0,BGZ110033,0,CASTLE PINES,CO,US,CASTLE PINES,CO,US,Shopify Payments,0.0,Breaking Games,Low,web
#15076631969839,customer_866@example.com,866,Customer 866,,unfulfilled,yes,USD,39.0,13.09,0.0,52.09,,0.0,FedEx Home Delivery®,2020-12-13 20:13:56 -0500,1,Klask,39.0,BGZ110033,0,CLARKSVILLE,OH,US,CLARKSVILLE,OH,US,PayPal Express Checkout,0.0,Breaking Games,Low,web
#15076390043695,customer_867@example.com,867,Customer 867,,unfulfilled,yes,USD,55.0,9.74,4.4,59.4,,9.74,Priority Mail,2020-12-13 19:57:15 -0500,1,Sparkle*Kitty Quantum Pack,8.0,BGZ110718,0,Woodlyn,PA,US,Woodlyn,PA,US,Shopify Payments,0.0,Breaking Games,Low,web
#15076390043695,customer_867@example.com,867,Customer 867,,,,,,,,,,,,2020-12-13 19:57:15 -0500,1,Sparkle*Kitty Adventure Pack,8.0,BGZ110354,0,,,,,,,,,Breaking Games,,
#15076390043695,customer_867@example.com,867,Customer 867,,,,,,,,,,,,2020-12-13 19:57:15 -0500,1,Klask,39.0,BGZ110033,0,,,,,,,,,Breaking Games,,
#15070230380591,customer_868@example.com,868,Customer 868,,unfulfilled,yes,USD,39.0,10.97,0.0,49.97,,0.0,FedEx Home Delivery®,2020-12-13 13:04:54 -0500,1,Klask,39.0,BGZ110033,0,Blaine,MN,US,Blaine,MN,US,Shopify Payments,0.0,Breaking Games,Low,web
#15069112336431,customer_869@example.com,869,Customer 869,,unfulfilled,no,USD,39.0,11.28,4.15,54.43,,0.0,FedEx Home Delivery®,2020-12-13 12:02:58 -0500,1,Klask,39.0,BGZ110033,0,Conroe,TX,US,Conroe,TX,US,PayPal Express Checkout,0.0,Breaking Games,Low,web
#15068090728495,customer_870@example.com,870,Customer 870,,unfulfilled,no,USD,78.0,15.07,0.0,78.0,,15.07,FedEx Home Delivery®,2020-12-13 11:05:41 -0500,2,Klask,39.0,BGZ110033,0,NIAGARA,WI,US,NIAGARA,WI,US,Shopify Payments,0.0,Breaking Games,Low,web
#15067656912943,customer_871@example.com,871,Customer 871,,unfulfilled,yes,USD,39.0,10.76,3.48,53.24,,0.0,FedEx Home Delivery®,2020-12-13 10:41:22 -0500,1,Klask,39.0,BGZ110033,0,Westfield,IN,US,Westfield,IN,US,Shopify Payments,0.0,Breaking Games,Low,web
#15066337837103,customer_872@example.com,872,Customer 872,,unfulfilled,yes,USD,39.0,10.76,0.0,49.76,,0.0,FedEx Home Delivery®,2020-12-13 09:26:00 -0500,1,Klask,39.0,BGZ110033,0,MANCHESTER,NH,US,MANCHESTER,NH,US,Shopify Payments,0.0,Breaking Games,Low,web
#15056001859631,customer_873@example.com,873,Customer 873,,unfulfilled,yes,USD,39.0,11.63,0.0,50.63,,0.0,Priority Mail,2020-12-12 22:56:48 -0500,1,Klask,39.0,BGZ110033,0,Ashton,MD,US,Ashton,MD,US,Shopify Payments,0.0,Breaking Games,Low,web
#15053284966447,customer_874@example.com,874,Customer 874,,unfulfilled,yes,USD,39.0,9.74,0.0,48.74,,0.0,Priority Mail,2020-12-12 20:17:27 -0500,1,Klask,39.0,BGZ110033,0,Highland,NY,US,Massapequa Park,NY,US,Shopify Payments,0.0,Breaking Games,Low,web
#15031176036399,customer_875@example.com,875,Customer 875,,unfulfilled,yes,USD,39.0,9.74,0.0,48.74,,0.0,Priority Mail,2020-12-11 22:51:50 -0500,1,Klask,39.0,BGZ110033,0,WOODSIDE,NY,US,WOODSIDE,NY,US,Shopify Payments,0.0,Breaking Games,Low,web
#15000423759919,customer_876@example.com,876,Customer 876,,unfulfilled,yes,USD,78.0,47.73,0.0,78.0,,47.73,Priority Mail,2020-12-10 18:25:59 -0500,2,Klask,39.0,BGZ110033,0,Longmont,CO,US,Longmont,CO,US,Shopify Payments,0.0,Breaking Games,Low,web
#14976687243311,customer_877@example.com,877,Customer 877,,unfulfilled,no,USD,39.0,10.76,2.44,52.2,,0.0,FedEx Home Delivery®,2020-12-09 20:18:05 -0500,1,Klask,39.0,BGZ110033,0,Westwood,MA,US,Westwood,MA,US,Shopify Payments,0.0,Breaking Games,Low,web
#14972496379951,customer_878@example.com,878,Customer 878,,unfulfilled,yes,USD,20.0,8.84,0.0,28.84,,0.0,Priority Mail,2020-12-09 16:35:48 -0500,1,MIXTAPE,20.0,BGZ110347,0,Manhasset,NY,US,Monroe,NY,US,Shopify Payments,0.0,Breaking Games,Low,web
#14967059415087,customer_879@example.com,879,Customer 879,,unfulfilled,yes,USD,78.0,55.31,0.0,78.0,,55.31,Priority Mail,2020-12-09 12:01:44 -0500,2,Klask,39.0,BGZ110033,0,Chandler,AZ,US,Chandler,AZ,US,Shopify Payments,0.0,Breaking Games,Low,web
#14955152441391,customer_880@example.com,880,Customer 880,,unfulfilled,yes,USD,59.0,38.28,4.58,63.58,,38.28,Priority Mail,2020-12-09 00:57:15 -0500,1,Game of Phones,20.0,BGZ110824,0,San Diego,CA,US,San Diego,CA,US,Shopify Payments,63.58,Breaking Games,Low,web
#14955152441391,customer_880@example.com,880,Customer 880,,,,,,,,,,,,2020-12-09 00:57:15 -0500,1,Klask,39.0,BGZ110033,0,,,,,,,,,Breaking Games,,
#14948115349551,customer_881@example.com,881,Customer 881,,unfulfilled,no,USD,39.0,12.55,0.0,51.55,,0.0,FedEx Home Delivery®,2020-12-08 18:43:00 -0500,1,Klask,39.0,BGZ110033,0,Silver Spring,MD,US,Gresham,OR,US,PayPal Express Checkout,0.0,Breaking Games,Low,web
#14923469553711,customer_882@example.com,882,Customer 882,,unfulfilled,no,USD,20.0,8.84,0.0,28.84,CHARMCITY75,0.0,Priority Mail,2020-12-07 20:21:46 -0500,1,Game of Phones,20.0,BGZ110824,0,Bel Air,MD,US,Bel Air,MD,US,Shopify Payments,0.0,Breaking Games,Low,web
#14859658821679,customer_883@example.com,883,Customer 883,,unfulfilled,yes,USD,89.0,18.58,7.75,96.75,,18.58,FedEx Home Delivery®,2020-12-05 11:50:56 -0500,1,Re-Extinction,25.0,BGZ110355,0,Twisp,WA,US,Twisp,WA,US,Shopify Payments,0.0,Breaking Games,Low,web
#14859658821679,customer_883@example.com,883,Customer 883,,,,,,,,,,,,2020-12-05 11:50:56 -0500,1,Aura,25.0,BGZ110019,0,,,,,,,,,Breaking Games,,
#14859658821679,customer_883@example.com,883,Customer 883,,,,,,,,,,,,2020-12-05 11:50:56 -0500,1,Klask,39.0,BGZ110033,0,,,,,,,,,Breaking Games,,
#14845863362607,customer_884@example.com,884,Customer 884,,unfulfilled,no,USD,30.0,6.07,0.0,36.07,,0.0,First Class Package,2020-12-04 23:06:47 -0500,1,POOP: Party Pooper Mini Bag Edition,10.0,BGZ110682,0,St Louis,MO,US,St Louis,MO,US,Shopify Payments,0.0,Breaking Games,Low,web
#14845863362607,customer_884@example.com,884,Customer 884,,,,,,,,,,,,2020-12-04 23:06:47 -0500,1,POOP: Brown Bag Combo,20.0,BGZ1003,0,,,,,,,,,Breaking Games,,
#14814281236527,customer_885@example.com,885,Customer 885,,unfulfilled,yes,USD,39.0,12.52,0.0,51.52,,0.0,FedEx Home Delivery®,2020-12-03 18:15:56 -0500,1,Klask,39.0,BGZ110033,0,Kaysville,UT,US,Kaysville,UT,US,PayPal Express Checkout,0.0,Breaking Games,Low,web
#14783768854575,customer_886@example.com,886,Customer 886,,unfulfilled,yes,USD,50.0,13.08,0.0,50.0,,13.08,FedEx Home Delivery®,2020-12-02 14:50:48 -0500,1,Game of Phones - The Animal Mini Pack,10.0,BGZ111724,0,Kingman,AZ,US,Kingman,AZ,US,Shopify Payments,0.0,Breaking Games,Low,web
#14783768854575,customer_886@example.com,886,Customer 886,,,,,,,,,,,,2020-12-02 14:50:48 -0500,1,Game of Phones - The Nostalgia Mini Pack,10.0,BGZ111726,0,,,,,,,,,Breaking Games,,
#14783768854575,customer_886@example.com,886,Customer 886,,,,,,,,,,,,2020-12-02 14:50:48 -0500,1,Game of Phones - The Family Mini Pack,10.0,BGZ111725,0,,,,,,,,,Breaking Games,,
#14783768854575,customer_886@example.com,886,Customer 886,,,,,,,,,,,,2020-12-02 14:50:48 -0500,1,Game of Phones,20.0,BGZ110824,0,,,,,,,,,Breaking Games,,
#14780128034863,customer_887@example.com,887,Customer 887,,unfulfilled,yes,USD,54.0,9.57,0.0,54.0,CHARMCITY75,9.57,FedEx Ground®,2020-12-02 11:45:37 -0500,1,Mobscenity,15.0,BGZ1140,0,BOHEMIA,NY,US,BOHEMIA,NY,US,Shopify Payments,0.0,Breaking Games,Low,web
#14780128034863,customer_887@example.com,887,Customer 887,,,,,,,,,,,,2020-12-02 11:45:37 -0500,1,Klask,39.0,BGZ110033,0,,,,,,,,,Breaking Games,,
#14740670742575,customer_888@example.com,888,Customer 888,,unfulfilled,yes,USD,54.0,13.06,3.92,57.92,,13.06,FedEx Home Delivery®,2020-12-01 01:20:21 -0500,1,Stripes,15.0,BGZ110339,0,Belmont,CA,US,Belmont,CA,US,Shopify Payments,0.0,Breaking Games,Low,web
#14740670742575,customer_888@example.com,888,Customer 888,,,,,,,,,,,,2020-12-01 01:20:21 -0500,1,Klask,39.0,BGZ110033,0,,,,,,,,,Breaking Games,,
#14699858329647,customer_889@example.com,889,Customer 889,,unfulfilled,yes,USD,26.0,10.75,0.0,36.75,,0.0,FedEx Home Delivery®,2020-11-29 16:49:21 -0500,2,MIXTAPE,13.0,BGZ110347,0,Fort Collins,CO,US,Fort Collins,CO,US,Shopify Payments,0.0,Breaking Games,Low,web
#14671921872943,customer_890@example.com,890,Customer 890,,unfulfilled,yes,USD,25.0,9.74,2.77,37.51,,0.0,Priority Mail,2020-11-28 15:26:06 -0500,1,Klask,25.0,BGZ110033,0,coatesville,PA,US,coatesville,PA,US,Shopify Payments,0.0,Breaking Games,Low,web
#14667344511023,customer_891@example.com,891,Customer 891,,unfulfilled,no,USD,45.0,13.29,0.0,58.29,,0.0,Standard Shipping,2020-11-28 11:42:31 -0500,1,POOP: Brown Bag Combo,20.0,BGZ1003,0,Whiteman AFB,MO,US,Whiteman AFB,MO,US,Shopify Payments,0.0,Breaking Games,Low,web
#14667344511023,customer_891@example.com,891,Customer 891,,,,,,,,,,,,2020-11-28 11:42:31 -0500,1,Klask,25.0,BGZ110033,0,,,,,,,,,Breaking Games,,
#14668281741359,customer_892@example.com,892,Customer 892,,unfulfilled,yes,USD,50.0,19.03,0.0,50.0,,19.03,Priority Mail,2020-11-28 12:27:53 -0500,2,Klask,25.0,BGZ110033,0,Linden,VA,US,Linden,VA,US,PayPal Express Checkout,0.0,Breaking Games,Low,web
#14645991997487,customer_893@example.com,893,Customer 893,,unfulfilled,no,USD,50.0,11.0,0.0,50.0,,11.0,FedEx Home Delivery®,2020-11-27 15:44:02 -0500,2,Klask,25.0,BGZ110033,0,Charleston,SC,US,Charleston,SC,US,Shopify Payments,0.0,Breaking Games,Low,web
#14544251224111,customer_894@example.com,894,Customer 894,,unfulfilled,no,USD,23.0,10.75,3.37,37.12,,0.0,FedEx Home Delivery®,2020-11-23 09:34:37 -0500,1,We're Doomed!,23.0,BGZ110345,0,Sammamish,WA,US,Sammamish,WA,US,Shopify Payments,0.0,Breaking Games,Low,web
#14638348959791,customer_895@example.com,895,Customer 895,,unfulfilled,no,USD,25.0,9.74,1.56,36.3,,0.0,Priority Mail,2020-11-27 09:30:44 -0500,1,Klask,25.0,BGZ110033,0,Greenfield,MA,US,Greenfield,MA,US,Shopify Payments,0.0,Breaking Games,Low,web
#14621471506479,customer_896@example.com,896,Customer 896,,unfulfilled,no,USD,50.0,38.28,0.0,50.0,,38.28,Priority Mail,2020-11-26 16:18:02 -0500,1,Shadow*Kitty,25.0,BGZ110722,0,Jefferson,OR,US,Jefferson,OR,US,Shopify Payments,0.0,Breaking Games,Low,web
#14621471506479,customer_896@example.com,896,Customer 896,,,,,,,,,,,,2020-11-26 16:18:02 -0500,1,Klask,25.0,BGZ110033,0,,,,,,,,,Breaking Games,,
#14617973456943,customer_897@example.com,897,Customer 897,,unfulfilled,no,USD,20.0,10.08,0.0,30.08,,0.0,Priority Mail,2020-11-26 12:58:30 -0500,1,Sparkle*Kitty,20.0,BGZ110378,0,San Francisco,CA,US,Menomonee Falls,WI,US,Shopify Payments,0.0,Breaking Games,Low,web
#14617197707311,customer_898@example.com,898,Customer 898,,unfulfilled,no,USD,50.0,10.75,0.0,50.0,,10.75,FedEx Home Delivery®,2020-11-26 12:17:13 -0500,2,Klask,25.0,BGZ110033,0,Bronx,NY,US,Bronx,NY,US,Shopify Payments,0.0,Breaking Games,Low,web
#14615899340847,customer_899@example.com,899,Customer 899,,unfulfilled,yes,USD,50.0,13.59,0.0,50.0,,13.59,FedEx Home Delivery®,2020-11-26 11:09:36 -0500,2,Klask,25.0,BGZ110033,0,Pembroke Pines,FL,US,Pembroke Pines,FL,US,Shopify Payments,0.0,Breaking Games,Low,web
#14592542343215,customer_900@example.com,900,Customer 900,,unfulfilled,yes,USD,39.0,19.53,4.1,62.63,,0.0,Priority Mail,2020-11-25 10:03:15 -0500,1,Klask,39.0,BGZ110033,0,Zionsville,IN,US,Carmel,IN,US,PayPal Express Checkout,0.0,Breaking Games,Low,web
#14544340615215,customer_901@example.com,901,Customer 901,,unfulfilled,yes,USD,30.0,8.84,1.99,31.99,GoPFS2020,8.84,Priority Mail,2020-11-23 09:39:58 -0500,1,Game of Phones - The Family Mini Pack,10.0,BGZ111725,0,Yardville,NJ,US,Yardville,NJ,US,PayPal Express Checkout,0.0,Breaking Games,Low,web
#14544340615215,customer_901@example.com,901,Customer 901,,,,,,,,,,,,2020-11-23 09:39:58 -0500,1,Game of Phones,20.0,BGZ110824,0,,,,,,,,,Breaking Games,,
#14506328948783,customer_902@example.com,902,Customer 902,,unfulfilled,yes,USD,39.0,9.74,3.23,51.97,,0.0,Priority Mail,2020-11-21 19:21:16 -0500,1,Klask,39.0,BGZ110033,0,Passaic,NJ,US,Passaic,NJ,US,Shopify Payments,51.97,Breaking Games,Low,web
#14420744667183,customer_903@example.com,903,Customer 903,,unfulfilled,yes,USD,15.0,9.49,0.0,24.49,,0.0,Priority Mail,2020-11-14 21:26:18 -0500,1,The Game of 49,15.0,BGZ1049,0,Hampton,NH,US,Hampton,NH,US,Shopify Payments,0.0,Breaking Games,Low,web
#14088634564655,customer_904@example.com,904,Customer 904,,unfulfilled,yes,USD,46.0,30.0,0.0,76.0,,0.0,Australia Large Package,2020-11-01 03:38:54 -0500,1,Exclusive Sparkle*Kitty Princess Palette Card,2.0,BGZ110342,0,London,,GB,Camperdown,NSW,AU,Shopify Payments,0.0,Breaking Games,Low,web
#14088634564655,customer_904@example.com,904,Customer 904,,,,,,,,,,,,2020-11-01 03:38:54 -0500,1,Sparkle*Kitty Blank Pack,8.0,BGZ110719,0,,,,,,,,,Breaking Games,,
#14088634564655,customer_904@example.com,904,Customer 904,,,,,,,,,,,,2020-11-01 03:38:54 -0500,1,Sparkle*Kitty Nights Safe Words Pack,8.0,BGZ110717,0,,,,,,,,,Breaking Games,,
#14088634564655,customer_904@example.com,904,Customer 904,,,,,,,,,,,,2020-11-01 03:38:54 -0500,1,Sparkle*Kitty Nights,20.0,BGZ110716,0,,,,,,,,,Breaking Games,,
#14088634564655,customer_904@example.com,904,Customer 904,,,,,,,,,,,,2020-11-01 03:38:54 -0500,1,Sparkle*Kitty Quantum Pack,8.0,BGZ110718,0,,,,,,,,,Breaking Games,,
#13789350264879,customer_905@example.com,905,Customer 905,,unfulfilled,yes,USD,159.99,86.32,0.0,246.31,,0.0,Priority Mail International,2020-10-20 13:34:25 -0400,1,Dwellings of Eldervale: ALL EDITIONS - $159.99 - Deluxe (Limited CROC Cover),159.99,BGZ115358,0,Coufouleux,,FR,Coufouleux,,FR,PayPal Express Checkout,246.31,Breaking Games,Low,web
#12972291293231,customer_906@example.com,906,Customer 906,,unfulfilled,yes,USD,20.0,12.31,1.45,33.76,,0.0,Priority Mail,2020-08-25 20:08:48 -0400,1,Sparkle*Kitty Nights,20.0,BGZ110716,0,APPLE VALLey,CA,US,APPLE VALLey,CA,US,Shopify Payments,0.0,Breaking Games,Low,88312
#12849530044463,customer_907@example.com,907,Customer 907,,unfulfilled,yes,USD,21.25,20.11,0.0,41.36,BGNLST15,3.75,First Class Package International,2020-08-08 01:11:03 -0400,1,Rise of Tribes - Deluxe Upgrade (Base Game Required),25.0,BGZ110348,0,Burnaby,BC,CA,Burnaby,BC,CA,Shopify Payments,0.0,Breaking Games,Low,web
#12845333839919,customer_908@example.com,908,Customer 908,,unfulfilled,no,USD,29.75,15.58,0.0,29.75,BGNLST15,20.83,Priority Mail,2020-08-07 12:46:25 -0400,1,Letter Tycoon,35.0,BGZ1055,0,Starkville,MS,US,Starkville,MS,US,PayPal Express Checkout,0.0,Breaking Games,Low,web
#12836849254447,customer_909@example.com,909,Customer 909,,unfulfilled,no,USD,42.5,25.08,0.0,67.58,BGNLST15,7.49,First Class Package International,2020-08-06 12:20:17 -0400,1,Boogie Dice - White Dice,49.99,BGZ110236,0,barcus,,FR,barcus,,FR,Shopify Payments,0.0,Breaking Games,Low,web
#12796835168303,customer_910@example.com,910,Customer 910,,unfulfilled,no,USD,30.0,9.64,3.09,33.09,,9.64,Priority Mail,2020-08-01 11:53:29 -0400,1,Sparkle*Kitty Nights,20.0,BGZ110716,0,Evergreen Park,IL,US,Evergreen Park,IL,US,Shopify Payments,0.0,Breaking Games,Low,web
#12796835168303,customer_910@example.com,910,Customer 910,,,,,,,,,,,,2020-08-01 11:53:29 -0400,1,Sparkle*Kitty Nights Safe Words Pack,8.0,BGZ110717,0,,,,,,,,,Breaking Games,,
#12796835168303,customer_910@example.com,910,Customer 910,,,,,,,,,,,,2020-08-01 11:53:29 -0400,1,Exclusive Sparkle*Kitty Princess Palette Card,2.0,BGZ110342,0,,,,,,,,,Breaking Games,,
#12786957713455,customer_911@example.com,911,Customer 911,,unfulfilled,yes,USD,20.0,8.62,1.25,21.25,,8.62,Priority Mail,2020-07-30 12:27:01 -0400,1,Sparkle*Kitty,20.0,BGZ110378,0,Boston,MA,US,Boston,MA,US,Shopify Payments,0.0,Breaking Games,Low,web
#12778366926895,customer_910@example.com,910,Customer 910,,unfulfilled,no,USD,16.0,8.58,1.64,17.64,,8.58,Priority Mail,2020-07-28 10:34:43 -0400,1,Sparkle*Kitty Adventure Pack,8.0,BGZ110354,0,Evergreen Park,IL,US,Evergreen Park,IL,US,Shopify Payments,0.0,Breaking Games,Low,web
#12778366926895,customer_910@example.com,910,Customer 910,,,,,,,,,,,,2020-07-28 10:34:43 -0400,1,Sparkle*Kitty Quantum Pack,8.0,BGZ110718,0,,,,,,,,,Breaking Games,,
#12744794570799,customer_912@example.com,912,Customer 912,,unfulfilled,no,USD,35.0,9.05,2.19,37.19,,9.05,Priority Mail,2020-07-19 18:50:41 -0400,1,We're Doomed!,35.0,BGZ110345,0,Waltham,MA,US,Waltham,MA,US,PayPal Express Checkout,0.0,Breaking Games,Low,580111
#12521054732335,customer_913@example.com,913,Customer 913,,unfulfilled,yes,USD,25.0,0.0,0.0,25.0,,0.0,Free Shipping for Orders Over $20,2020-05-27 20:41:20 -0400,1,Can't Catch Harry from The Odd 1s Out,25.0,BGZ110690,0,LOGAN,OH,US,LOGAN,OH,US,Shopify Payments,0.0,Breaking Games,Low,web
#12520544141359,customer_914@example.com,914,Customer 914,,unfulfilled,yes,USD,105.0,0.0,0.0,105.0,CHARMCITY75,0.0,Free Shipping for Orders Over $20,2020-05-27 18:49:18 -0400,3,Klask,35.0,BGZ110033,0,Aztec,NM,US,Aztec,NM,US,PayPal Express Checkout,0.0,Breaking Games,Low,web
#12471455744047,customer_915@example.com,915,Customer 915,,unfulfilled,no,USD,35.0,12.64,0.0,47.64,,0.0,Priority Mail,2020-05-16 17:18:33 -0400,1,Klask,35.0,BGZ110033,0,Tulsa,OK,US,Dover,OH,US,Shopify Payments,0.0,Breaking Games,Low,web
#12441578438703,customer_916@example.com,916,Customer 916,,unfulfilled,yes,USD,30.0,0.0,0.31,30.31,,0.0,Free Shipping,2020-05-09 20:19:24 -0400,1,Billionaire Banshee: Sexy Foil Pack,5.0,BGZ110046,0,Everett,MA,US,Everett,MA,US,Shopify Payments,0.0,Breaking Games,Low,580111
#12441578438703,customer_916@example.com,916,Customer 916,,,,,,,,,,,,2020-05-09 20:19:24 -0400,1,Billionaire Banshee,25.0,BGZ1549,0,,,,,,,,,Breaking Games,,
#12432828432431,customer_917@example.com,917,Customer 917,,unfulfilled,no,USD,95.0,0.0,9.74,104.74,,0.0,Free Shipping for Orders Over $60,2020-05-07 17:33:07 -0400,1,Expancity,60.0,BGZ110192,0,Antioch,IL,US,Antioch,IL,US,Shopify Payments,0.0,Breaking Games,Low,web
#12432828432431,customer_917@example.com,917,Customer 917,,,,,,,,,,,,2020-05-07 17:33:07 -0400,1,We're Doomed!,35.0,BGZ110345,0,,,,,,,,,Breaking Games LLC,,
#12423855112239,customer_918@example.com,918,Customer 918,,unfulfilled,yes,USD,58.0,0.0,0.0,58.0,,0.0,Free Shipping,2020-05-05 18:47:50 -0400,1,Sparkle*Kitty,20.0,BGZ110378,0,Eagle River,AK,US,Eagle River,AK,US,PayPal Express Checkout,0.0,Breaking Games,Low,88312
#12423855112239,customer_918@example.com,918,Customer 918,,,,,,,,,,,,2020-05-05 18:47:50 -0400,1,Sparkle*Kitty Quantum Pack,8.0,BGZ110718,0,,,,,,,,,Breaking Games,,
#12423855112239,customer_918@example.com,918,Customer 918,,,,,,,,,,,,2020-05-05 18:47:50 -0400,1,Exclusive Sparkle*Kitty Princess Palette Card,2.0,BGZ110342,0,,,,,,,,,Breaking Games,,
#12423855112239,customer_918@example.com,918,Customer 918,,,,,,,,,,,,2020-05-05 18:47:50 -0400,1,Sparkle*Kitty Nights,20.0,BGZ110716,0,,,,,,,,,Breaking Games,,
#12423855112239,customer_918@example.com,918,Customer 918,,,,,,,,,,,,2020-05-05 18:47:50 -0400,1,Sparkle*Kitty Nights Safe Words Pack,8.0,BGZ110717,0,,,,,,,,,Breaking Games,,
#12396093964335,customer_919@example.com,919,Customer 919,,unfulfilled,no,USD,20.0,0.0,0.0,20.0,,0.0,Free Shipping,2020-04-29 12:17:05 -0400,1,MIXTAPE,20.0,BGZ110347,0,Baltimore,MD,US,Baltimore,MD,US,Shopify Payments,0.0,Breaking Games,Low,web
#12319673155631,customer_920@example.com,920,Customer 920,,unfulfilled,no,USD,49.99,0.0,0.0,49.99,,0.0,Free Shipping,2020-04-12 21:49:55 -0400,1,Boogie Dice - White Dice,49.99,BGZ110236,0,Battle Creek,MI,US,Battle Creek,MI,US,PayPal Express Checkout,0.0,Breaking Games,Low,web
#12314151321647,customer_921@example.com,921,Customer 921,,unfulfilled,yes,USD,10.0,14.89,0.0,24.89,,0.0,First Class Package International,2020-04-11 10:51:18 -0400,1,Exclusive Sparkle*Kitty Princess Palette Card,2.0,BGZ110342,0,Gosport,,GB,Fareham,,GB,Shopify Payments,0.0,Breaking Games,Low,web
#12314151321647,customer_921@example.com,921,Customer 921,,,,,,,,,,,,2020-04-11 10:51:18 -0400,1,Sparkle*Kitty Quantum Pack,8.0,BGZ110718,0,,,,,,,,,Breaking Games,,
#12302797144111,customer_922@example.com,922,Customer 922,,unfulfilled,yes,USD,28.0,0.0,0.0,28.0,,0.0,Free Shipping,2020-04-08 13:22:25 -0400,1,Game of Phones - Offline Mini Pack,8.0,BGZ110894,0,Louisville,KY,US,LOUISVILLE,KY,US,Shopify Payments,0.0,Breaking Games LLC,Low,web
#12302797144111,customer_922@example.com,922,Customer 922,,,,,,,,,,,,2020-04-08 13:22:25 -0400,1,Game of Phones,20.0,BGZ110824,0,,,,,,,,,Breaking Games,,
#12238552399919,customer_923@example.com,923,Customer 923,,unfulfilled,yes,USD,70.0,0.0,0.0,70.0,,0.0,Free Shipping for Orders Over $60,2020-03-22 12:10:13 -0400,2,We're Doomed!,35.0,BGZ110345,0,Burlington,NC,US,Burlington,NC,US,Shopify Payments,70.0,Breaking Games LLC,Low,web
#12214144794671,customer_924@example.com,924,Customer 924,,unfulfilled,yes,USD,75.0,0.0,0.0,75.0,,0.0,Free Shipping for Orders Over $60,2020-03-13 19:35:29 -0400,1,The King's Abbey *KickStarter Limited Edition,75.0,BGZ1352,0,middleburg,FL,US,middleburg,FL,US,Shopify Payments,0.0,Breaking Games,Low,580111
#12196409901103,customer_925@example.com,925,Customer 925,,unfulfilled,yes,USD,28.0,8.78,3.04,39.82,,0.0,Priority Mail,2020-03-06 12:32:32 -0500,1,Game of Phones,20.0,BGZ110824,0,Coppell,TX,US,Coppell,TX,US,Shopify Payments,0.0,Breaking Games,Low,web
#12196409901103,customer_925@example.com,925,Customer 925,,,,,,,,,,,,2020-03-06 12:32:32 -0500,1,Game of Phones - Offline Mini Pack,8.0,BGZ110894,0,,,,,,,,,Breaking Games LLC,,
#12157773086767,customer_926@example.com,926,Customer 926,,unfulfilled,yes,USD,35.0,9.05,0.0,44.05,,0.0,Priority Mail,2020-02-23 17:19:52 -0500,1,We're Doomed!,35.0,BGZ110345,0,Burlington,VT,US,Burlington,VT,US,Shopify Payments,0.0,Breaking Games LLC,Low,web
#12108004622383,customer_927@example.com,927,Customer 927,,unfulfilled,yes,USD,15.0,8.62,0.0,23.62,,0.0,Priority Mail,2020-02-04 14:07:23 -0500,1,The Game of 49,15.0,BGZ1049,0,Levittown,NY,US,Levittown,NY,US,Shopify Payments,0.0,Breaking Games,Low,web
#12077630783535,customer_928@example.com,928,Customer 928,,unfulfilled,yes,USD,35.0,9.05,2.19,46.24,,0.0,Priority Mail,2020-01-27 16:26:30 -0500,1,We're Doomed!,35.0,BGZ110345,0,Allston,MA,US,Allston,MA,US,Shopify Payments,0.0,Breaking Games LLC,Low,web
#12041686450223,customer_929@example.com,929,Customer 929,,unfulfilled,yes,USD,25.0,8.67,0.0,33.67,,0.0,Priority Mail,2020-01-14 07:35:22 -0500,1,Rise of Tribes - Deluxe Upgrade (Base Game Required),25.0,BGZ110348,0,Lancaster,KY,US,Lancaster,KY,US,Shopify Payments,0.0,Breaking Games LLC,Low,web
#12025927761967,customer_930@example.com,930,Customer 930,,unfulfilled,no,USD,35.0,8.79,2.19,45.98,,0.0,Priority Mail,2020-01-08 09:40:55 -0500,1,We're Doomed!,35.0,BGZ110345,0,Medford,MA,US,Medford,MA,US,Shopify Payments,0.0,Breaking Games LLC,Low,web
#11980604702767,customer_931@example.com,931,Customer 931,,unfulfilled,yes,USD,35.0,8.37,3.47,46.84,,0.0,Priority Mail,2019-12-22 09:08:14 -0500,1,We're Doomed!,35.0,BGZ110345,0,Reading,PA,US,Mohrsville,PA,US,Shopify Payments,0.0,Breaking Games LLC,Low,web
#11973675778095,customer_932@example.com,932,Customer 932,,unfulfilled,no,USD,20.0,8.67,0.0,28.67,,0.0,Priority Mail,2019-12-19 16:21:07 -0500,1,GAME of PHONES,20.0,BGZ110229,0,Winston Salem,NC,US,Winston Salem,NC,US,Shopify Payments,0.0,Breaking Games,Low,web
#11966684758063,customer_933@example.com,933,Customer 933,,unfulfilled,no,USD,35.0,16.81,0.0,51.81,,0.0,Priority Mail,2019-12-17 22:23:39 -0500,1,We're Doomed!,35.0,BGZ110345,0,Provo,UT,US,Morgan,UT,US,Shopify Payments,16.81,Breaking Games LLC,Low,web
#11957360033839,customer_934@example.com,934,Customer 934,,unfulfilled,yes,USD,35.0,16.81,2.54,54.35,,0.0,Priority Mail,2019-12-15 18:08:33 -0500,1,We're Doomed!,35.0,BGZ110345,0,San JOse,CA,US,San JOse,CA,US,Shopify Payments,0.0,Breaking Games LLC,Low,web
#11953925783599,customer_935@example.com,935,Customer 935,,unfulfilled,yes,USD,35.0,16.81,2.54,54.35,,0.0,Priority Mail,2019-12-14 21:14:52 -0500,1,We're Doomed!,35.0,BGZ110345,0,Mountain View,CA,US,Mountain View,CA,US,PayPal Express Checkout,0.0,Breaking Games LLC,Low,web
#11953437966383,customer_936@example.com,936,Customer 936,,unfulfilled,yes,USD,35.0,8.79,2.19,45.98,,0.0,Priority Mail,2019-12-14 17:54:45 -0500,1,We're Doomed!,35.0,BGZ110345,0,Lawrence,MA,US,Lawrence,MA,US,Shopify Payments,0.0,Breaking Games LLC,Low,web
#11947357667375,customer_937@example.com,937,Customer 937,,unfulfilled,no,USD,35.0,8.37,2.87,46.24,,0.0,Priority Mail,2019-12-13 08:12:29 -0500,1,We're Doomed!,35.0,BGZ110345,0,Lumberton,NJ,US,Lumberton,NJ,US,Shopify Payments,0.0,Breaking Games LLC,Low,web
#11940127670319,customer_938@example.com,938,Customer 938,,unfulfilled,yes,USD,20.0,9.35,0.0,29.35,,0.0,Priority Mail,2019-12-11 11:03:29 -0500,1,GAME of PHONES,20.0,BGZ110229,0,St Cloud,FL,US,St Cloud,FL,US,PayPal Express Checkout,0.0,Breaking Games,Low,web
#11935715295279,customer_939@example.com,939,Customer 939,,unfulfilled,yes,USD,70.0,0.0,0.0,70.0,,0.0,Free Shipping for Orders Over $60,2019-12-09 22:03:56 -0500,1,Master Thief,20.0,BGZ110253,0,Takoma Park,MD,US,Canton,CT,US,PayPal Express Checkout,0.0,Breaking Games,Low,web
#11935715295279,customer_939@example.com,939,Customer 939,,,,,,,,,,,,2019-12-09 22:03:56 -0500,1,The Stars Align,15.0,BGZ110453,0,,,,,,,,,Breaking Games LLC,,
#11935715295279,customer_939@example.com,939,Customer 939,,,,,,,,,,,,2019-12-09 22:03:56 -0500,1,We're Doomed!,35.0,BGZ110345,0,,,,,,,,,Breaking Games LLC,,
#11932737175599,customer_940@example.com,940,Customer 940,,unfulfilled,yes,USD,10.0,8.24,0.0,18.24,,0.0,Priority Mail,2019-12-08 21:42:32 -0500,1,The Game Based on the Mandela Effect,10.0,BGZ110764,0,Lake orion,MI,US,Lake orion,MI,US,Shopify Payments,0.0,Breaking Games,Low,web
#11929207996463,customer_941@example.com,941,Customer 941,,unfulfilled,yes,USD,15.0,8.42,0.0,23.42,,0.0,Priority Mail,2019-12-07 17:19:17 -0500,1,The Stars Align,15.0,BGZ110453,0,MIDDLEBURG,FL,US,MIDDLEBURG,FL,US,Shopify Payments,0.0,Breaking Games LLC,Low,web
#12588569952303,customer_942@example.com,942,Customer 942,,unfulfilled,yes,USD,34.0,26.97,2.47,36.47,CHARMCITY75,56.97,Priority Mail,2020-06-13 05:28:59 -0400,1,Boomtown Bandits,24.0,BGZ1220,0,Los Angeles,CA,US,Los Angeles,CA,US,Shopify Payments,0.0,Breaking Games,Low,web
#12588569952303,customer_942@example.com,942,Customer 942,,,,,,,,,,,,2020-06-13 05:28:59 -0400,1,Charm City Blues,40.0,BGZ110024,0,,,,,,,,,Breaking Games,,
#12582417858607,customer_943@example.com,943,Customer 943,,unfulfilled,yes,USD,15.0,13.37,0.0,15.0,,13.37,Priority Mail,2020-06-11 18:20:52 -0400,1,The Game of 49,15.0,BGZ1049,0,Hialeah,FL,US,Hialeah,FL,US,Shopify Payments,0.0,Breaking Games,Low,web
#11901184475183,customer_944@example.com,944,Customer 944,,unfulfilled,yes,USD,63.2,0.0,0.0,63.2,BFCMBG19,15.8,Free Shipping for Orders Over $60,2019-11-30 21:22:42 -0500,1,Pairs: Wild West (BLUE DECK),10.0,BGZ1340,0,West Jordan,UT,US,West Jordan,UT,US,PayPal Express Checkout,0.0,Breaking Games,Low,web
#11901184475183,customer_944@example.com,944,Customer 944,,,,,,,,,,,,2019-11-30 21:22:42 -0500,1,The Game of 49,20.0,BGZ1049,0,,,,,,,,,Breaking Games,,
#11901184475183,customer_944@example.com,944,Customer 944,,,,,,,,,,,,2019-11-30 21:22:42 -0500,1,Boomtown Bandits,24.0,BGZ1220,0,,,,,,,,,Breaking Games,,
#11901184475183,customer_944@example.com,944,Customer 944,,,,,,,,,,,,2019-11-30 21:22:42 -0500,1,Rise of Tribes - Deluxe Upgrade (Base Game Required),25.0,BGZ110348,0,,,,,,,,,Breaking Games LLC,,
#11895666901039,customer_945@example.com,945,Customer 945,,unfulfilled,yes,USD,8.0,8.24,0.0,16.24,BFCMBG19,2.0,Priority Mail,2019-11-29 19:54:13 -0500,1,Exclusive Sparkle*Kitty Princess Palette Card,2.0,BGZ110342,0,Royal Oak,MI,US,Royal Oak,MI,US,PayPal Express Checkout,0.0,Breaking Games,Low,web
#11895666901039,customer_945@example.com,945,Customer 945,,,,,,,,,,,,2019-11-29 19:54:13 -0500,1,Sparkle*Kitty Quantum Pack,8.0,BGZ110718,0,,,,,,,,,Breaking Games,,
#11892595294255,customer_946@example.com,946,Customer 946,,unfulfilled,no,USD,70.0,0.0,5.08,75.08,,0.0,Free Shipping for Orders Over $60,2019-11-29 13:02:52 -0500,2,We're Doomed!,35.0,BGZ110345,0,San Francisco,CA,US,San Francisco,CA,US,Shopify Payments,0.0,Breaking Games LLC,Low,web
#11884154880047,customer_947@example.com,947,Customer 947,,unfulfilled,no,USD,20.0,8.42,0.0,28.42,,0.0,Priority Mail,2019-11-28 14:14:50 -0500,1,Swear Jar,20.0,BGZ110761,0,Fernandina Beach,FL,US,Fernandina Beach,FL,US,Shopify Payments,0.0,Breaking Games,Low,web
#11882896949295,customer_948@example.com,948,Customer 948,,unfulfilled,no,USD,36.0,48.22,0.0,84.22,BFCMBG19,9.0,Priority Mail International,2019-11-28 10:58:50 -0500,1,POOP: The Game - The Ultimate Pile Bundle,45.0,BGZ110963,0,CDMX,DF,MX,CDMX,DF,MX,Shopify Payments,0.0,Breaking Games LLC,Low,web
#11833496993839,customer_949@example.com,949,Customer 949,,unfulfilled,yes,USD,20.0,8.16,0.0,28.16,,0.0,Priority Mail,2019-11-15 20:53:07 -0500,1,GAME of PHONES,20.0,BGZ110229,0,baltimore,MD,US,baltimore,MD,US,Shopify Payments,0.0,Breaking Games,Low,web
#11605914189871,customer_950@example.com,950,Customer 950,,unfulfilled,yes,USD,60.0,0.0,4.2,64.2,,0.0,Free Shipping for Orders Over $60,2019-10-16 12:37:08 -0400,2,Sudden Dozen,6.0,BGZ1351,0,Indianapolis,IN,US,Indianapolis,IN,US,Shopify Payments,0.0,Breaking Games,Low,web
#11605914189871,customer_950@example.com,950,Customer 950,,,,,,,,,,,,2019-10-16 12:37:08 -0400,1,Sparkle*Kitty Nights Safe Words Pack,8.0,BGZ110717,0,,,,,,,,,Breaking Games,,
#11605914189871,customer_950@example.com,950,Customer 950,,,,,,,,,,,,2019-10-16 12:37:08 -0400,1,Sparkle*Kitty Nights,20.0,BGZ110716,0,,,,,,,,,Breaking Games,,
#11605914189871,customer_950@example.com,950,Customer 950,,,,,,,,,,,,2019-10-16 12:37:08 -0400,1,Sparkle*Kitty,20.0,BGZ110378,0,,,,,,,,,Breaking Games,,
#11562908155951,customer_951@example.com,951,Customer 951,,unfulfilled,no,USD,28.0,8.37,0.0,36.37,,0.0,Priority Mail,2019-10-13 13:28:37 -0400,1,Sparkle*Kitty Nights Safe Words Pack,8.0,BGZ110717,0,Syracuse,NY,US,Syracuse,NY,US,Shopify Payments,0.0,Breaking Games,Low,web
#11562908155951,customer_951@example.com,951,Customer 951,,,,,,,,,,,,2019-10-13 13:28:37 -0400,1,Sparkle*Kitty Nights,20.0,BGZ110716,0,,,,,,,,,Breaking Games,,
#11333752815663,customer_952@example.com,952,Customer 952,,unfulfilled,yes,USD,61.0,0.0,0.0,61.0,,0.0,Free Shipping for Orders Over $60,2019-10-09 11:06:45 -0400,1,Exclusive Sparkle*Kitty Princess Palette Card,2.0,BGZ110342,0,Farmington,ME,US,Farmington,ME,US,Shopify Payments,0.0,Breaking Games,Low,web
#11333752815663,customer_952@example.com,952,Customer 952,,,,,,,,,,,,2019-10-09 11:06:45 -0400,1,Pocket Dungeon Quest,25.0,BGZ110228,0,,,,,,,,,Breaking Games,,
#11333752815663,customer_952@example.com,952,Customer 952,,,,,,,,,,,,2019-10-09 11:06:45 -0400,1,Pocket Dungeon Quest: Don't Go Alone Expansion,10.0,BGZ110138,0,,,,,,,,,Breaking Games,,
#11333752815663,customer_952@example.com,952,Customer 952,,,,,,,,,,,,2019-10-09 11:06:45 -0400,1,Sparkle*Kitty Blank Pack,8.0,BGZ110719,0,,,,,,,,,Breaking Games,,
#11333752815663,customer_952@example.com,952,Customer 952,,,,,,,,,,,,2019-10-09 11:06:45 -0400,2,Sparkle*Kitty Quantum Pack,8.0,BGZ110718,0,,,,,,,,,Breaking Games,,
#11332192731183,customer_953@example.com,953,Customer 953,,unfulfilled,yes,USD,75.0,8.67,5.86,89.53,,0.0,Priority Mail,2019-10-08 21:11:41 -0400,5,The Stars Align,15.0,BGZ110453,0,Indianapolis,IN,US,Berne,IN,US,Shopify Payments,0.0,Breaking Games LLC,Low,web
#9875924189231,customer_954@example.com,954,Customer 954,,unfulfilled,no,USD,35.0,9.17,0.0,35.0,WDFREESHIP,9.17,Priority Mail,2019-09-16 10:29:43 -0400,1,We're Doomed!,35.0,BGZ110345,0,Shelby Charter Twp.,MI,US,Shelby Charter Twp.,MI,US,PayPal Express Checkout,0.0,Breaking Games LLC,Low,web
#4738539651119,customer_955@example.com,955,Customer 955,,unfulfilled,yes,USD,20.0,8.42,1.99,30.41,,0.0,Priority Mail,2019-08-30 23:49:28 -0400,2,Sparkle*Kitty Adventure Pack,8.0,BGZ110354,0,Fort Branch,IN,US,Fort Branch,IN,US,PayPal Express Checkout,0.0,Breaking Games,Low,580111
#4738539651119,customer_955@example.com,955,Customer 955,,,,,,,,,,,,2019-08-30 23:49:28 -0400,2,Exclusive Sparkle*Kitty Princess Palette Card,2.0,BGZ110342,0,,,,,,,,,Breaking Games,,
#4714673405999,customer_956@example.com,956,Customer 956,,unfulfilled,yes,USD,10.0,7.65,1.17,18.82,,0.0,Priority Mail,2019-08-24 12:12:16 -0400,1,POOP - CACA: El Juego,10.0,BGZ1004,0,Carteret,NJ,US,Carteret,NJ,US,Shopify Payments,0.0,Breaking Games,Low,web
#4704342605871,customer_957@example.com,957,Customer 957,,unfulfilled,yes,USD,35.0,10.19,2.45,37.45,WDFREESHIP,10.19,Priority Mail,2019-08-21 13:18:11 -0400,1,We're Doomed!,35.0,BGZ110345,0,Zionsville,IN,US,Zionsville,IN,US,Shopify Payments,0.0,Breaking Games LLC,Low,web
#4666445365295,customer_958@example.com,958,Customer 958,,unfulfilled,no,USD,28.0,11.25,0.0,39.25,,0.0,Priority Mail,2019-08-10 23:51:41 -0400,1,Sparkle*Kitty Nights,20.0,BGZ110716,0,Lakewood,CO,US,Lakewood,CO,US,Shopify Payments,0.0,Breaking Games,Low,web
#4666445365295,customer_958@example.com,958,Customer 958,,,,,,,,,,,,2019-08-10 23:51:41 -0400,1,Sparkle*Kitty Nights Safe Words Pack,8.0,BGZ110717,0,,,,,,,,,Breaking Games,,
#4569682968623,customer_959@example.com,959,Customer 959,,unfulfilled,yes,USD,20.0,20.0,0.0,40.0,,0.0,Australia Medium Package,2019-07-16 19:49:14 -0400,1,POOP: Public Restroom Edition Mini Bag Edition,10.0,BGZ110679,0,RICHMOND,VIC,AU,RICHMOND,VIC,AU,PayPal Express Checkout,0.0,Breaking Games,Low,web
#4569682968623,customer_959@example.com,959,Customer 959,,,,,,,,,,,,2019-07-16 19:49:14 -0400,1,POOP: Kawaii Edition (Japanese/English),10.0,BGZ110343,0,,,,,,,,,Breaking Games,,
#4559903326255,customer_960@example.com,960,Customer 960,,unfulfilled,yes,USD,36.0,8.67,0.0,44.67,,0.0,Priority Mail,2019-07-14 23:33:03 -0400,1,Sparkle*Kitty Quantum Pack,8.0,BGZ110718,0,fairlawn,OH,US,fairlawn,OH,US,Shopify Payments,8.67,Breaking Games,Low,web
#4559903326255,customer_960@example.com,960,Customer 960,,,,,,,,,,,,2019-07-14 23:33:03 -0400,1,Sparkle*Kitty Blank Pack,8.0,BGZ110719,0,,,,,,,,,Breaking Games,,
#4559903326255,customer_960@example.com,960,Customer 960,,,,,,,,,,,,2019-07-14 23:33:03 -0400,1,Sparkle*Kitty Nights,20.0,BGZ110716,0,,,,,,,,,Breaking Games,,
#4526187249711,customer_961@example.com,961,Customer 961,,unfulfilled,yes,USD,29.0,8.42,0.0,37.42,,0.0,Priority Mail,2019-07-06 16:26:35 -0400,1,Sparkle*Kitty Quantum Pack,8.0,BGZ110718,0,milwaukee,WI,US,milwaukee,WI,US,Shopify Payments,0.0,Breaking Games,Low,web
#4526187249711,customer_961@example.com,961,Customer 961,,,,,,,,,,,,2019-07-06 16:26:35 -0400,1,Sparkle*Kitty Adventure Pack,8.0,BGZ110354,0,,,,,,,,,Breaking Games,,
#4526187249711,customer_961@example.com,961,Customer 961,,,,,,,,,,,,2019-07-06 16:26:35 -0400,1,Sparkle*Kitty Team Play Tokens Pack,5.0,BGZ110720,0,,,,,,,,,Breaking Games,,
#4526187249711,customer_961@example.com,961,Customer 961,,,,,,,,,,,,2019-07-06 16:26:35 -0400,1,Sparkle*Kitty Nights Safe Words Pack,8.0,BGZ110717,0,,,,,,,,,Breaking Games,,
#4390209880111,customer_962@example.com,962,Customer 962,,unfulfilled,yes,USD,130.0,73.9,0.0,203.9,,0.0,Priority Mail International,2019-06-05 02:23:34 -0400,1,It Dies With Me,25.0,BGZ110356,0,Hvidovre,,DK,Hvidovre,,DK,Shopify Payments,0.0,Breaking Games LLC,Low,web
#4390209880111,customer_962@example.com,962,Customer 962,,,,,,,,,,,,2019-06-05 02:23:34 -0400,1,Stripes,15.0,BGZ110339,0,,,,,,,,,Breaking Games,,
#4390209880111,customer_962@example.com,962,Customer 962,,,,,,,,,,,,2019-06-05 02:23:34 -0400,1,Top That Toast,20.0,BGZ1366,0,,,,,,,,,Breaking Games,,
#4390209880111,customer_962@example.com,962,Customer 962,,,,,,,,,,,,2019-06-05 02:23:34 -0400,1,MIXTAPE,20.0,BGZ110347,0,,,,,,,,,Breaking Games,,
#4390209880111,customer_962@example.com,962,Customer 962,,,,,,,,,,,,2019-06-05 02:23:34 -0400,1,The Stars Align,15.0,BGZ110453,0,,,,,,,,,Breaking Games LLC,,
#4390209880111,customer_962@example.com,962,Customer 962,,,,,,,,,,,,2019-06-05 02:23:34 -0400,1,We're Doomed!,35.0,BGZ110345,0,,,,,,,,,Breaking Games LLC,,
#4329502277679,customer_963@example.com,963,Customer 963,,unfulfilled,no,USD,35.0,9.17,0.0,44.17,,0.0,Priority Mail,2019-05-21 12:01:43 -0400,1,We're Doomed!,35.0,BGZ110345,0,HUNTERSVILLE,NC,US,HUNTERSVILLE,NC,US,Shopify Payments,0.0,Breaking Games LLC,Low,web
#4322870001711,customer_964@example.com,964,Customer 964,,unfulfilled,no,USD,35.0,8.37,2.87,46.24,,0.0,Priority Mail,2019-05-19 01:31:30 -0400,1,We're Doomed!,35.0,BGZ110345,0,EGG HARBOR TOWNSHIP,NJ,US,EGG HARBOR TOWNSHIP,NJ,US,Shopify Payments,0.0,Breaking Games LLC,Low,web
#4277226569775,customer_965@example.com,965,Customer 965,,unfulfilled,yes,USD,20.0,10.67,0.0,30.67,,0.0,Priority Mail,2019-05-03 09:59:23 -0400,1,GAME of PHONES,20.0,BGZ110229,0,CHESAPEAKE,VA,US,Miami,FL,US,Shopify Payments,0.0,Breaking Games,Low,web
#4171993972783,customer_966@example.com,966,Customer 966,,unfulfilled,no,USD,35.0,16.81,2.54,54.35,,0.0,Priority Mail,2019-04-01 14:30:13 -0400,1,We're Doomed!,35.0,BGZ110345,0,Hayward,CA,US,Berkeley,CA,US,Shopify Payments,0.0,Breaking Games LLC,Low,web
#4160762642479,customer_967@example.com,967,Customer 967,,unfulfilled,yes,USD,31.5,16.81,2.28,50.59,TAKE10NOW,3.5,Priority Mail,2019-03-28 20:00:28 -0400,1,We're Doomed!,35.0,BGZ110345,0,san jose,CA,US,san jose,CA,US,PayPal Express Checkout,0.0,Breaking Games LLC,Low,web
#4022992633903,customer_968@example.com,968,Customer 968,,unfulfilled,yes,USD,60.0,66.07,0.0,126.07,,0.0,Priority Mail International,2019-02-13 11:29:57 -0500,1,Mobscenity: Dirty Word Deck,10.0,BGZ1141,0,Singapore,,SG,Singapore,,SG,Shopify Payments,0.0,Breaking Games,Low,web
#4022992633903,customer_968@example.com,968,Customer 968,,,,,,,,,,,,2019-02-13 11:29:57 -0500,1,Mobscenity,15.0,BGZ1140,0,,,,,,,,,Breaking Games,,
#4022992633903,customer_968@example.com,968,Customer 968,,,,,,,,,,,,2019-02-13 11:29:57 -0500,1,Keep Calm: Expansion One,10.0,BGZ110101,0,,,,,,,,,Breaking Games,,
#4022992633903,customer_968@example.com,968,Customer 968,,,,,,,,,,,,2019-02-13 11:29:57 -0500,1,Keep Calm,25.0,BGZ110226,0,,,,,,,,,Breaking Games,,
#4018001608751,customer_969@example.com,969,Customer 969,,unfulfilled,yes,USD,15.0,8.6,0.0,23.6,,0.0,Priority Mail,2019-02-10 21:20:27 -0500,1,The Stars Align,15.0,BGZ110453,0,St Cloud,MN,US,St Cloud,MN,US,Shopify Payments,0.0,Breaking Games LLC,Low,web
#3970429943855,customer_970@example.com,970,Customer 970,,unfulfilled,yes,USD,50.0,8.48,0.0,58.48,,0.0,Priority Mail,2019-01-26 17:38:02 -0500,1,Rise of Tribes - Standard Edition,50.0,BGZ110288,0,Brooklyn,NY,US,Brooklyn,NY,US,Shopify Payments,0.0,Breaking Games LLC,Low,web
#3871044042799,customer_971@example.com,971,Customer 971,,unfulfilled,no,USD,10.0,7.47,0.0,17.47,,0.0,Priority Mail,2018-12-18 17:36:37 -0500,1,POOP: The Game,10.0,BGZ1001,0,Bowie,MD,US,Bowie,MD,US,Shopify Payments,0.0,Breaking Games,Low,web
#3856999284783,customer_972@example.com,972,Customer 972,,unfulfilled,yes,USD,48.0,8.59,0.0,56.59,LCTWENTY,12.0,Priority Mail,2018-12-13 09:28:49 -0500,1,Expancity,60.0,BGZ110192,0,Hollis,NH,US,Hollis,NH,US,Shopify Payments,0.0,Breaking Games,Low,web
#3832901959727,customer_973@example.com,973,Customer 973,,unfulfilled,yes,USD,60.0,11.03,7.28,78.31,,0.0,Priority Mail,2018-12-03 22:01:39 -0500,1,Expancity,60.0,BGZ110192,0,Algonquin,IL,US,Algonquin,IL,US,Shopify Payments,0.0,Breaking Games,Low,web
#3817410396207,customer_974@example.com,974,Customer 974,,unfulfilled,yes,USD,25.0,10.11,0.0,35.11,,0.0,Priority Mail,2018-11-27 10:23:29 -0500,1,Trellis (PRE-ORDER),25.0,BGZ110039,0,Lenexa,KS,US,Lenexa,KS,US,Shopify Payments,0.0,Breaking Games,Low,web
#3792416342063,customer_975@example.com,975,Customer 975,,unfulfilled,yes,USD,25.0,11.53,0.0,36.53,BFCM18BG,0.0,Priority Mail,2018-11-22 13:05:52 -0500,1,Trellis (PRE-ORDER),25.0,BGZ110039,0,Walnut Creek,CA,US,Walnut Creek,CA,US,PayPal Express Checkout,0.0,Breaking Games,Low,web
#3788703760431,customer_976@example.com,976,Customer 976,,unfulfilled,no,USD,32.0,12.98,3.71,48.69,BFCM18BG,8.0,Priority Mail,2018-11-21 11:48:36 -0500,2,MIXTAPE,20.0,BGZ110347,0,Lewisville,TX,US,Lewisville,TX,US,PayPal Express Checkout,0.0,Breaking Games,Low,web
#3768053170223,customer_977@example.com,977,Customer 977,,unfulfilled,no,USD,25.0,3.5,1.81,30.31,,0.0,First Class Package,2018-11-12 10:25:16 -0500,5,GAME of PHONES: Expansion 001 Creative Pack,5.0,BGZ110285,0,Rocklin,CA,US,Rocklin,CA,US,PayPal Express Checkout,0.0,Breaking Games,Low,web
#3593816670255,customer_978@example.com,978,Customer 978,,unfulfilled,yes,USD,45.0,11.03,0.0,56.03,EXPSAVE25,15.0,Priority Mail,2018-08-31 16:20:57 -0400,1,Expancity,60.0,BGZ110192,0,Waverly,IA,US,Waverly,IA,US,PayPal Express Checkout,0.0,Breaking Games,Low,web
#3566526660655,customer_979@example.com,979,Customer 979,,unfulfilled,no,USD,25.0,8.7,2.36,36.06,,0.0,Priority Mail,2018-08-21 00:02:53 -0400,1,Rise of Tribes - Deluxe Upgrade (Base Game Required),25.0,BGZ110348,0,Indianapolis,IN,US,Indianapolis,IN,US,Shopify Payments,0.0,Breaking Games LLC,Low,web
#3543608098863,customer_980@example.com,980,Customer 980,,unfulfilled,yes,USD,5.0,24.56,0.0,29.56,,0.0,First Class Package International,2018-08-12 10:44:21 -0400,1,Asking For Trobils : RIFF RAFF CARDS,5.0,BGZ110346,0,Saint-Vincent,,BE,Saint-Vincent,,BE,PayPal Express Checkout,0.0,Breaking Games,Low,web
#3521122959407,customer_981@example.com,981,Customer 981,,unfulfilled,yes,USD,18.0,8.7,2.73,29.43,SK10,2.0,Priority Mail,2018-08-05 00:21:21 -0400,1,Sparkle*Kitty,20.0,BGZ110219,0,Skokie,IL,US,Skokie,IL,US,Shopify Payments,0.0,Breaking Games,Low,web
#3520151715887,customer_982@example.com,982,Customer 982,,unfulfilled,yes,USD,45.0,11.03,0.0,56.03,EXPSAVE25,15.0,Priority Mail,2018-08-04 17:17:51 -0400,1,Expancity,60.0,BGZ110192,0,SAINT LOUIS,MO,US,SAINT LOUIS,MO,US,Shopify Payments,0.0,Breaking Games,Low,web
#3520128090159,customer_983@example.com,983,Customer 983,,unfulfilled,no,USD,45.0,11.36,3.95,60.31,EXPSAVE25,15.0,Priority Mail,2018-08-04 17:07:49 -0400,1,Expancity,60.0,BGZ110192,0,Indianapolis,IN,US,Indianapolis,IN,US,Shopify Payments,0.0,Breaking Games,Low,web
#3519514542127,customer_984@example.com,984,Customer 984,,unfulfilled,no,USD,45.0,11.36,0.0,56.36,EXPSAVE25,15.0,Priority Mail,2018-08-04 12:57:42 -0400,1,Expancity,60.0,BGZ110192,0,Oak Creek,WI,US,Oak Creek,WI,US,Shopify Payments,0.0,Breaking Games,Low,web
#3515922317359,customer_985@example.com,985,Customer 985,,unfulfilled,no,USD,45.0,8.99,0.0,53.99,EXPSAVE25,15.0,Priority Mail,2018-08-03 13:12:34 -0400,1,Expancity,60.0,BGZ110192,0,Reston,VA,US,Reston,VA,US,Shopify Payments,0.0,Breaking Games,Low,web
#3515452489775,customer_986@example.com,986,Customer 986,,unfulfilled,no,USD,45.0,11.36,0.0,56.36,EXPSAVE25,15.0,Priority Mail,2018-08-03 11:02:20 -0400,1,Expancity,60.0,BGZ110192,0,Louisville,KY,US,Louisville,KY,US,PayPal Express Checkout,0.0,Breaking Games,Low,web
#1245372383279,customer_987@example.com,987,Customer 987,,unfulfilled,yes,USD,15.0,2.93,0.0,17.93,,0.0,First Class Package,2018-06-01 15:00:15 -0400,1,Suddenly Stoned,15.0,BGZ110265,0,Stamford,CT,US,New haven,CT,US,Shopify Payments,0.0,Breaking Games,Low,web
#1225581854767,customer_988@example.com,988,Customer 988,,unfulfilled,no,USD,20.0,3.85,0.0,23.85,,0.0,First Class Package,2018-05-24 19:08:20 -0400,1,GAME of PHONES,20.0,BGZ110229,0,Saint Clair Shores,MI,US,Saint Clair Shores,MI,US,Shopify Payments,0.0,Breaking Games,Low,web
#1223050428463,customer_989@example.com,989,Customer 989,,unfulfilled,yes,USD,25.0,7.9,0.0,32.9,,0.0,Priority Mail,2018-05-23 17:17:01 -0400,1,Re-Extinction,25.0,BGZ110355,0,Dexter,MI,US,Dexter,MI,US,Shopify Payments,0.0,Breaking Games,Low,web
#1216522485807,customer_990@example.com,990,Customer 990,,unfulfilled,no,USD,5.0,4.03,0.0,9.03,,0.0,First Class Package,2018-05-20 23:58:57 -0400,1,Asking For Trobils : RIFF RAFF CARDS,5.0,BGZ110346,0,Mesa,AZ,US,Mesa,AZ,US,Shopify Payments,0.0,Breaking Games,Low,web
#1121029292079,customer_991@example.com,991,Customer 991,,unfulfilled,no,USD,10.0,8.01,0.0,18.01,,0.0,Priority Mail,2018-04-09 11:26:47 -0400,1,POOP: The Game,10.0,BGZ1001,0,Denver,CO,US,Denver,CO,US,Shopify Payments,0.0,Breaking Games,Low,web
#1083656273967,customer_992@example.com,992,Customer 992,,unfulfilled,no,USD,20.0,7.68,2.84,30.52,,0.0,Priority Mail,2018-03-27 15:29:28 -0400,1,POOP: Brown Bag Combo,20.0,BGZ1003,0,Lee's Summit,MO,US,Chicago,IL,US,Shopify Payments,0.0,Breaking Games,Low,web
#919858675759,customer_993@example.com,993,Customer 993,,unfulfilled,yes,USD,15.0,14.63,0.0,29.63,,0.0,First Class Package International,2018-03-04 11:16:48 -0500,1,Suddenly Drunk,15.0,BGZ1370,0,Florø,,NO,Florø,,NO,Shopify Payments,0.0,Breaking Games,Low,web
#914586730543,customer_994@example.com,994,Customer 994,,unfulfilled,yes,USD,10.0,2.93,0.0,12.93,,0.0,First Class Package,2018-02-28 13:53:41 -0500,1,POOP: The Game,10.0,BGZ1001,0,NORTH PORT,FL,US,NORTH PORT,FL,US,Shopify Payments,12.93,Breaking Games,Low,web
#275721420801,customer_995@example.com,995,Customer 995,,unfulfilled,yes,USD,65.0,7.05,0.0,72.05,,0.0,Priority Mail,2018-01-04 16:04:21 -0500,3,GAME of PHONES,20.0,BGZ110229,0,Brooklyn,NY,US,Brooklyn,NY,US,Shopify Payments,0.0,Breaking Games,Low,web
#275721420801,customer_995@example.com,995,Customer 995,,,,,,,,,,,,2018-01-04 16:04:21 -0500,1,GAME of PHONES: Expansion 001 Creative Pack,5.0,BGZ110285,0,,,,,,,,,Breaking Games,,
#260584177665,customer_996@example.com,996,Customer 996,,unfulfilled,yes,USD,45.0,8.02,0.0,53.02,,0.0,Priority Mail,2017-12-31 20:27:05 -0500,1,Asking For Trobils,45.0,BGZ1343,0,Ellicott city,MD,US,Ellicott city,MD,US,Shopify Payments,0.0,Breaking Games,Low,web
#217474138113,customer_997@example.com,997,Customer 997,,unfulfilled,yes,USD,10.0,7.2,1.18,18.38,,0.0,US Standard Shipping - Zip 00000-09999,2017-12-19 20:25:35 -0500,1,POOP: The Game,10.0,BGZ1001,0,Roseland,NJ,US,Roseland,NJ,US,Shopify Payments,0.0,Breaking Games,Low,web
#216986222593,customer_998@example.com,998,Customer 998,,unfulfilled,yes,USD,10.0,14.11,0.0,24.11,,0.0,First Class Package International,2017-12-19 16:32:16 -0500,1,POOP: The Game,10.0,BGZ1001,0,athens,,GR,athens,,GR,Shopify Payments,0.0,Breaking Games,Low,web
#211000754177,customer_999@example.com,999,Customer 999,,unfulfilled,no,USD,20.0,3.81,0.0,23.81,,0.0,First Class Package,2017-12-17 12:46:15 -0500,1,GAME of PHONES,20.0,BGZ110229,0,Dearborn Heights,MI,US,Dearborn Heights,MI,US,Shopify Payments,0.0,Breaking Games,Low,web
#209498636289,customer_1000@example.com,1000,Customer 1000,,unfulfilled,yes,USD,20.0,8.7,0.0,28.7,,0.0,US Standard Shipping - Zip 10000-19999,2017-12-16 23:21:54 -0500,1,Sparkle*Kitty,20.0,BGZ110219,0,Avon,OH,US,Scranton,PA,US,Shopify Payments,0.0,Breaking Games,Low,web
#208635363329,customer_1001@example.com,1001,Customer 1001,,unfulfilled,yes,USD,20.0,23.52,0.0,43.52,,0.0,First Class Package International,2017-12-16 16:36:12 -0500,1,GAME of PHONES,20.0,BGZ110229,0,Oberbrug,,CH,Oberbrug,,CH,Shopify Payments,0.0,Breaking Games,Low,web
#208589029377,customer_1002@example.com,1002,Customer 1002,,unfulfilled,no,USD,10.0,2.87,0.0,12.87,,0.0,First Class Package,2017-12-16 16:17:58 -0500,1,POOP: The Game,10.0,BGZ1001,0,Bath,MI,US,Holt,MI,US,Shopify Payments,0.0,Breaking Games,Low,web
#206033616897,customer_1003@example.com,1003,Customer 1003,,unfulfilled,yes,USD,20.0,8.7,0.0,28.7,,0.0,US Standard Shipping - Zip 30000-39999,2017-12-15 19:01:45 -0500,1,Sparkle*Kitty,20.0,BGZ110219,0,Montgomery,AL,US,Montgomery,AL,US,Shopify Payments,0.0,Breaking Games,Low,web
#205921026049,customer_1004@example.com,1004,Customer 1004,,unfulfilled,yes,USD,20.0,3.81,0.0,23.81,,0.0,First Class Package,2017-12-15 18:12:55 -0500,1,GAME of PHONES,20.0,BGZ110229,0,Fairfax,VA,US,Fairfax,VA,US,Shopify Payments,0.0,Breaking Games,Low,web
#201481781249,customer_1005@example.com,1005,Customer 1005,,unfulfilled,yes,USD,10.0,2.87,0.9,13.77,,0.0,First Class Package,2017-12-14 10:28:44 -0500,1,POOP: The Game,10.0,BGZ1001,0,SULLIVAN,IN,US,SULLIVAN,IN,US,Shopify Payments,0.0,Breaking Games,Low,web
#194563964929,customer_1006@example.com,1006,Customer 1006,,unfulfilled,yes,USD,60.0,67.66,0.0,127.66,,0.0,Priority Mail Express International,2017-12-12 03:49:24 -0500,3,GAME of PHONES,20.0,BGZ110229,0,andorra la vella,,AD,andorra la vella,,AD,Shopify Payments,0.0,Breaking Games,Low,web
#191188140033,customer_1007@example.com,1007,Customer 1007,,unfulfilled,yes,USD,10.0,2.87,1.08,13.95,,0.0,First Class Package,2017-12-10 23:23:29 -0500,1,POOP: The Game,10.0,BGZ1001,0,Washougal,WA,US,Washougal,WA,US,Shopify Payments,0.0,Breaking Games,Low,web
#187487617025,customer_1008@example.com,1008,Customer 1008,,unfulfilled,no,USD,20.0,3.81,0.0,23.81,,0.0,First Class Package,2017-12-09 17:52:13 -0500,1,GAME of PHONES,20.0,BGZ110229,0,Dyer,AR,US,Dyer,AR,US,Shopify Payments,0.0,Breaking Games,Low,web
#174745190401,customer_1009@example.com,1009,Customer 1009,,unfulfilled,yes,USD,300.0,30.2,0.0,330.2,,0.0,US Standard Shipping - Zip 10000-19999,2017-12-06 08:19:31 -0500,12,GAME of PHONES: Expansion 001 Creative Pack,5.0,BGZ110285,0,Dagsboro,DE,US,Dagsboro,DE,US,Shopify Payments,0.0,Breaking Games,Low,web
#174745190401,customer_1009@example.com,1009,Customer 1009,,,,,,,,,,,,2017-12-06 08:19:31 -0500,12,GAME of PHONES,20.0,BGZ110229,0,,,,,,,,,Breaking Games,,
#168637366273,customer_1010@example.com,1010,Customer 1010,,unfulfilled,no,USD,20.0,4.42,0.0,24.42,,0.0,First Class Package,2017-12-04 22:35:17 -0500,1,POOP: Brown Bag Combo,20.0,BGZ1003,0,Cary,NC,US,Nashville,TN,US,Shopify Payments,0.0,Breaking Games,Low,web
#161180057601,customer_1011@example.com,1011,Customer 1011,,unfulfilled,yes,USD,20.0,11.23,1.02,32.25,,0.0,US Standard Shipping - Zip 90000-99999,2017-12-02 21:46:35 -0500,1,Sparkle*Kitty,20.0,BGZ110219,0,Marysville,WA,US,Marysville,WA,US,PayPal Express Checkout,0.0,Breaking Games,Low,web
#156011331585,customer_1012@example.com,1012,Customer 1012,,unfulfilled,yes,USD,35.0,23.52,0.0,58.52,,0.0,First Class Package International,2017-12-01 07:41:27 -0500,1,Billionaire Banshee,25.0,BGZ1549,0,Rüti (ZH),,CH,Aathal,,CH,Shopify Payments,0.0,Breaking Games,Low,web
#156011331585,customer_1012@example.com,1012,Customer 1012,,,,,,,,,,,,2017-12-01 07:41:27 -0500,1,POOP: Public Restroom Edition,10.0,BGZ1005,0,,,,,,,,,Breaking Games,,
#153875906561,customer_1013@example.com,1013,Customer 1013,,unfulfilled,yes,USD,40.0,11.2,0.0,51.2,,0.0,US Standard Shipping - Zip 00000-09999,2017-11-30 16:24:13 -0500,2,Sparkle*Kitty,20.0,BGZ110219,0,Enfield,CT,US,Enfield,CT,US,Shopify Payments,0.0,Breaking Games,Low,web
#102664404993,customer_1014@example.com,1014,Customer 1014,,unfulfilled,no,USD,40.0,8.13,0.0,48.13,,0.0,Priority Mail,2017-11-18 21:42:48 -0500,2,Sparkle*Kitty,20.0,BGZ110219,0,Philadelphia,PA,US,Silver Spring,MD,US,Shopify Payments,0.0,Breaking Games,Low,web
#97172422657,customer_1015@example.com,1015,Customer 1015,,unfulfilled,no,USD,20.0,3.81,0.0,23.81,,0.0,First Class Package,2017-11-17 14:40:45 -0500,1,GAME of PHONES,20.0,BGZ110229,0,Laurel,MT,US,Laurel,MT,US,Shopify Payments,0.0,Breaking Games,Low,web
#61076340737,customer_1016@example.com,1016,Customer 1016,,unfulfilled,no,USD,5.0,3.96,0.74,9.7,,0.0,First Class Package,2017-11-08 16:25:22 -0500,1,Asking For Trobils : RIFF RAFF CARDS,5.0,BGZ110346,0,Houston,TX,US,Houston,TX,US,Shopify Payments,0.0,Breaking Games,Low,web
#50247008257,customer_1017@example.com,1017,Customer 1017,,unfulfilled,no,USD,10.0,3.05,0.0,13.05,,0.0,First Class Package,2017-11-04 22:04:05 -0400,1,Pocket Dungeon Quest: Dont Go Alone Expansion,10.0,BGZ110138,0,Chippewa Falls,WI,US,Chippewa Falls,WI,US,Shopify Payments,0.0,Breaking Games,Low,web
#18766699009,customer_1018@example.com,1018,Customer 1018,,unfulfilled,yes,USD,17.0,8.7,1.8,27.5,SAVE15NOW,3.0,Priority Mail,2017-10-03 07:32:51 -0400,1,Sparkle*Kitty,20.0,BGZ110219,0,Brownsburg,IN,US,Brownsburg,IN,US,Shopify Payments,0.0,Breaking Games,Low,web
#18665744385,customer_1019@example.com,1019,Customer 1019,,unfulfilled,yes,USD,35.0,20.0,0.0,55.0,,0.0,USPS International Envelope,2017-09-21 09:00:28 -0400,1,Suddenly Drunk: Booster Pack,5.0,BGZ110231,0,London,,GB,London,,GB,PayPal Express Checkout,0.0,Breaking Games,Low,web
#18665744385,customer_1019@example.com,1019,Customer 1019,,,,,,,,,,,,2017-09-21 09:00:28 -0400,1,Suddenly Drunk: Sexy Expansion,15.0,BGZ1372,0,,,,,,,,,Breaking Games,,
#18665744385,customer_1019@example.com,1019,Customer 1019,,,,,,,,,,,,2017-09-21 09:00:28 -0400,1,Suddenly Drunk,15.0,BGZ1370,0,,,,,,,,,Breaking Games,,
#18529430977,customer_1020@example.com,1020,Customer 1020,,unfulfilled,no,USD,15.0,2.87,1.48,19.35,,0.0,First Class Package,2017-09-07 08:59:11 -0400,1,Suddenly Drunk: Sexy Expansion,15.0,BGZ1372,0,Euless,TX,US,Euless,TX,US,PayPal Express Checkout,0.0,Breaking Games,Low,web
#18500083009,customer_1021@example.com,1021,Customer 1021,,unfulfilled,yes,USD,18.0,31.66,5.02,54.68,PAXWEST17,2.0,Priority Mail Express,2017-09-04 15:42:20 -0400,1,Sparkle*Kitty,20.0,BGZ110219,0,Seattle,WA,US,Seattle,WA,US,Shopify Payments,54.68,Breaking Games,Low,web
#18458809665,customer_1022@example.com,1022,Customer 1022,,unfulfilled,no,USD,40.5,8.73,0.0,49.23,TAKE10NOW,4.5,US Standard Shipping - Zip 80000-89999,2017-09-01 04:14:05 -0400,1,Asking For Trobils,45.0,BGZ1343,0,Maricopa,AZ,US,Maricopa,AZ,US,Shopify Payments,0.0,Breaking Games,Low,web
#18436212993,customer_1023@example.com,1023,Customer 1023,,unfulfilled,yes,USD,18.0,2.87,0.0,20.87,GENCON17,2.0,First Class Package,2017-08-29 13:43:32 -0400,1,Sparkle*Kitty,20.0,BGZ110219,0,Fort Bragg,NC,US,Fort Bragg,NC,US,Shopify Payments,0.0,Breaking Games,Low,web
#18398871489,customer_1024@example.com,1024,Customer 1024,,unfulfilled,yes,USD,45.0,8.73,3.26,56.99,,0.0,US Standard Shipping - Zip 90000-99999,2017-08-24 10:19:25 -0400,1,Asking For Trobils,45.0,BGZ1343,0,Oakland,CA,US,Oakland,CA,US,Shopify Payments,0.0,Breaking Games,Low,web
#18199527297,customer_1025@example.com,1025,Customer 1025,,unfulfilled,no,USD,20.0,4.58,0.0,24.58,,0.0,First Class Package,2017-08-01 08:25:07 -0400,1,GAME of PHONES,20.0,BGZ110229,0,Milwaukee,WI,US,Milwaukee,WI,US,Shopify Payments,0.0,Breaking Games,Low,web
#18137867713,customer_1026@example.com,1026,Customer 1026,,unfulfilled,no,USD,45.0,6.2,0.0,51.2,,0.0,US Standard Shipping - Zip 10000-19999,2017-07-24 22:22:46 -0400,1,Asking For Trobils,45.0,BGZ1343,0,Toronto,ON,CA,New York,NY,US,Shopify Payments,0.0,Breaking Games,Low,web
#17725225473,customer_1027@example.com,1027,Customer 1027,,unfulfilled,yes,USD,80.0,12.73,0.0,92.73,,0.0,US Standard Shipping - Zip 90000-99999,2017-06-13 21:30:04 -0400,4,GAME of PHONES,20.0,BGZ110229,0,Escondido,CA,US,Escondido,CA,US,PayPal Express Checkout,0.0,Breaking Games,Low,web
#16631709633,customer_1028@example.com,1028,Customer 1028,,unfulfilled,no,USD,20.0,4.58,0.0,24.58,,0.0,First Class Package,2017-05-01 10:29:10 -0400,1,GAME of PHONES,20.0,BGZ110229,0,Washington,DC,US,Washington,DC,US,Shopify Payments,0.0,Breaking Games,Low,web
#16549683393,customer_1029@example.com,1029,Customer 1029,,unfulfilled,yes,USD,20.0,10.0,0.0,30.0,,0.0,USPS International Envelope,2017-04-21 14:54:09 -0400,1,GAME of PHONES,20.0,BGZ110229,0,Faiha,,KW,Faiha,,KW,Shopify Payments,0.0,Breaking Games,Low,web
#15989127361,customer_1030@example.com,1030,Customer 1030,,unfulfilled,no,USD,10.0,3.05,0.0,13.05,,0.0,First Class Package,2017-03-18 22:01:59 -0400,1,Pocket Dungeon Quest: Dont Go Alone Expansion,10.0,BGZ110138,0,Saint Louis,MO,US,St. Louis,MO,US,PayPal Express Checkout,0.0,Breaking Games,Low,web
#15417340993,customer_1031@example.com,1031,Customer 1031,,unfulfilled,no,USD,128.0,14.48,0.0,142.48,GoP20,32.0,US Standard Shipping - Zip 70000-79999,2017-01-19 12:14:10 -0500,8,GAME of PHONES,20.0,BGZ110229,0,Bossier City,LA,US,Bossier City,LA,US,Shopify Payments,0.0,Breaking Games,Low,web
#15214798721,customer_1032@example.com,1032,Customer 1032,,unfulfilled,yes,USD,60.0,16.23,0.0,76.23,,0.0,US Standard Shipping - Zip 90000-99999,2016-12-19 12:32:46 -0500,3,POOP: Brown Bag Combo,20.0,BGZ1003,0,San Ramon,CA,US,San Ramon,CA,US,Shopify Payments,0.0,Breaking Games,Low,web
#15212145281,customer_1033@example.com,1033,Customer 1033,,unfulfilled,yes,USD,25.0,23.72,0.0,48.72,,0.0,FedEx Express Saver,2016-12-19 00:36:37 -0500,1,Circular Reasoning,25.0,BGZ1070,0,Clinton,MS,US,Clinton,MS,US,Shopify Payments,0.0,Breaking Games,Low,web
#15207056321,customer_1034@example.com,1034,Customer 1034,,unfulfilled,yes,USD,20.0,18.95,0.0,38.95,,0.0,FedEx Express Saver,2016-12-18 10:18:17 -0500,1,Game of Phones,20.0,BGZ110229,0,Grayson,GA,US,Grayson,GA,US,PayPal Express Checkout,0.0,Breaking Games,Low,web
#15203369601,customer_1035@example.com,1035,Customer 1035,,unfulfilled,yes,USD,40.0,8.2,0.0,48.2,,0.0,US Standard Shipping - Zip 10000-19999,2016-12-17 17:38:09 -0500,2,Game of Phones,20.0,BGZ110229,0,Berwyn,PA,US,Berwyn,PA,US,Shopify Payments,0.0,Breaking Games,Low,web
#15196291073,customer_1036@example.com,1036,Customer 1036,,unfulfilled,yes,USD,20.0,7.2,0.0,27.2,,0.0,US Standard Shipping - Zip 00000-09999,2016-12-16 19:19:44 -0500,1,Game of Phones,20.0,BGZ110229,0,Tiverton,RI,US,Tiverton,RI,US,Shopify Payments,0.0,Breaking Games,Low,web
#15189355329,customer_1037@example.com,1037,Customer 1037,,unfulfilled,no,USD,20.0,9.73,0.0,29.73,,0.0,US Standard Shipping - Zip 90000-99999,2016-12-15 20:45:54 -0500,1,Game of Phones,20.0,BGZ110229,0,Pasadena,CA,US,Pasadena,CA,US,Shopify Payments,0.0,Breaking Games,Low,web
#15186654017,customer_1038@example.com,1038,Customer 1038,,unfulfilled,yes,USD,20.0,7.2,0.0,27.2,,0.0,US Standard Shipping - Zip 10000-19999,2016-12-15 14:10:48 -0500,1,Game of Phones,20.0,BGZ110229,0,Norristown,PA,US,Norristown,PA,US,Shopify Payments,0.0,Breaking Games,Low,web
#15182373953,customer_1039@example.com,1039,Customer 1039,,unfulfilled,yes,USD,40.0,20.67,0.0,60.67,,0.0,FedEx 2 Day,2016-12-14 23:14:35 -0500,1,The Game of 49,20.0,BGZ1049,0,Gasport,NY,US,Gasport,NY,US,Shopify Payments,0.0,Breaking Games,Low,web
#15182373953,customer_1039@example.com,1039,Customer 1039,,,,,,,,,,,,2016-12-14 23:14:35 -0500,1,POOP: Brown Bag Combo,20.0,BGZ1003,0,,,,,,,,,Breaking Games,,
#15181943681,customer_1040@example.com,1040,Customer 1040,,unfulfilled,no,USD,15.0,7.2,0.0,22.2,NEWYEAR,5.0,US Standard Shipping - Zip 10000-19999,2016-12-14 22:12:25 -0500,1,Game of Phones,20.0,BGZ110229,0,Lima,NY,US,Lima,NY,US,Shopify Payments,0.0,Breaking Games,Low,web
#15180419713,customer_1041@example.com,1041,Customer 1041,,unfulfilled,no,USD,45.0,18.95,0.0,63.95,,0.0,FedEx Express Saver,2016-12-14 18:53:13 -0500,1,The Game of 49,20.0,BGZ1049,0,Ocoee,FL,US,Ocoee,FL,US,Shopify Payments,0.0,Breaking Games,Low,web
#15180419713,customer_1041@example.com,1041,Customer 1041,,,,,,,,,,,,2016-12-14 18:53:13 -0500,1,Circular Reasoning,25.0,BGZ1070,0,,,,,,,,,Breaking Games,,
#15153156609,customer_1042@example.com,1042,Customer 1042,,unfulfilled,no,USD,17.0,8.7,0.0,25.7,12GAMES,3.0,US Standard Shipping - Zip 10000-19999,2016-12-11 10:18:01 -0500,1,POOP: Brown Bag Combo,20.0,BGZ1003,0,New York,NY,US,New York,NY,US,Shopify Payments,0.0,Breaking Games,Low,web
#15140807169,customer_1043@example.com,1043,Customer 1043,,unfulfilled,no,USD,20.0,9.73,0.0,29.73,,0.0,US Standard Shipping - Zip 90000-99999,2016-12-09 18:29:42 -0500,1,Game of Phones,20.0,BGZ110229,0,San Francisco,CA,US,San Francisco,CA,US,Shopify Payments,0.0,Breaking Games,Low,web
#15130504449,customer_1044@example.com,1044,Customer 1044,,unfulfilled,yes,USD,34.0,8.2,2.95,45.15,12GAMES,6.0,US Standard Shipping - Zip 00000-09999,2016-12-08 18:08:40 -0500,2,Game of Phones,20.0,BGZ110229,0,Holmdel,NJ,US,Holmdel,NJ,US,Shopify Payments,0.0,Breaking Games,Low,web
#15114175489,customer_1045@example.com,1045,Customer 1045,,unfulfilled,no,USD,20.0,11.23,0.0,31.23,,0.0,US Standard Shipping - Zip 80000-89999,2016-12-06 20:52:15 -0500,1,POOP: Brown Bag Combo,20.0,BGZ1003,0,Soda Springs,ID,US,Driggs,ID,US,Shopify Payments,0.0,Breaking Games,Low,web
#15103260673,customer_1046@example.com,1046,Customer 1046,,unfulfilled,yes,USD,20.0,9.59,0.0,29.59,,0.0,US Standard Shipping - Zip 20000-29999,2016-12-05 12:49:58 -0500,1,Game of Phones,20.0,BGZ110229,0,Glen Allen,VA,US,Glen Allen,VA,US,Shopify Payments,0.0,Breaking Games,Low,web
#14927150977,customer_1047@example.com,1047,Customer 1047,,unfulfilled,yes,USD,10.0,9.59,1.37,20.96,,0.0,US Standard Shipping - Zip 40000-49999,2016-11-26 13:30:44 -0500,1,POOP: Public Restroom Edition,10.0,BGZ1005,0,"INDIANAPOLIS,",IN,US,"INDIANAPOLIS, ",IN,US,PayPal Express Checkout,0.0,Breaking Games,Low,web
#14636751553,customer_1048@example.com,1048,Customer 1048,,unfulfilled,no,USD,51.0,8.7,0.0,59.7,BGSCARY15,9.0,US Standard Shipping - Zip 00000-09999,2016-10-29 06:37:03 -0400,1,Moonquake Escape,60.0,BGZ1355,0,Revere,MA,US,Revere,MA,US,Shopify Payments,0.0,Breaking Games,Low,web
#12545166311471,customer_1049@example.com,1049,Customer 1049,,unfulfilled,no,USD,35.0,0.0,3.59,38.59,,0.0,Free Shipping On Orders $20 Or More,2020-06-02 13:09:09 -0400,1,MIXTAPE,20.0,BGZ110347,0,Lisle,IL,US,Lisle,IL,US,Shopify Payments,0.0,Breaking Games,Low,web
#12545166311471,customer_1049@example.com,1049,Customer 1049,,,,,,,,,,,,2020-06-02 13:09:09 -0400,1,Stripes,15.0,BGZ110339,0,,,,,,,,,Breaking Games,,
